season,date,week,playoff,neutral,team1,team2,score1,score2,sp_home,sp_home_name,sp_away_name
1966,1966-09-02,1,0,0,MIA,OAK,14,23,MIA,Miami Dolphins,Oakland Raiders
1966,1966-09-03,1,0,0,TEN,DEN,45,7,TEN,Houston Oilers,Denver Broncos
1966,1966-09-04,1,0,0,LAC,BUF,27,7,LAC,San Diego Chargers,Buffalo Bills
1966,1966-09-09,2,0,0,MIA,NYJ,14,19,MIA,Miami Dolphins,New York Jets
1966,1966-09-10,2,0,0,LAC,NE,24,0,LAC,San Diego Chargers,New England Patriots
1966,1966-09-10,1,0,0,GB,IND,24,3,GB,Green Bay Packers,Baltimore Colts
1966,1966-09-10,2,0,0,TEN,OAK,31,0,TEN,Houston Oilers,Oakland Raiders
1966,1966-09-11,1,0,0,ATL,LAR,14,19,ATL,Atlanta Falcons,Los Angeles Rams
1966,1966-09-11,1,0,0,PIT,NYG,34,34,PIT,Pittsburgh Steelers,New York Giants
1966,1966-09-11,1,0,0,WSH,CLE,14,38,WSH,Washington Redskins,Cleveland Browns
1966,1966-09-11,2,0,0,BUF,KC,20,42,BUF,Buffalo Bills,Kansas City Chiefs
1966,1966-09-11,1,0,0,SF,MIN,20,20,SF,San Francisco 49ers,Minnesota Vikings
1966,1966-09-11,1,0,0,ARI,PHI,16,13,ARI,St. Louis Cardinals,Philadelphia Eagles
1966,1966-09-11,1,0,0,DET,CHI,14,3,DET,Detroit Lions,Chicago Bears
1966,1966-09-16,2,0,0,LAR,CHI,31,17,LAR,Los Angeles Rams,Chicago Bears
1966,1966-09-18,3,0,0,OAK,KC,10,32,OAK,Oakland Raiders,Kansas City Chiefs
1966,1966-09-18,3,0,0,DEN,NE,10,24,DEN,Denver Broncos,New England Patriots
1966,1966-09-18,2,0,0,MIN,IND,23,38,MIN,Minnesota Vikings,Baltimore Colts
1966,1966-09-18,2,0,0,ARI,WSH,23,7,ARI,St. Louis Cardinals,Washington Redskins
1966,1966-09-18,3,0,0,NYJ,TEN,52,13,NYJ,New York Jets,Houston Oilers
1966,1966-09-18,2,0,0,DAL,NYG,52,7,DAL,Dallas Cowboys,New York Giants
1966,1966-09-18,3,0,0,BUF,MIA,58,24,BUF,Buffalo Bills,Miami Dolphins
1966,1966-09-18,2,0,0,CLE,GB,20,21,CLE,Cleveland Browns,Green Bay Packers
1966,1966-09-18,2,0,0,PIT,DET,17,3,PIT,Pittsburgh Steelers,Detroit Lions
1966,1966-09-18,2,0,0,PHI,ATL,23,10,PHI,Philadelphia Eagles,Atlanta Falcons
1966,1966-09-25,3,0,0,GB,LAR,24,13,GB,Green Bay Packers,Los Angeles Rams
1966,1966-09-25,4,0,0,BUF,TEN,27,20,BUF,Buffalo Bills,Houston Oilers
1966,1966-09-25,3,0,0,PIT,WSH,27,33,PIT,Pittsburgh Steelers,Washington Redskins
1966,1966-09-25,4,0,0,OAK,LAC,20,29,OAK,Oakland Raiders,San Diego Chargers
1966,1966-09-25,3,0,0,PHI,NYG,35,17,PHI,Philadelphia Eagles,New York Giants
1966,1966-09-25,3,0,0,DAL,MIN,28,17,DAL,Dallas Cowboys,Minnesota Vikings
1966,1966-09-25,3,0,0,DET,ATL,28,10,DET,Detroit Lions,Atlanta Falcons
1966,1966-09-25,3,0,0,IND,SF,36,14,IND,Baltimore Colts,San Francisco 49ers
1966,1966-09-25,4,0,0,DEN,NYJ,7,16,DEN,Denver Broncos,New York Jets
1966,1966-09-25,4,0,0,NE,KC,24,43,NE,Boston Patriots,Kansas City Chiefs
1966,1966-09-25,3,0,0,CLE,ARI,28,34,CLE,Cleveland Browns,St. Louis Cardinals
1966,1966-09-30,4,0,0,LAR,SF,34,3,LAR,Los Angeles Rams,San Francisco 49ers
1966,1966-10-02,4,0,0,WSH,PIT,24,10,WSH,Washington Redskins,Pittsburgh Steelers
1966,1966-10-02,5,0,0,LAC,MIA,44,10,LAC,San Diego Chargers,Miami Dolphins
1966,1966-10-02,4,0,0,MIN,CHI,10,13,MIN,Minnesota Vikings,Chicago Bears
1966,1966-10-02,5,0,0,DEN,TEN,40,38,DEN,Denver Broncos,Houston Oilers
1966,1966-10-02,5,0,0,NE,NYJ,24,24,NE,Boston Patriots,New York Jets
1966,1966-10-02,4,0,0,GB,DET,23,14,GB,Green Bay Packers,Detroit Lions
1966,1966-10-02,4,0,0,ATL,DAL,14,47,ATL,Atlanta Falcons,Dallas Cowboys
1966,1966-10-02,4,0,0,PHI,ARI,10,41,PHI,Philadelphia Eagles,St. Louis Cardinals
1966,1966-10-02,4,0,0,NYG,CLE,7,28,NYG,New York Giants,Cleveland Browns
1966,1966-10-02,5,0,0,KC,BUF,14,29,KC,Kansas City Chiefs,Buffalo Bills
1966,1966-10-08,5,0,0,CLE,PIT,41,10,CLE,Cleveland Browns,Pittsburgh Steelers
1966,1966-10-08,6,0,0,BUF,NE,10,20,BUF,Buffalo Bills,New England Patriots
1966,1966-10-08,6,0,0,KC,DEN,37,10,KC,Kansas City Chiefs,Denver Broncos
1966,1966-10-08,6,0,0,NYJ,LAC,17,16,NYJ,New York Jets,San Diego Chargers
1966,1966-10-09,5,0,0,ARI,NYG,24,19,ARI,St. Louis Cardinals,New York Giants
1966,1966-10-09,6,0,0,OAK,MIA,21,10,OAK,Oakland Raiders,Miami Dolphins
1966,1966-10-09,5,0,0,SF,GB,21,20,SF,San Francisco 49ers,Green Bay Packers
1966,1966-10-09,5,0,0,WSH,ATL,33,20,WSH,Washington Redskins,Atlanta Falcons
1966,1966-10-09,5,0,0,DET,LAR,7,14,DET,Detroit Lions,Los Angeles Rams
1966,1966-10-09,5,0,0,CHI,IND,27,17,CHI,Chicago Bears,Baltimore Colts
1966,1966-10-09,5,0,0,DAL,PHI,56,7,DAL,Dallas Cowboys,Philadelphia Eagles
1966,1966-10-16,6,0,0,PIT,PHI,14,31,PIT,Pittsburgh Steelers,Philadelphia Eagles
1966,1966-10-16,7,0,0,TEN,NYJ,24,0,TEN,Houston Oilers,New York Jets
1966,1966-10-16,6,0,0,CHI,GB,0,17,CHI,Chicago Bears,Green Bay Packers
1966,1966-10-16,6,0,0,IND,DET,45,14,IND,Baltimore Colts,Detroit Lions
1966,1966-10-16,6,0,0,ARI,DAL,10,10,ARI,St. Louis Cardinals,Dallas Cowboys
1966,1966-10-16,7,0,0,MIA,DEN,24,7,MIA,Miami Dolphins,Denver Broncos
1966,1966-10-16,6,0,0,MIN,LAR,35,7,MIN,Minnesota Vikings,Los Angeles Rams
1966,1966-10-16,7,0,0,BUF,LAC,17,17,BUF,Buffalo Bills,San Diego Chargers
1966,1966-10-16,6,0,0,NYG,WSH,13,10,NYG,New York Giants,Washington Redskins
1966,1966-10-16,6,0,0,ATL,SF,7,44,ATL,Atlanta Falcons,San Francisco 49ers
1966,1966-10-16,7,0,0,KC,OAK,13,34,KC,Kansas City Chiefs,Oakland Raiders
1966,1966-10-23,7,0,0,NYG,PHI,3,31,NYG,New York Giants,Philadelphia Eagles
1966,1966-10-23,8,0,0,NE,LAC,35,17,NE,Boston Patriots,San Diego Chargers
1966,1966-10-23,8,0,0,NYJ,OAK,21,24,NYJ,New York Jets,Oakland Raiders
1966,1966-10-23,7,0,0,IND,MIN,20,17,IND,Baltimore Colts,Minnesota Vikings
1966,1966-10-23,8,0,0,TEN,MIA,13,20,TEN,Houston Oilers,Miami Dolphins
1966,1966-10-23,8,0,0,DEN,KC,10,56,DEN,Denver Broncos,Kansas City Chiefs
1966,1966-10-23,7,0,0,SF,DET,27,24,SF,San Francisco 49ers,Detroit Lions
1966,1966-10-23,7,0,0,CLE,DAL,30,21,CLE,Cleveland Browns,Dallas Cowboys
1966,1966-10-23,7,0,0,GB,ATL,56,3,GB,Green Bay Packers,Atlanta Falcons
1966,1966-10-23,7,0,0,CHI,LAR,17,10,CHI,Chicago Bears,Los Angeles Rams
1966,1966-10-23,7,0,0,WSH,ARI,26,20,WSH,Washington Redskins,St. Louis Cardinals
1966,1966-10-30,8,0,0,DET,GB,7,31,DET,Detroit Lions,Green Bay Packers
1966,1966-10-30,9,0,0,LAC,DEN,24,17,LAC,San Diego Chargers,Denver Broncos
1966,1966-10-30,9,0,0,NYJ,BUF,23,33,NYJ,New York Jets,Buffalo Bills
1966,1966-10-30,9,0,0,KC,TEN,48,23,KC,Kansas City Chiefs,Houston Oilers
1966,1966-10-30,8,0,0,PHI,WSH,13,27,PHI,Philadelphia Eagles,Washington Redskins
1966,1966-10-30,8,0,0,MIN,SF,28,3,MIN,Minnesota Vikings,San Francisco 49ers
1966,1966-10-30,9,0,0,NE,OAK,24,21,NE,Boston Patriots,Oakland Raiders
1966,1966-10-30,8,0,0,LAR,IND,3,17,LAR,Los Angeles Rams,Baltimore Colts
1966,1966-10-30,8,0,0,DAL,PIT,52,21,DAL,Dallas Cowboys,Pittsburgh Steelers
1966,1966-10-30,8,0,0,ATL,CLE,17,49,ATL,Atlanta Falcons,Cleveland Browns
1966,1966-10-31,8,0,0,ARI,CHI,24,17,ARI,St. Louis Cardinals,Chicago Bears
1966,1966-11-06,9,0,0,PHI,DAL,24,23,PHI,Philadelphia Eagles,Dallas Cowboys
1966,1966-11-06,9,0,0,GB,MIN,17,20,GB,Green Bay Packers,Minnesota Vikings
1966,1966-11-06,10,0,0,NE,DEN,10,17,NE,Boston Patriots,Denver Broncos
1966,1966-11-06,10,0,0,OAK,TEN,38,23,OAK,Oakland Raiders,Houston Oilers
1966,1966-11-06,9,0,0,NYG,ARI,17,20,NYG,New York Giants,St. Louis Cardinals
1966,1966-11-06,9,0,0,PIT,CLE,16,6,PIT,Pittsburgh Steelers,Cleveland Browns
1966,1966-11-06,10,0,0,MIA,BUF,0,29,MIA,Miami Dolphins,Buffalo Bills
1966,1966-11-06,9,0,0,SF,LAR,21,13,SF,San Francisco 49ers,Los Angeles Rams
1966,1966-11-06,10,0,0,KC,LAC,24,14,KC,Kansas City Chiefs,San Diego Chargers
1966,1966-11-06,9,0,0,CHI,DET,10,10,CHI,Chicago Bears,Detroit Lions
1966,1966-11-06,9,0,0,IND,WSH,37,10,IND,Baltimore Colts,Washington Redskins
1966,1966-11-13,10,0,0,ATL,IND,7,19,ATL,Atlanta Falcons,Baltimore Colts
1966,1966-11-13,10,0,0,PIT,ARI,30,9,PIT,Pittsburgh Steelers,St. Louis Cardinals
1966,1966-11-13,10,0,0,WSH,DAL,30,31,WSH,Washington Redskins,Dallas Cowboys
1966,1966-11-13,11,0,0,NE,TEN,27,21,NE,Boston Patriots,Houston Oilers
1966,1966-11-13,10,0,0,CLE,PHI,27,7,CLE,Cleveland Browns,Philadelphia Eagles
1966,1966-11-13,10,0,0,CHI,SF,30,30,CHI,Chicago Bears,San Francisco 49ers
1966,1966-11-13,11,0,0,KC,MIA,34,16,KC,Kansas City Chiefs,Miami Dolphins
1966,1966-11-13,11,0,0,LAC,OAK,19,41,LAC,San Diego Chargers,Oakland Raiders
1966,1966-11-13,10,0,0,LAR,NYG,55,14,LAR,Los Angeles Rams,New York Giants
1966,1966-11-13,11,0,0,BUF,NYJ,14,3,BUF,Buffalo Bills,New York Jets
1966,1966-11-13,10,0,0,MIN,DET,31,32,MIN,Minnesota Vikings,Detroit Lions
1966,1966-11-20,11,0,0,CLE,WSH,14,3,CLE,Cleveland Browns,Washington Redskins
1966,1966-11-20,12,0,0,DEN,OAK,3,17,DEN,Denver Broncos,Oakland Raiders
1966,1966-11-20,11,0,0,SF,PHI,34,35,SF,San Francisco 49ers,Philadelphia Eagles
1966,1966-11-20,12,0,0,KC,NE,27,27,KC,Kansas City Chiefs,New England Patriots
1966,1966-11-20,12,0,0,NYJ,MIA,30,13,NYJ,New York Jets,Miami Dolphins
1966,1966-11-20,11,0,0,DET,IND,20,14,DET,Detroit Lions,Baltimore Colts
1966,1966-11-20,11,0,0,GB,CHI,13,6,GB,Green Bay Packers,Chicago Bears
1966,1966-11-20,12,0,0,TEN,BUF,20,42,TEN,Houston Oilers,Buffalo Bills
1966,1966-11-20,11,0,0,LAR,MIN,21,6,LAR,Los Angeles Rams,Minnesota Vikings
1966,1966-11-20,11,0,0,NYG,ATL,16,27,NYG,New York Giants,Atlanta Falcons
1966,1966-11-20,11,0,0,PIT,DAL,7,20,PIT,Pittsburgh Steelers,Dallas Cowboys
1966,1966-11-24,13,0,0,OAK,BUF,10,31,OAK,Oakland Raiders,Buffalo Bills
1966,1966-11-24,12,0,0,DAL,CLE,26,14,DAL,Dallas Cowboys,Cleveland Browns
1966,1966-11-24,12,0,0,DET,SF,14,41,DET,Detroit Lions,San Francisco 49ers
1966,1966-11-27,13,0,0,NYJ,KC,24,32,NYJ,New York Jets,Kansas City Chiefs
1966,1966-11-27,12,0,0,IND,LAR,7,23,IND,Baltimore Colts,Los Angeles Rams
1966,1966-11-27,13,0,0,DEN,LAC,20,17,DEN,Denver Broncos,San Diego Chargers
1966,1966-11-27,12,0,0,ARI,PIT,6,3,ARI,St. Louis Cardinals,Pittsburgh Steelers
1966,1966-11-27,13,0,0,MIA,NE,14,20,MIA,Miami Dolphins,New England Patriots
1966,1966-11-27,12,0,0,MIN,GB,16,28,MIN,Minnesota Vikings,Green Bay Packers
1966,1966-11-27,12,0,0,CHI,ATL,23,6,CHI,Chicago Bears,Atlanta Falcons
1966,1966-11-27,12,0,0,WSH,NYG,72,41,WSH,Washington Redskins,New York Giants
1966,1966-12-03,14,0,0,OAK,NYJ,28,28,OAK,Oakland Raiders,New York Jets
1966,1966-12-04,13,0,0,PHI,PIT,27,23,PHI,Philadelphia Eagles,Pittsburgh Steelers
1966,1966-12-04,13,0,0,CLE,NYG,49,40,CLE,Cleveland Browns,New York Giants
1966,1966-12-04,14,0,0,TEN,LAC,22,28,TEN,Houston Oilers,San Diego Chargers
1966,1966-12-04,13,0,0,DAL,ARI,31,17,DAL,Dallas Cowboys,St. Louis Cardinals
1966,1966-12-04,14,0,0,DEN,MIA,17,7,DEN,Denver Broncos,Miami Dolphins
1966,1966-12-04,13,0,0,IND,CHI,21,16,IND,Baltimore Colts,Chicago Bears
1966,1966-12-04,14,0,0,NE,BUF,14,3,NE,Boston Patriots,Buffalo Bills
1966,1966-12-04,13,0,0,MIN,ATL,13,20,MIN,Minnesota Vikings,Atlanta Falcons
1966,1966-12-04,13,0,0,LAR,DET,23,3,LAR,Los Angeles Rams,Detroit Lions
1966,1966-12-04,13,0,0,GB,SF,20,7,GB,Green Bay Packers,San Francisco 49ers
1966,1966-12-10,14,0,0,IND,GB,10,14,IND,Baltimore Colts,Green Bay Packers
1966,1966-12-11,14,0,0,DAL,WSH,31,34,DAL,Dallas Cowboys,Washington Redskins
1966,1966-12-11,14,0,0,NYG,PIT,28,47,NYG,New York Giants,Pittsburgh Steelers
1966,1966-12-11,15,0,0,TEN,NE,14,38,TEN,Houston Oilers,New England Patriots
1966,1966-12-11,15,0,0,MIA,KC,18,19,MIA,Miami Dolphins,Kansas City Chiefs
1966,1966-12-11,15,0,0,OAK,DEN,28,10,OAK,Oakland Raiders,Denver Broncos
1966,1966-12-11,14,0,0,ATL,ARI,16,10,ATL,Atlanta Falcons,St. Louis Cardinals
1966,1966-12-11,14,0,0,PHI,CLE,33,21,PHI,Philadelphia Eagles,Cleveland Browns
1966,1966-12-11,14,0,0,SF,CHI,41,14,SF,San Francisco 49ers,Chicago Bears
1966,1966-12-11,15,0,0,LAC,NYJ,42,27,LAC,San Diego Chargers,New York Jets
1966,1966-12-11,14,0,0,DET,MIN,16,28,DET,Detroit Lions,Minnesota Vikings
1966,1966-12-17,15,0,0,ARI,CLE,10,38,ARI,St. Louis Cardinals,Cleveland Browns
1966,1966-12-17,16,0,0,NYJ,NE,38,28,NYJ,New York Jets,New England Patriots
1966,1966-12-18,16,0,0,MIA,TEN,29,28,MIA,Miami Dolphins,Houston Oilers
1966,1966-12-18,16,0,0,BUF,DEN,38,21,BUF,Buffalo Bills,Denver Broncos
1966,1966-12-18,15,0,0,SF,IND,14,30,SF,San Francisco 49ers,Baltimore Colts
1966,1966-12-18,15,0,0,ATL,PIT,33,57,ATL,Atlanta Falcons,Pittsburgh Steelers
1966,1966-12-18,15,0,0,WSH,PHI,28,37,WSH,Washington Redskins,Philadelphia Eagles
1966,1966-12-18,16,0,0,LAC,KC,17,27,LAC,San Diego Chargers,Kansas City Chiefs
1966,1966-12-18,15,0,0,LAR,GB,23,27,LAR,Los Angeles Rams,Green Bay Packers
1966,1966-12-18,15,0,0,CHI,MIN,41,28,CHI,Chicago Bears,Minnesota Vikings
1966,1966-12-18,15,0,0,NYG,DAL,7,17,NYG,New York Giants,Dallas Cowboys
1966,1967-01-01,Conference,1,0,BUF,KC,7,31,BUF,Buffalo Bills,Kansas City Chiefs
1966,1967-01-01,Conference,1,0,DAL,GB,27,34,DAL,Dallas Cowboys,Green Bay Packers
1966,1967-01-15,Superbowl,1,1,KC,GB,10,35,GB,Green Bay Packers,Kansas City Chiefs
1967,1967-09-03,1,0,0,DEN,NE,26,21,DEN,Denver Broncos,New England Patriots
1967,1967-09-09,2,0,0,TEN,KC,20,25,TEN,Houston Oilers,Kansas City Chiefs
1967,1967-09-09,2,0,0,LAC,NE,28,14,LAC,San Diego Chargers,New England Patriots
1967,1967-09-10,2,0,0,OAK,DEN,51,0,OAK,Oakland Raiders,Denver Broncos
1967,1967-09-10,2,0,0,BUF,NYJ,20,17,BUF,Buffalo Bills,New York Jets
1967,1967-09-17,1,0,0,GB,DET,17,17,GB,Green Bay Packers,Detroit Lions
1967,1967-09-17,1,0,0,PHI,WSH,35,24,PHI,Philadelphia Eagles,Washington Redskins
1967,1967-09-17,1,0,0,IND,ATL,38,31,IND,Baltimore Colts,Atlanta Falcons
1967,1967-09-17,3,0,0,MIA,DEN,35,21,MIA,Miami Dolphins,Denver Broncos
1967,1967-09-17,1,0,0,CLE,DAL,14,21,CLE,Cleveland Browns,Dallas Cowboys
1967,1967-09-17,1,0,0,PIT,CHI,41,13,PIT,Pittsburgh Steelers,Chicago Bears
1967,1967-09-17,3,0,0,OAK,NE,35,7,OAK,Oakland Raiders,New England Patriots
1967,1967-09-17,1,0,0,NO,LAR,13,27,NO,New Orleans Saints,Los Angeles Rams
1967,1967-09-17,1,0,0,ARI,NYG,20,37,ARI,St. Louis Cardinals,New York Giants
1967,1967-09-17,3,0,0,BUF,TEN,3,20,BUF,Buffalo Bills,Houston Oilers
1967,1967-09-17,1,0,0,MIN,SF,21,27,MIN,Minnesota Vikings,San Francisco 49ers
1967,1967-09-22,2,0,0,LAR,MIN,39,3,LAR,Los Angeles Rams,Minnesota Vikings
1967,1967-09-24,4,0,0,BUF,NE,0,23,BUF,Buffalo Bills,New England Patriots
1967,1967-09-24,2,0,0,GB,CHI,13,10,GB,Green Bay Packers,Chicago Bears
1967,1967-09-24,2,0,0,NO,WSH,10,30,NO,New Orleans Saints,Washington Redskins
1967,1967-09-24,4,0,0,LAC,TEN,13,3,LAC,San Diego Chargers,Houston Oilers
1967,1967-09-24,4,0,0,DEN,NYJ,24,38,DEN,Denver Broncos,New York Jets
1967,1967-09-24,2,0,0,DAL,NYG,38,24,DAL,Dallas Cowboys,New York Giants
1967,1967-09-24,4,0,0,MIA,KC,0,24,MIA,Miami Dolphins,Kansas City Chiefs
1967,1967-09-24,2,0,0,SF,ATL,38,7,SF,San Francisco 49ers,Atlanta Falcons
1967,1967-09-24,2,0,0,DET,CLE,31,14,DET,Detroit Lions,Cleveland Browns
1967,1967-09-24,2,0,0,PHI,IND,6,38,PHI,Philadelphia Eagles,Baltimore Colts
1967,1967-09-24,2,0,0,PIT,ARI,14,28,PIT,Pittsburgh Steelers,St. Louis Cardinals
1967,1967-10-01,3,0,0,PHI,PIT,34,24,PHI,Philadelphia Eagles,Pittsburgh Steelers
1967,1967-10-01,3,0,0,IND,SF,41,7,IND,Baltimore Colts,San Francisco 49ers
1967,1967-10-01,3,0,0,WSH,NYG,38,34,WSH,Washington Redskins,New York Giants
1967,1967-10-01,5,0,0,BUF,LAC,17,37,BUF,Buffalo Bills,San Diego Chargers
1967,1967-10-01,3,0,0,MIN,CHI,7,17,MIN,Minnesota Vikings,Chicago Bears
1967,1967-10-01,5,0,0,NYJ,MIA,29,7,NYJ,New York Jets,Miami Dolphins
1967,1967-10-01,5,0,0,OAK,KC,23,21,OAK,Oakland Raiders,Kansas City Chiefs
1967,1967-10-01,3,0,0,ARI,DET,38,28,ARI,St. Louis Cardinals,Detroit Lions
1967,1967-10-01,5,0,0,TEN,DEN,10,6,TEN,Houston Oilers,Denver Broncos
1967,1967-10-01,3,0,0,NO,CLE,7,42,NO,New Orleans Saints,Cleveland Browns
1967,1967-10-01,3,0,0,GB,ATL,23,0,GB,Green Bay Packers,Atlanta Falcons
1967,1967-10-01,3,0,0,DAL,LAR,13,35,DAL,Dallas Cowboys,Los Angeles Rams
1967,1967-10-07,4,0,0,CLE,PIT,21,10,CLE,Cleveland Browns,Pittsburgh Steelers
1967,1967-10-07,6,0,0,NYJ,OAK,27,14,NYJ,New York Jets,Oakland Raiders
1967,1967-10-08,6,0,0,DEN,BUF,16,17,DEN,Denver Broncos,Buffalo Bills
1967,1967-10-08,6,0,0,KC,MIA,41,0,KC,Kansas City Chiefs,Miami Dolphins
1967,1967-10-08,4,0,0,CHI,IND,3,24,CHI,Chicago Bears,Baltimore Colts
1967,1967-10-08,6,0,0,LAC,NE,31,31,LAC,San Diego Chargers,New England Patriots
1967,1967-10-08,4,0,0,LAR,SF,24,27,LAR,Los Angeles Rams,San Francisco 49ers
1967,1967-10-08,4,0,0,DET,GB,17,27,DET,Detroit Lions,Green Bay Packers
1967,1967-10-08,4,0,0,WSH,DAL,14,17,WSH,Washington Redskins,Dallas Cowboys
1967,1967-10-08,4,0,0,NYG,NO,27,21,NYG,New York Giants,New Orleans Saints
1967,1967-10-08,4,0,0,ATL,PHI,7,38,ATL,Atlanta Falcons,Philadelphia Eagles
1967,1967-10-08,4,0,0,MIN,ARI,24,34,MIN,Minnesota Vikings,St. Louis Cardinals
1967,1967-10-15,5,0,0,CLE,ARI,20,16,CLE,Cleveland Browns,St. Louis Cardinals
1967,1967-10-15,5,0,0,IND,LAR,24,24,IND,Baltimore Colts,Los Angeles Rams
1967,1967-10-15,7,0,0,NE,MIA,41,10,NE,Boston Patriots,Miami Dolphins
1967,1967-10-15,5,0,0,CHI,DET,14,3,CHI,Chicago Bears,Detroit Lions
1967,1967-10-15,5,0,0,GB,MIN,7,10,GB,Green Bay Packers,Minnesota Vikings
1967,1967-10-15,5,0,0,DAL,NO,14,10,DAL,Dallas Cowboys,New Orleans Saints
1967,1967-10-15,5,0,0,PIT,NYG,24,27,PIT,Pittsburgh Steelers,New York Giants
1967,1967-10-15,7,0,0,NYJ,TEN,28,28,NYJ,New York Jets,Houston Oilers
1967,1967-10-15,7,0,0,BUF,OAK,20,24,BUF,Buffalo Bills,Oakland Raiders
1967,1967-10-15,5,0,0,PHI,SF,27,28,PHI,Philadelphia Eagles,San Francisco 49ers
1967,1967-10-15,5,0,0,ATL,WSH,20,20,ATL,Atlanta Falcons,Washington Redskins
1967,1967-10-15,7,0,0,LAC,KC,45,31,LAC,San Diego Chargers,Kansas City Chiefs
1967,1967-10-22,6,0,0,NYG,GB,21,48,NYG,New York Giants,Green Bay Packers
1967,1967-10-22,6,0,0,SF,NO,27,13,SF,San Francisco 49ers,New Orleans Saints
1967,1967-10-22,8,0,0,MIA,NYJ,14,33,MIA,Miami Dolphins,New York Jets
1967,1967-10-22,8,0,0,NE,OAK,14,48,NE,Boston Patriots,Oakland Raiders
1967,1967-10-22,6,0,0,ARI,PHI,48,14,ARI,St. Louis Cardinals,Philadelphia Eagles
1967,1967-10-22,8,0,0,KC,TEN,19,24,KC,Kansas City Chiefs,Houston Oilers
1967,1967-10-22,6,0,0,LAR,WSH,28,28,LAR,Los Angeles Rams,Washington Redskins
1967,1967-10-22,8,0,0,DEN,LAC,21,38,DEN,Denver Broncos,San Diego Chargers
1967,1967-10-22,6,0,0,DET,ATL,24,3,DET,Detroit Lions,Atlanta Falcons
1967,1967-10-22,6,0,0,CLE,CHI,24,0,CLE,Cleveland Browns,Chicago Bears
1967,1967-10-22,6,0,0,MIN,IND,20,20,MIN,Minnesota Vikings,Baltimore Colts
1967,1967-10-22,6,0,0,PIT,DAL,21,24,PIT,Pittsburgh Steelers,Dallas Cowboys
1967,1967-10-29,9,0,0,KC,DEN,52,9,KC,Kansas City Chiefs,Denver Broncos
1967,1967-10-29,7,0,0,PHI,DAL,21,14,PHI,Philadelphia Eagles,Dallas Cowboys
1967,1967-10-29,7,0,0,WSH,IND,13,17,WSH,Washington Redskins,Baltimore Colts
1967,1967-10-29,7,0,0,NYG,CLE,38,34,NYG,New York Giants,Cleveland Browns
1967,1967-10-29,9,0,0,TEN,BUF,10,3,TEN,Houston Oilers,Buffalo Bills
1967,1967-10-29,7,0,0,CHI,LAR,17,28,CHI,Chicago Bears,Los Angeles Rams
1967,1967-10-29,7,0,0,SF,DET,3,45,SF,San Francisco 49ers,Detroit Lions
1967,1967-10-29,9,0,0,OAK,LAC,51,10,OAK,Oakland Raiders,San Diego Chargers
1967,1967-10-29,7,0,0,ATL,MIN,21,20,ATL,Atlanta Falcons,Minnesota Vikings
1967,1967-10-29,9,0,0,NYJ,NE,30,23,NYJ,New York Jets,New England Patriots
1967,1967-10-29,7,0,0,NO,PIT,10,14,NO,New Orleans Saints,Pittsburgh Steelers
1967,1967-10-30,7,0,0,ARI,GB,23,31,ARI,St. Louis Cardinals,Green Bay Packers
1967,1967-11-05,8,0,0,IND,GB,13,10,IND,Baltimore Colts,Green Bay Packers
1967,1967-11-05,8,0,0,WSH,ARI,21,27,WSH,Washington Redskins,St. Louis Cardinals
1967,1967-11-05,8,0,0,PIT,CLE,14,34,PIT,Pittsburgh Steelers,Cleveland Browns
1967,1967-11-05,10,0,0,DEN,OAK,17,21,DEN,Denver Broncos,Oakland Raiders
1967,1967-11-05,8,0,0,DET,CHI,13,27,DET,Detroit Lions,Chicago Bears
1967,1967-11-05,8,0,0,DAL,ATL,37,7,DAL,Dallas Cowboys,Atlanta Falcons
1967,1967-11-05,8,0,0,NO,PHI,31,24,NO,New Orleans Saints,Philadelphia Eagles
1967,1967-11-05,10,0,0,NE,TEN,18,7,NE,Boston Patriots,Houston Oilers
1967,1967-11-05,10,0,0,KC,NYJ,42,18,KC,Kansas City Chiefs,New York Jets
1967,1967-11-05,8,0,0,MIN,NYG,27,24,MIN,Minnesota Vikings,New York Giants
1967,1967-11-05,8,0,0,SF,LAR,7,17,SF,San Francisco 49ers,Los Angeles Rams
1967,1967-11-05,10,0,0,BUF,MIA,35,13,BUF,Buffalo Bills,Miami Dolphins
1967,1967-11-12,11,0,0,NE,KC,10,33,NE,Boston Patriots,Kansas City Chiefs
1967,1967-11-12,11,0,0,NYJ,BUF,20,10,NYJ,New York Jets,Buffalo Bills
1967,1967-11-12,9,0,0,GB,CLE,55,7,GB,Green Bay Packers,Cleveland Browns
1967,1967-11-12,9,0,0,ATL,IND,7,49,ATL,Atlanta Falcons,Baltimore Colts
1967,1967-11-12,9,0,0,NO,DAL,10,27,NO,New Orleans Saints,Dallas Cowboys
1967,1967-11-12,9,0,0,MIN,DET,10,10,MIN,Minnesota Vikings,Detroit Lions
1967,1967-11-12,11,0,0,LAC,MIA,24,0,LAC,San Diego Chargers,Miami Dolphins
1967,1967-11-12,9,0,0,CHI,NYG,34,7,CHI,Chicago Bears,New York Giants
1967,1967-11-12,11,0,0,DEN,TEN,18,20,DEN,Denver Broncos,Houston Oilers
1967,1967-11-12,9,0,0,ARI,PIT,14,14,ARI,St. Louis Cardinals,Pittsburgh Steelers
1967,1967-11-12,9,0,0,WSH,SF,31,28,WSH,Washington Redskins,San Francisco 49ers
1967,1967-11-12,9,0,0,LAR,PHI,33,17,LAR,Los Angeles Rams,Philadelphia Eagles
1967,1967-11-19,10,0,0,NYG,PIT,28,20,NYG,New York Giants,Pittsburgh Steelers
1967,1967-11-19,10,0,0,PHI,NO,48,21,PHI,Philadelphia Eagles,New Orleans Saints
1967,1967-11-19,10,0,0,CLE,MIN,14,10,CLE,Cleveland Browns,Minnesota Vikings
1967,1967-11-19,12,0,0,OAK,MIA,31,17,OAK,Oakland Raiders,Miami Dolphins
1967,1967-11-19,10,0,0,IND,DET,41,7,IND,Baltimore Colts,Detroit Lions
1967,1967-11-19,10,0,0,CHI,ARI,30,3,CHI,Chicago Bears,St. Louis Cardinals
1967,1967-11-19,12,0,0,BUF,DEN,20,21,BUF,Buffalo Bills,Denver Broncos
1967,1967-11-19,10,0,0,DAL,WSH,20,27,DAL,Dallas Cowboys,Washington Redskins
1967,1967-11-19,10,0,0,GB,SF,13,0,GB,Green Bay Packers,San Francisco 49ers
1967,1967-11-19,12,0,0,NE,NYJ,24,29,NE,Boston Patriots,New York Jets
1967,1967-11-19,10,0,0,ATL,LAR,3,31,ATL,Atlanta Falcons,Los Angeles Rams
1967,1967-11-19,12,0,0,KC,LAC,16,17,KC,Kansas City Chiefs,San Diego Chargers
1967,1967-11-23,13,0,0,KC,OAK,22,44,KC,Kansas City Chiefs,Oakland Raiders
1967,1967-11-23,11,0,0,DAL,ARI,46,21,DAL,Dallas Cowboys,St. Louis Cardinals
1967,1967-11-23,11,0,0,DET,LAR,7,31,DET,Detroit Lions,Los Angeles Rams
1967,1967-11-23,13,0,0,LAC,DEN,24,20,LAC,San Diego Chargers,Denver Broncos
1967,1967-11-26,11,0,0,PIT,MIN,27,41,PIT,Pittsburgh Steelers,Minnesota Vikings
1967,1967-11-26,11,0,0,NYG,PHI,44,7,NYG,New York Giants,Philadelphia Eagles
1967,1967-11-26,13,0,0,TEN,NE,27,6,TEN,Houston Oilers,New England Patriots
1967,1967-11-26,11,0,0,CHI,GB,13,17,CHI,Chicago Bears,Green Bay Packers
1967,1967-11-26,13,0,0,MIA,BUF,17,14,MIA,Miami Dolphins,Buffalo Bills
1967,1967-11-26,11,0,0,NO,ATL,27,24,NO,New Orleans Saints,Atlanta Falcons
1967,1967-11-26,11,0,0,SF,IND,9,26,SF,San Francisco 49ers,Baltimore Colts
1967,1967-11-26,11,0,0,CLE,WSH,42,37,CLE,Cleveland Browns,Washington Redskins
1967,1967-12-03,12,0,0,SF,CHI,14,28,SF,San Francisco 49ers,Chicago Bears
1967,1967-12-03,12,0,0,LAR,ATL,20,3,LAR,Los Angeles Rams,Atlanta Falcons
1967,1967-12-03,14,0,0,LAC,OAK,21,41,LAC,San Diego Chargers,Oakland Raiders
1967,1967-12-03,12,0,0,WSH,PHI,35,35,WSH,Washington Redskins,Philadelphia Eagles
1967,1967-12-03,12,0,0,CLE,NYG,24,14,CLE,Cleveland Browns,New York Giants
1967,1967-12-03,12,0,0,ARI,NO,31,20,ARI,St. Louis Cardinals,New Orleans Saints
1967,1967-12-03,14,0,0,TEN,MIA,17,14,TEN,Houston Oilers,Miami Dolphins
1967,1967-12-03,12,0,0,MIN,GB,27,30,MIN,Minnesota Vikings,Green Bay Packers
1967,1967-12-03,14,0,0,NYJ,DEN,24,33,NYJ,New York Jets,Denver Broncos
1967,1967-12-03,12,0,0,IND,DAL,23,17,IND,Baltimore Colts,Dallas Cowboys
1967,1967-12-03,12,0,0,DET,PIT,14,24,DET,Detroit Lions,Pittsburgh Steelers
1967,1967-12-03,14,0,0,KC,BUF,23,13,KC,Kansas City Chiefs,Buffalo Bills
1967,1967-12-09,13,0,0,LAR,GB,27,24,LAR,Los Angeles Rams,Green Bay Packers
1967,1967-12-09,15,0,0,NE,BUF,16,44,NE,Boston Patriots,Buffalo Bills
1967,1967-12-10,13,0,0,PIT,WSH,10,15,PIT,Pittsburgh Steelers,Washington Redskins
1967,1967-12-10,13,0,0,CHI,MIN,10,10,CHI,Chicago Bears,Minnesota Vikings
1967,1967-12-10,15,0,0,MIA,LAC,41,24,MIA,Miami Dolphins,San Diego Chargers
1967,1967-12-10,15,0,0,NYJ,KC,7,21,NYJ,New York Jets,Kansas City Chiefs
1967,1967-12-10,13,0,0,ARI,CLE,16,20,ARI,St. Louis Cardinals,Cleveland Browns
1967,1967-12-10,15,0,0,TEN,OAK,7,19,TEN,Houston Oilers,Oakland Raiders
1967,1967-12-10,13,0,0,NYG,DET,7,30,NYG,New York Giants,Detroit Lions
1967,1967-12-10,13,0,0,IND,NO,30,10,IND,Baltimore Colts,New Orleans Saints
1967,1967-12-10,13,0,0,DAL,PHI,38,17,DAL,Dallas Cowboys,Philadelphia Eagles
1967,1967-12-10,13,0,0,ATL,SF,28,34,ATL,Atlanta Falcons,San Francisco 49ers
1967,1967-12-16,16,0,0,TEN,LAC,24,17,TEN,Houston Oilers,San Diego Chargers
1967,1967-12-16,14,0,0,SF,DAL,24,16,SF,San Francisco 49ers,Dallas Cowboys
1967,1967-12-17,14,0,0,LAR,IND,34,10,LAR,Los Angeles Rams,Baltimore Colts
1967,1967-12-17,14,0,0,PHI,CLE,28,24,PHI,Philadelphia Eagles,Cleveland Browns
1967,1967-12-17,14,0,0,GB,PIT,17,24,GB,Green Bay Packers,Pittsburgh Steelers
1967,1967-12-17,16,0,0,OAK,NYJ,38,29,OAK,Oakland Raiders,New York Jets
1967,1967-12-17,16,0,0,MIA,NE,41,32,MIA,Miami Dolphins,New England Patriots
1967,1967-12-17,14,0,0,WSH,NO,14,30,WSH,Washington Redskins,New Orleans Saints
1967,1967-12-17,14,0,0,DET,MIN,14,3,DET,Detroit Lions,Minnesota Vikings
1967,1967-12-17,16,0,0,DEN,KC,24,38,DEN,Denver Broncos,Kansas City Chiefs
1967,1967-12-17,14,0,0,NYG,ARI,37,14,NYG,New York Giants,St. Louis Cardinals
1967,1967-12-17,14,0,0,ATL,CHI,14,23,ATL,Atlanta Falcons,Chicago Bears
1967,1967-12-23,15,1,0,GB,LAR,28,7,GB,Green Bay Packers,Los Angeles Rams
1967,1967-12-23,17,0,0,MIA,TEN,10,41,MIA,Miami Dolphins,Houston Oilers
1967,1967-12-24,17,0,0,LAC,NYJ,31,42,LAC,San Diego Chargers,New York Jets
1967,1967-12-24,17,0,0,OAK,BUF,28,21,OAK,Oakland Raiders,Buffalo Bills
1967,1967-12-24,15,1,0,DAL,CLE,52,14,DAL,Dallas Cowboys,Cleveland Browns
1967,1967-12-31,Conference,1,0,OAK,TEN,40,7,OAK,Oakland Raiders,Houston Oilers
1967,1967-12-31,Conference,1,0,GB,DAL,21,17,GB,Green Bay Packers,Dallas Cowboys
1967,1968-01-14,Superbowl,1,1,OAK,GB,14,33,GB,Green Bay Packers,Oakland Raiders
1968,1968-09-06,1,0,0,LAC,CIN,29,13,LAC,San Diego Chargers,Cincinnati Bengals
1968,1968-09-08,1,0,0,BUF,NE,7,16,BUF,Buffalo Bills,New England Patriots
1968,1968-09-09,1,0,0,TEN,KC,21,26,TEN,Houston Oilers,Kansas City Chiefs
1968,1968-09-14,2,0,0,MIA,TEN,10,24,MIA,Miami Dolphins,Houston Oilers
1968,1968-09-14,1,0,0,MIN,ATL,47,7,MIN,Minnesota Vikings,Atlanta Falcons
1968,1968-09-15,2,0,0,BUF,OAK,6,48,BUF,Buffalo Bills,Oakland Raiders
1968,1968-09-15,2,0,0,KC,NYJ,19,20,KC,Kansas City Chiefs,New York Jets
1968,1968-09-15,1,0,0,PIT,NYG,20,34,PIT,Pittsburgh Steelers,New York Giants
1968,1968-09-15,2,0,0,CIN,DEN,24,10,CIN,Cincinnati Bengals,Denver Broncos
1968,1968-09-15,1,0,0,DAL,DET,59,13,DAL,Dallas Cowboys,Detroit Lions
1968,1968-09-15,1,0,0,CHI,WSH,28,38,CHI,Chicago Bears,Washington Redskins
1968,1968-09-15,1,0,0,NO,CLE,10,24,NO,New Orleans Saints,Cleveland Browns
1968,1968-09-15,1,0,0,IND,SF,27,10,IND,Baltimore Colts,San Francisco 49ers
1968,1968-09-15,1,0,0,GB,PHI,30,13,GB,Green Bay Packers,Philadelphia Eagles
1968,1968-09-16,1,0,0,ARI,LAR,13,24,ARI,St. Louis Cardinals,Los Angeles Rams
1968,1968-09-21,3,0,0,LAC,TEN,30,14,LAC,San Diego Chargers,Houston Oilers
1968,1968-09-21,3,0,0,MIA,OAK,21,47,MIA,Miami Dolphins,Oakland Raiders
1968,1968-09-22,2,0,0,DET,CHI,42,0,DET,Detroit Lions,Chicago Bears
1968,1968-09-22,2,0,0,LAR,PIT,45,10,LAR,Los Angeles Rams,Pittsburgh Steelers
1968,1968-09-22,2,0,0,SF,ARI,35,17,SF,San Francisco 49ers,St. Louis Cardinals
1968,1968-09-22,2,0,0,GB,MIN,13,26,GB,Green Bay Packers,Minnesota Vikings
1968,1968-09-22,2,0,0,DAL,CLE,28,7,DAL,Dallas Cowboys,Cleveland Browns
1968,1968-09-22,3,0,0,CIN,BUF,34,23,CIN,Cincinnati Bengals,Buffalo Bills
1968,1968-09-22,3,0,0,KC,DEN,34,2,KC,Kansas City Chiefs,Denver Broncos
1968,1968-09-22,2,0,0,ATL,IND,20,28,ATL,Atlanta Falcons,Baltimore Colts
1968,1968-09-22,2,0,0,NO,WSH,37,17,NO,New Orleans Saints,Washington Redskins
1968,1968-09-22,3,0,0,NE,NYJ,31,47,NE,Boston Patriots,New York Jets
1968,1968-09-22,2,0,0,PHI,NYG,25,34,PHI,Philadelphia Eagles,New York Giants
1968,1968-09-28,4,0,0,MIA,KC,3,48,MIA,Miami Dolphins,Kansas City Chiefs
1968,1968-09-29,3,0,0,GB,DET,17,23,GB,Green Bay Packers,Detroit Lions
1968,1968-09-29,3,0,0,MIN,CHI,17,27,MIN,Minnesota Vikings,Chicago Bears
1968,1968-09-29,4,0,0,CIN,LAC,10,31,CIN,Cincinnati Bengals,San Diego Chargers
1968,1968-09-29,3,0,0,CLE,LAR,6,24,CLE,Cleveland Browns,Los Angeles Rams
1968,1968-09-29,3,0,0,NYG,WSH,48,21,NYG,New York Giants,Washington Redskins
1968,1968-09-29,4,0,0,TEN,OAK,15,24,TEN,Houston Oilers,Oakland Raiders
1968,1968-09-29,4,0,0,BUF,NYJ,37,35,BUF,Buffalo Bills,New York Jets
1968,1968-09-29,4,0,0,DEN,NE,17,20,DEN,Denver Broncos,New England Patriots
1968,1968-09-29,3,0,0,PHI,DAL,13,45,PHI,Philadelphia Eagles,Dallas Cowboys
1968,1968-09-29,3,0,0,NO,ARI,20,21,NO,New Orleans Saints,St. Louis Cardinals
1968,1968-09-29,3,0,0,PIT,IND,7,41,PIT,Pittsburgh Steelers,Baltimore Colts
1968,1968-09-29,3,0,0,SF,ATL,28,13,SF,San Francisco 49ers,Atlanta Falcons
1968,1968-10-05,4,0,0,CLE,PIT,31,24,CLE,Cleveland Browns,Pittsburgh Steelers
1968,1968-10-05,5,0,0,NYJ,LAC,23,20,NYJ,New York Jets,San Diego Chargers
1968,1968-10-05,5,0,0,BUF,KC,7,18,BUF,Buffalo Bills,Kansas City Chiefs
1968,1968-10-06,4,0,0,WSH,PHI,17,14,WSH,Washington Redskins,Philadelphia Eagles
1968,1968-10-06,4,0,0,ATL,GB,7,38,ATL,Atlanta Falcons,Green Bay Packers
1968,1968-10-06,5,0,0,TEN,MIA,7,24,TEN,Houston Oilers,Miami Dolphins
1968,1968-10-06,4,0,0,MIN,DET,24,10,MIN,Minnesota Vikings,Detroit Lions
1968,1968-10-06,5,0,0,DEN,CIN,10,7,DEN,Denver Broncos,Cincinnati Bengals
1968,1968-10-06,4,0,0,IND,CHI,28,7,IND,Baltimore Colts,Chicago Bears
1968,1968-10-06,4,0,0,ARI,DAL,10,27,ARI,St. Louis Cardinals,Dallas Cowboys
1968,1968-10-06,4,0,0,LAR,SF,24,10,LAR,Los Angeles Rams,San Francisco 49ers
1968,1968-10-06,4,0,0,NYG,NO,38,21,NYG,New York Giants,New Orleans Saints
1968,1968-10-06,5,0,0,OAK,NE,41,10,OAK,Oakland Raiders,New England Patriots
1968,1968-10-12,6,0,0,MIA,BUF,14,14,MIA,Miami Dolphins,Buffalo Bills
1968,1968-10-13,6,0,0,NYJ,DEN,13,21,NYJ,New York Jets,Denver Broncos
1968,1968-10-13,5,0,0,GB,LAR,14,16,GB,Green Bay Packers,Los Angeles Rams
1968,1968-10-13,6,0,0,OAK,LAC,14,23,OAK,Oakland Raiders,San Diego Chargers
1968,1968-10-13,5,0,0,WSH,PIT,16,13,WSH,Washington Redskins,Pittsburgh Steelers
1968,1968-10-13,5,0,0,DAL,PHI,34,14,DAL,Dallas Cowboys,Philadelphia Eagles
1968,1968-10-13,6,0,0,NE,TEN,0,16,NE,Boston Patriots,Houston Oilers
1968,1968-10-13,5,0,0,ATL,NYG,24,21,ATL,Atlanta Falcons,New York Giants
1968,1968-10-13,5,0,0,NO,MIN,20,17,NO,New Orleans Saints,Minnesota Vikings
1968,1968-10-13,5,0,0,CLE,ARI,21,27,CLE,Cleveland Browns,St. Louis Cardinals
1968,1968-10-13,5,0,0,SF,IND,14,42,SF,San Francisco 49ers,Baltimore Colts
1968,1968-10-13,6,0,0,KC,CIN,13,3,KC,Kansas City Chiefs,Cincinnati Bengals
1968,1968-10-13,5,0,0,CHI,DET,10,28,CHI,Chicago Bears,Detroit Lions
1968,1968-10-20,6,0,0,ARI,WSH,41,14,ARI,St. Louis Cardinals,Washington Redskins
1968,1968-10-20,7,0,0,NE,BUF,23,6,NE,Boston Patriots,Buffalo Bills
1968,1968-10-20,6,0,0,IND,CLE,20,30,IND,Baltimore Colts,Cleveland Browns
1968,1968-10-20,6,0,0,PHI,CHI,16,29,PHI,Philadelphia Eagles,Chicago Bears
1968,1968-10-20,6,0,0,LAR,ATL,27,14,LAR,Los Angeles Rams,Atlanta Falcons
1968,1968-10-20,7,0,0,LAC,DEN,55,24,LAC,San Diego Chargers,Denver Broncos
1968,1968-10-20,6,0,0,MIN,DAL,7,20,MIN,Minnesota Vikings,Dallas Cowboys
1968,1968-10-20,6,0,0,DET,GB,14,14,DET,Detroit Lions,Green Bay Packers
1968,1968-10-20,6,0,0,PIT,NO,12,16,PIT,Pittsburgh Steelers,New Orleans Saints
1968,1968-10-20,7,0,0,CIN,MIA,22,24,CIN,Cincinnati Bengals,Miami Dolphins
1968,1968-10-20,7,0,0,TEN,NYJ,14,20,TEN,Houston Oilers,New York Jets
1968,1968-10-20,7,0,0,KC,OAK,24,10,KC,Kansas City Chiefs,Oakland Raiders
1968,1968-10-20,6,0,0,NYG,SF,10,26,NYG,New York Giants,San Francisco 49ers
1968,1968-10-27,8,0,0,OAK,CIN,31,10,OAK,Oakland Raiders,Cincinnati Bengals
1968,1968-10-27,7,0,0,CLE,ATL,30,7,CLE,Cleveland Browns,Atlanta Falcons
1968,1968-10-27,7,0,0,WSH,NYG,10,13,WSH,Washington Redskins,New York Giants
1968,1968-10-27,8,0,0,KC,LAC,27,20,KC,Kansas City Chiefs,San Diego Chargers
1968,1968-10-27,7,0,0,IND,LAR,27,10,IND,Baltimore Colts,Los Angeles Rams
1968,1968-10-27,7,0,0,DET,SF,7,14,DET,Detroit Lions,San Francisco 49ers
1968,1968-10-27,7,0,0,PIT,PHI,6,3,PIT,Pittsburgh Steelers,Philadelphia Eagles
1968,1968-10-27,8,0,0,BUF,TEN,7,30,BUF,Buffalo Bills,Houston Oilers
1968,1968-10-27,8,0,0,NYJ,NE,48,14,NYJ,New York Jets,New England Patriots
1968,1968-10-27,7,0,0,ARI,NO,31,17,ARI,St. Louis Cardinals,New Orleans Saints
1968,1968-10-27,7,0,0,CHI,MIN,26,24,CHI,Chicago Bears,Minnesota Vikings
1968,1968-10-27,8,0,0,DEN,MIA,21,14,DEN,Denver Broncos,Miami Dolphins
1968,1968-10-28,7,0,0,DAL,GB,17,28,DAL,Dallas Cowboys,Green Bay Packers
1968,1968-11-03,8,0,0,MIN,WSH,27,14,MIN,Minnesota Vikings,Washington Redskins
1968,1968-11-03,8,0,0,LAR,DET,10,7,LAR,Los Angeles Rams,Detroit Lions
1968,1968-11-03,9,0,0,CIN,TEN,17,27,CIN,Cincinnati Bengals,Houston Oilers
1968,1968-11-03,9,0,0,NE,DEN,14,35,NE,Boston Patriots,Denver Broncos
1968,1968-11-03,8,0,0,SF,CLE,21,33,SF,San Francisco 49ers,Cleveland Browns
1968,1968-11-03,9,0,0,NYJ,BUF,25,21,NYJ,New York Jets,Buffalo Bills
1968,1968-11-03,8,0,0,GB,CHI,10,13,GB,Green Bay Packers,Chicago Bears
1968,1968-11-03,8,0,0,NYG,IND,0,26,NYG,New York Giants,Baltimore Colts
1968,1968-11-03,8,0,0,PHI,ARI,17,45,PHI,Philadelphia Eagles,St. Louis Cardinals
1968,1968-11-03,8,0,0,NO,DAL,3,17,NO,New Orleans Saints,Dallas Cowboys
1968,1968-11-03,9,0,0,OAK,KC,38,21,OAK,Oakland Raiders,Kansas City Chiefs
1968,1968-11-03,9,0,0,LAC,MIA,34,28,LAC,San Diego Chargers,Miami Dolphins
1968,1968-11-03,8,0,0,ATL,PIT,21,41,ATL,Atlanta Falcons,Pittsburgh Steelers
1968,1968-11-10,10,0,0,NE,LAC,17,27,NE,Boston Patriots,San Diego Chargers
1968,1968-11-10,9,0,0,ATL,LAR,10,17,ATL,Atlanta Falcons,Los Angeles Rams
1968,1968-11-10,10,0,0,BUF,MIA,17,21,BUF,Buffalo Bills,Miami Dolphins
1968,1968-11-10,10,0,0,DEN,OAK,7,43,DEN,Denver Broncos,Oakland Raiders
1968,1968-11-10,9,0,0,ARI,PIT,28,28,ARI,St. Louis Cardinals,Pittsburgh Steelers
1968,1968-11-10,10,0,0,NYJ,TEN,26,7,NYJ,New York Jets,Houston Oilers
1968,1968-11-10,9,0,0,CHI,SF,27,19,CHI,Chicago Bears,San Francisco 49ers
1968,1968-11-10,9,0,0,DAL,NYG,21,27,DAL,Dallas Cowboys,New York Giants
1968,1968-11-10,9,0,0,CLE,NO,35,17,CLE,Cleveland Browns,New Orleans Saints
1968,1968-11-10,10,0,0,CIN,KC,9,16,CIN,Cincinnati Bengals,Kansas City Chiefs
1968,1968-11-10,9,0,0,MIN,GB,14,10,MIN,Minnesota Vikings,Green Bay Packers
1968,1968-11-10,9,0,0,DET,IND,10,27,DET,Detroit Lions,Baltimore Colts
1968,1968-11-10,9,0,0,PHI,WSH,10,16,PHI,Philadelphia Eagles,Washington Redskins
1968,1968-11-17,11,0,0,OAK,NYJ,43,32,OAK,Oakland Raiders,New York Jets
1968,1968-11-17,10,0,0,NYG,PHI,7,6,NYG,New York Giants,Philadelphia Eagles
1968,1968-11-17,11,0,0,KC,NE,31,17,KC,Kansas City Chiefs,New England Patriots
1968,1968-11-17,10,0,0,SF,LAR,20,20,SF,San Francisco 49ers,Los Angeles Rams
1968,1968-11-17,10,0,0,GB,NO,29,7,GB,Green Bay Packers,New Orleans Saints
1968,1968-11-17,11,0,0,TEN,DEN,38,17,TEN,Houston Oilers,Denver Broncos
1968,1968-11-17,10,0,0,DET,MIN,6,13,DET,Detroit Lions,Minnesota Vikings
1968,1968-11-17,10,0,0,WSH,DAL,24,44,WSH,Washington Redskins,Dallas Cowboys
1968,1968-11-17,11,0,0,BUF,LAC,6,21,BUF,Buffalo Bills,San Diego Chargers
1968,1968-11-17,10,0,0,IND,ARI,27,0,IND,Baltimore Colts,St. Louis Cardinals
1968,1968-11-17,10,0,0,PIT,CLE,24,45,PIT,Pittsburgh Steelers,Cleveland Browns
1968,1968-11-17,11,0,0,MIA,CIN,21,38,MIA,Miami Dolphins,Cincinnati Bengals
1968,1968-11-17,10,0,0,CHI,ATL,13,16,CHI,Chicago Bears,Atlanta Falcons
1968,1968-11-24,11,0,0,IND,MIN,21,9,IND,Baltimore Colts,Minnesota Vikings
1968,1968-11-24,12,0,0,LAC,NYJ,15,37,LAC,San Diego Chargers,New York Jets
1968,1968-11-24,11,0,0,ARI,ATL,17,12,ARI,St. Louis Cardinals,Atlanta Falcons
1968,1968-11-24,12,0,0,DEN,BUF,34,32,DEN,Denver Broncos,Buffalo Bills
1968,1968-11-24,11,0,0,CHI,DAL,3,34,CHI,Chicago Bears,Dallas Cowboys
1968,1968-11-24,11,0,0,WSH,GB,7,27,WSH,Washington Redskins,Green Bay Packers
1968,1968-11-24,12,0,0,NE,MIA,10,34,NE,Boston Patriots,Miami Dolphins
1968,1968-11-24,11,0,0,DET,NO,20,20,DET,Detroit Lions,New Orleans Saints
1968,1968-11-24,11,0,0,CLE,PHI,47,13,CLE,Cleveland Browns,Philadelphia Eagles
1968,1968-11-24,12,0,0,CIN,OAK,0,34,CIN,Cincinnati Bengals,Oakland Raiders
1968,1968-11-24,11,0,0,PIT,SF,28,45,PIT,Pittsburgh Steelers,San Francisco 49ers
1968,1968-11-24,11,0,0,LAR,NYG,24,21,LAR,Los Angeles Rams,New York Giants
1968,1968-11-28,13,0,0,KC,TEN,24,10,KC,Kansas City Chiefs,Houston Oilers
1968,1968-11-28,13,0,0,OAK,BUF,13,10,OAK,Oakland Raiders,Buffalo Bills
1968,1968-11-28,12,0,0,DET,PHI,0,12,DET,Detroit Lions,Philadelphia Eagles
1968,1968-11-28,12,0,0,DAL,WSH,29,20,DAL,Dallas Cowboys,Washington Redskins
1968,1968-12-01,13,0,0,DEN,LAC,23,47,DEN,Denver Broncos,San Diego Chargers
1968,1968-12-01,12,0,0,CLE,NYG,45,10,CLE,Cleveland Browns,New York Giants
1968,1968-12-01,12,0,0,NO,CHI,17,23,NO,New Orleans Saints,Chicago Bears
1968,1968-12-01,12,0,0,IND,ATL,44,0,IND,Baltimore Colts,Atlanta Falcons
1968,1968-12-01,13,0,0,NYJ,MIA,35,17,NYJ,New York Jets,Miami Dolphins
1968,1968-12-01,12,0,0,MIN,LAR,3,31,MIN,Minnesota Vikings,Los Angeles Rams
1968,1968-12-01,13,0,0,NE,CIN,33,14,NE,Boston Patriots,Cincinnati Bengals
1968,1968-12-01,12,0,0,PIT,ARI,10,20,PIT,Pittsburgh Steelers,St. Louis Cardinals
1968,1968-12-01,12,0,0,SF,GB,27,20,SF,San Francisco 49ers,Green Bay Packers
1968,1968-12-07,14,0,0,TEN,BUF,35,6,TEN,Houston Oilers,Buffalo Bills
1968,1968-12-07,13,0,0,GB,IND,3,16,GB,Green Bay Packers,Baltimore Colts
1968,1968-12-08,13,0,0,DAL,PIT,28,7,DAL,Dallas Cowboys,Pittsburgh Steelers
1968,1968-12-08,13,0,0,ATL,DET,7,24,ATL,Atlanta Falcons,Detroit Lions
1968,1968-12-08,14,0,0,MIA,NE,38,7,MIA,Miami Dolphins,New England Patriots
1968,1968-12-08,13,0,0,PHI,NO,29,17,PHI,Philadelphia Eagles,New Orleans Saints
1968,1968-12-08,13,0,0,SF,MIN,20,30,SF,San Francisco 49ers,Minnesota Vikings
1968,1968-12-08,14,0,0,OAK,DEN,33,27,OAK,Oakland Raiders,Denver Broncos
1968,1968-12-08,13,0,0,NYG,ARI,21,28,NYG,New York Giants,St. Louis Cardinals
1968,1968-12-08,13,0,0,WSH,CLE,21,24,WSH,Washington Redskins,Cleveland Browns
1968,1968-12-08,13,0,0,LAR,CHI,16,17,LAR,Los Angeles Rams,Chicago Bears
1968,1968-12-08,14,0,0,LAC,KC,3,40,LAC,San Diego Chargers,Kansas City Chiefs
1968,1968-12-08,14,0,0,NYJ,CIN,27,14,NYJ,New York Jets,Cincinnati Bengals
1968,1968-12-14,15,0,0,DEN,KC,7,30,DEN,Denver Broncos,Kansas City Chiefs
1968,1968-12-14,14,0,0,ARI,CLE,27,16,ARI,St. Louis Cardinals,Cleveland Browns
1968,1968-12-15,15,0,0,LAC,OAK,27,34,LAC,San Diego Chargers,Oakland Raiders
1968,1968-12-15,15,0,0,TEN,NE,45,17,TEN,Houston Oilers,New England Patriots
1968,1968-12-15,14,0,0,CHI,GB,27,28,CHI,Chicago Bears,Green Bay Packers
1968,1968-12-15,14,0,0,ATL,SF,12,14,ATL,Atlanta Falcons,San Francisco 49ers
1968,1968-12-15,14,0,0,NO,PIT,24,14,NO,New Orleans Saints,Pittsburgh Steelers
1968,1968-12-15,14,0,0,LAR,IND,24,28,LAR,Los Angeles Rams,Baltimore Colts
1968,1968-12-15,14,0,0,WSH,DET,14,3,WSH,Washington Redskins,Detroit Lions
1968,1968-12-15,15,0,0,MIA,NYJ,7,31,MIA,Miami Dolphins,New York Jets
1968,1968-12-15,14,0,0,PHI,MIN,17,24,PHI,Philadelphia Eagles,Minnesota Vikings
1968,1968-12-15,14,0,0,NYG,DAL,10,28,NYG,New York Giants,Dallas Cowboys
1968,1968-12-21,15,1,0,CLE,DAL,31,20,CLE,Cleveland Browns,Dallas Cowboys
1968,1968-12-22,Division,1,0,OAK,KC,41,6,OAK,Oakland Raiders,Kansas City Chiefs
1968,1968-12-22,Conference,1,0,IND,MIN,24,14,IND,Baltimore Colts,Minnesota Vikings
1968,1968-12-29,Conference,1,0,NYJ,OAK,27,23,NYJ,New York Jets,Oakland Raiders
1968,1968-12-29,Conference,1,0,CLE,IND,0,34,CLE,Cleveland Browns,Baltimore Colts
1968,1969-01-12,Superbowl,1,1,NYJ,IND,16,7,IND,Baltimore Colts,New York Jets
1969,1969-09-14,1,0,0,BUF,NYJ,19,33,BUF,Buffalo Bills,New York Jets
1969,1969-09-14,1,0,0,OAK,TEN,21,17,OAK,Oakland Raiders,Houston Oilers
1969,1969-09-14,1,0,0,DEN,NE,35,7,DEN,Denver Broncos,New England Patriots
1969,1969-09-14,1,0,0,CIN,MIA,27,21,CIN,Cincinnati Bengals,Miami Dolphins
1969,1969-09-14,1,0,0,LAC,KC,9,27,LAC,San Diego Chargers,Kansas City Chiefs
1969,1969-09-20,2,0,0,OAK,MIA,20,17,OAK,Oakland Raiders,Miami Dolphins
1969,1969-09-21,1,0,0,GB,CHI,17,0,GB,Green Bay Packers,Chicago Bears
1969,1969-09-21,2,0,0,DEN,NYJ,21,19,DEN,Denver Broncos,New York Jets
1969,1969-09-21,2,0,0,NE,KC,0,31,NE,Boston Patriots,Kansas City Chiefs
1969,1969-09-21,2,0,0,CIN,LAC,34,20,CIN,Cincinnati Bengals,San Diego Chargers
1969,1969-09-21,1,0,0,NYG,MIN,24,23,NYG,New York Giants,Minnesota Vikings
1969,1969-09-21,2,0,0,BUF,TEN,3,17,BUF,Buffalo Bills,Houston Oilers
1969,1969-09-21,1,0,0,IND,LAR,20,27,IND,Baltimore Colts,Los Angeles Rams
1969,1969-09-21,1,0,0,PIT,DET,16,13,PIT,Pittsburgh Steelers,Detroit Lions
1969,1969-09-21,1,0,0,DAL,ARI,24,3,DAL,Dallas Cowboys,St. Louis Cardinals
1969,1969-09-21,1,0,0,NO,WSH,20,26,NO,New Orleans Saints,Washington Redskins
1969,1969-09-21,1,0,0,PHI,CLE,20,27,PHI,Philadelphia Eagles,Cleveland Browns
1969,1969-09-21,1,0,0,ATL,SF,24,12,ATL,Atlanta Falcons,San Francisco 49ers
1969,1969-09-28,3,0,0,NE,OAK,23,38,NE,Boston Patriots,Oakland Raiders
1969,1969-09-28,2,0,0,PHI,PIT,41,27,PHI,Philadelphia Eagles,Pittsburgh Steelers
1969,1969-09-28,2,0,0,DET,NYG,24,0,DET,Detroit Lions,New York Giants
1969,1969-09-28,3,0,0,TEN,MIA,22,10,TEN,Houston Oilers,Miami Dolphins
1969,1969-09-28,3,0,0,CIN,KC,24,19,CIN,Cincinnati Bengals,Kansas City Chiefs
1969,1969-09-28,3,0,0,BUF,DEN,41,28,BUF,Buffalo Bills,Denver Broncos
1969,1969-09-28,2,0,0,NO,DAL,17,21,NO,New Orleans Saints,Dallas Cowboys
1969,1969-09-28,2,0,0,MIN,IND,52,14,MIN,Minnesota Vikings,Baltimore Colts
1969,1969-09-28,2,0,0,LAR,ATL,17,7,LAR,Los Angeles Rams,Atlanta Falcons
1969,1969-09-28,2,0,0,ARI,CHI,20,17,ARI,St. Louis Cardinals,Chicago Bears
1969,1969-09-28,2,0,0,CLE,WSH,27,23,CLE,Cleveland Browns,Washington Redskins
1969,1969-09-28,3,0,0,LAC,NYJ,34,27,LAC,San Diego Chargers,New York Jets
1969,1969-09-28,2,0,0,GB,SF,14,7,GB,Green Bay Packers,San Francisco 49ers
1969,1969-10-04,4,0,0,MIA,OAK,20,20,MIA,Miami Dolphins,Oakland Raiders
1969,1969-10-04,4,0,0,LAC,CIN,21,14,LAC,San Diego Chargers,Cincinnati Bengals
1969,1969-10-05,3,0,0,SF,WSH,17,17,SF,San Francisco 49ers,Washington Redskins
1969,1969-10-05,3,0,0,NYG,CHI,28,24,NYG,New York Giants,Chicago Bears
1969,1969-10-05,3,0,0,MIN,GB,19,7,MIN,Minnesota Vikings,Green Bay Packers
1969,1969-10-05,3,0,0,CLE,DET,21,28,CLE,Cleveland Browns,Detroit Lions
1969,1969-10-05,3,0,0,PHI,DAL,7,38,PHI,Philadelphia Eagles,Dallas Cowboys
1969,1969-10-05,3,0,0,PIT,ARI,14,27,PIT,Pittsburgh Steelers,St. Louis Cardinals
1969,1969-10-05,3,0,0,ATL,IND,14,21,ATL,Atlanta Falcons,Baltimore Colts
1969,1969-10-05,3,0,0,LAR,NO,36,17,LAR,Los Angeles Rams,New Orleans Saints
1969,1969-10-05,4,0,0,TEN,BUF,28,14,TEN,Houston Oilers,Buffalo Bills
1969,1969-10-05,4,0,0,NE,NYJ,14,23,NE,Boston Patriots,New York Jets
1969,1969-10-05,4,0,0,DEN,KC,13,26,DEN,Denver Broncos,Kansas City Chiefs
1969,1969-10-11,5,0,0,BUF,NE,23,16,BUF,Buffalo Bills,New England Patriots
1969,1969-10-11,5,0,0,MIA,LAC,14,21,MIA,Miami Dolphins,San Diego Chargers
1969,1969-10-12,4,0,0,DET,GB,17,28,DET,Detroit Lions,Green Bay Packers
1969,1969-10-12,4,0,0,WSH,ARI,33,17,WSH,Washington Redskins,St. Louis Cardinals
1969,1969-10-12,5,0,0,DEN,OAK,14,24,DEN,Denver Broncos,Oakland Raiders
1969,1969-10-12,4,0,0,NYG,PIT,10,7,NYG,New York Giants,Pittsburgh Steelers
1969,1969-10-12,5,0,0,KC,TEN,24,0,KC,Kansas City Chiefs,Houston Oilers
1969,1969-10-12,4,0,0,ATL,DAL,17,24,ATL,Atlanta Falcons,Dallas Cowboys
1969,1969-10-12,4,0,0,NO,CLE,17,27,NO,New Orleans Saints,Cleveland Browns
1969,1969-10-12,5,0,0,CIN,NYJ,7,21,CIN,Cincinnati Bengals,New York Jets
1969,1969-10-12,4,0,0,CHI,MIN,0,31,CHI,Chicago Bears,Minnesota Vikings
1969,1969-10-12,4,0,0,SF,LAR,21,27,SF,San Francisco 49ers,Los Angeles Rams
1969,1969-10-13,4,0,0,IND,PHI,24,20,IND,Baltimore Colts,Philadelphia Eagles
1969,1969-10-18,5,0,0,CLE,PIT,42,31,CLE,Cleveland Browns,Pittsburgh Steelers
1969,1969-10-19,5,0,0,NO,IND,10,30,NO,New Orleans Saints,Baltimore Colts
1969,1969-10-19,6,0,0,CIN,DEN,23,30,CIN,Cincinnati Bengals,Denver Broncos
1969,1969-10-19,6,0,0,KC,MIA,17,10,KC,Kansas City Chiefs,Miami Dolphins
1969,1969-10-19,5,0,0,ARI,MIN,10,27,ARI,St. Louis Cardinals,Minnesota Vikings
1969,1969-10-19,5,0,0,WSH,NYG,20,14,WSH,Washington Redskins,New York Giants
1969,1969-10-19,6,0,0,NE,LAC,10,13,NE,Boston Patriots,San Diego Chargers
1969,1969-10-19,5,0,0,DET,CHI,13,7,DET,Detroit Lions,Chicago Bears
1969,1969-10-19,5,0,0,LAR,GB,34,21,LAR,Los Angeles Rams,Green Bay Packers
1969,1969-10-19,5,0,0,SF,ATL,7,21,SF,San Francisco 49ers,Atlanta Falcons
1969,1969-10-19,6,0,0,OAK,BUF,50,21,OAK,Oakland Raiders,Buffalo Bills
1969,1969-10-19,5,0,0,DAL,PHI,49,14,DAL,Dallas Cowboys,Philadelphia Eagles
1969,1969-10-20,6,0,0,NYJ,TEN,26,17,NYJ,New York Jets,Houston Oilers
1969,1969-10-26,6,0,0,GB,ATL,28,10,GB,Green Bay Packers,Atlanta Falcons
1969,1969-10-26,6,0,0,CHI,LAR,7,9,CHI,Chicago Bears,Los Angeles Rams
1969,1969-10-26,6,0,0,IND,SF,21,24,IND,Baltimore Colts,San Francisco 49ers
1969,1969-10-26,7,0,0,NYJ,NE,23,17,NYJ,New York Jets,New England Patriots
1969,1969-10-26,6,0,0,PHI,NO,13,10,PHI,Philadelphia Eagles,New Orleans Saints
1969,1969-10-26,7,0,0,MIA,BUF,24,6,MIA,Miami Dolphins,Buffalo Bills
1969,1969-10-26,6,0,0,MIN,DET,24,10,MIN,Minnesota Vikings,Detroit Lions
1969,1969-10-26,7,0,0,TEN,DEN,24,21,TEN,Houston Oilers,Denver Broncos
1969,1969-10-26,6,0,0,CLE,ARI,21,21,CLE,Cleveland Browns,St. Louis Cardinals
1969,1969-10-26,7,0,0,KC,CIN,42,22,KC,Kansas City Chiefs,Cincinnati Bengals
1969,1969-10-26,6,0,0,PIT,WSH,7,14,PIT,Pittsburgh Steelers,Washington Redskins
1969,1969-10-26,7,0,0,LAC,OAK,12,24,LAC,San Diego Chargers,Oakland Raiders
1969,1969-10-27,6,0,0,DAL,NYG,25,3,DAL,Dallas Cowboys,New York Giants
1969,1969-11-02,8,0,0,BUF,KC,7,29,BUF,Buffalo Bills,Kansas City Chiefs
1969,1969-11-02,7,0,0,SF,DET,14,26,SF,San Francisco 49ers,Detroit Lions
1969,1969-11-02,7,0,0,IND,WSH,41,17,IND,Baltimore Colts,Washington Redskins
1969,1969-11-02,8,0,0,CIN,OAK,31,17,CIN,Cincinnati Bengals,Oakland Raiders
1969,1969-11-02,7,0,0,NYG,PHI,20,23,NYG,New York Giants,Philadelphia Eagles
1969,1969-11-02,7,0,0,ARI,NO,42,51,ARI,St. Louis Cardinals,New Orleans Saints
1969,1969-11-02,7,0,0,PIT,GB,34,38,PIT,Pittsburgh Steelers,Green Bay Packers
1969,1969-11-02,7,0,0,ATL,LAR,6,38,ATL,Atlanta Falcons,Los Angeles Rams
1969,1969-11-02,8,0,0,DEN,LAC,13,0,DEN,Denver Broncos,San Diego Chargers
1969,1969-11-02,8,0,0,NYJ,MIA,34,31,NYJ,New York Jets,Miami Dolphins
1969,1969-11-02,7,0,0,CLE,DAL,42,10,CLE,Cleveland Browns,Dallas Cowboys
1969,1969-11-02,7,0,0,MIN,CHI,31,14,MIN,Minnesota Vikings,Chicago Bears
1969,1969-11-02,8,0,0,NE,TEN,24,0,NE,Boston Patriots,Houston Oilers
1969,1969-11-09,9,0,0,NE,MIA,16,17,NE,Boston Patriots,Miami Dolphins
1969,1969-11-09,8,0,0,ARI,NYG,42,17,ARI,St. Louis Cardinals,New York Giants
1969,1969-11-09,8,0,0,CHI,PIT,38,7,CHI,Chicago Bears,Pittsburgh Steelers
1969,1969-11-09,9,0,0,OAK,DEN,41,10,OAK,Oakland Raiders,Denver Broncos
1969,1969-11-09,9,0,0,KC,LAC,27,3,KC,Kansas City Chiefs,San Diego Chargers
1969,1969-11-09,8,0,0,DAL,NO,33,17,DAL,Dallas Cowboys,New Orleans Saints
1969,1969-11-09,8,0,0,DET,ATL,27,21,DET,Detroit Lions,Atlanta Falcons
1969,1969-11-09,9,0,0,NYJ,BUF,16,6,NYJ,New York Jets,Buffalo Bills
1969,1969-11-09,8,0,0,LAR,SF,41,30,LAR,Los Angeles Rams,San Francisco 49ers
1969,1969-11-09,9,0,0,TEN,CIN,31,31,TEN,Houston Oilers,Cincinnati Bengals
1969,1969-11-09,8,0,0,MIN,CLE,51,3,MIN,Minnesota Vikings,Cleveland Browns
1969,1969-11-09,8,0,0,WSH,PHI,28,28,WSH,Washington Redskins,Philadelphia Eagles
1969,1969-11-09,8,0,0,IND,GB,14,6,IND,Baltimore Colts,Green Bay Packers
1969,1969-11-16,10,0,0,CIN,NE,14,25,CIN,Cincinnati Bengals,New England Patriots
1969,1969-11-16,10,0,0,OAK,LAC,21,16,OAK,Oakland Raiders,San Diego Chargers
1969,1969-11-16,9,0,0,WSH,DAL,28,41,WSH,Washington Redskins,Dallas Cowboys
1969,1969-11-16,9,0,0,SF,IND,20,17,SF,San Francisco 49ers,Baltimore Colts
1969,1969-11-16,9,0,0,NYG,NO,24,25,NYG,New York Giants,New Orleans Saints
1969,1969-11-16,9,0,0,GB,MIN,7,9,GB,Green Bay Packers,Minnesota Vikings
1969,1969-11-16,10,0,0,BUF,MIA,28,3,BUF,Buffalo Bills,Miami Dolphins
1969,1969-11-16,10,0,0,NYJ,KC,16,34,NYJ,New York Jets,Kansas City Chiefs
1969,1969-11-16,9,0,0,DET,ARI,20,0,DET,Detroit Lions,St. Louis Cardinals
1969,1969-11-16,9,0,0,PIT,CLE,3,24,PIT,Pittsburgh Steelers,Cleveland Browns
1969,1969-11-16,9,0,0,ATL,CHI,48,31,ATL,Atlanta Falcons,Chicago Bears
1969,1969-11-16,9,0,0,PHI,LAR,17,23,PHI,Philadelphia Eagles,Los Angeles Rams
1969,1969-11-16,10,0,0,DEN,TEN,20,20,DEN,Denver Broncos,Houston Oilers
1969,1969-11-23,10,0,0,LAR,DAL,24,23,LAR,Los Angeles Rams,Dallas Cowboys
1969,1969-11-23,11,0,0,MIA,TEN,7,32,MIA,Miami Dolphins,Houston Oilers
1969,1969-11-23,10,0,0,ARI,PHI,30,34,ARI,St. Louis Cardinals,Philadelphia Eagles
1969,1969-11-23,11,0,0,KC,OAK,24,27,KC,Kansas City Chiefs,Oakland Raiders
1969,1969-11-23,10,0,0,NO,SF,43,38,NO,New Orleans Saints,San Francisco 49ers
1969,1969-11-23,10,0,0,CLE,NYG,28,17,CLE,Cleveland Browns,New York Giants
1969,1969-11-23,10,0,0,WSH,ATL,27,20,WSH,Washington Redskins,Atlanta Falcons
1969,1969-11-23,10,0,0,MIN,PIT,52,14,MIN,Minnesota Vikings,Pittsburgh Steelers
1969,1969-11-23,11,0,0,LAC,DEN,45,24,LAC,San Diego Chargers,Denver Broncos
1969,1969-11-23,11,0,0,NE,BUF,35,21,NE,Boston Patriots,Buffalo Bills
1969,1969-11-23,11,0,0,NYJ,CIN,40,7,NYJ,New York Jets,Cincinnati Bengals
1969,1969-11-23,10,0,0,GB,DET,10,16,GB,Green Bay Packers,Detroit Lions
1969,1969-11-23,10,0,0,CHI,IND,21,24,CHI,Chicago Bears,Baltimore Colts
1969,1969-11-27,11,0,0,DAL,SF,24,24,DAL,Dallas Cowboys,San Francisco 49ers
1969,1969-11-27,12,0,0,KC,DEN,31,17,KC,Kansas City Chiefs,Denver Broncos
1969,1969-11-27,12,0,0,TEN,LAC,17,21,TEN,Houston Oilers,San Diego Chargers
1969,1969-11-27,11,0,0,DET,MIN,0,27,DET,Detroit Lions,Minnesota Vikings
1969,1969-11-30,11,0,0,WSH,LAR,13,24,WSH,Washington Redskins,Los Angeles Rams
1969,1969-11-30,12,0,0,MIA,NE,23,38,MIA,Miami Dolphins,New England Patriots
1969,1969-11-30,11,0,0,CHI,CLE,24,28,CHI,Chicago Bears,Cleveland Browns
1969,1969-11-30,11,0,0,NO,PHI,26,17,NO,New Orleans Saints,Philadelphia Eagles
1969,1969-11-30,12,0,0,BUF,CIN,16,13,BUF,Buffalo Bills,Cincinnati Bengals
1969,1969-11-30,11,0,0,ARI,PIT,47,10,ARI,St. Louis Cardinals,Pittsburgh Steelers
1969,1969-11-30,11,0,0,IND,ATL,13,6,IND,Baltimore Colts,Atlanta Falcons
1969,1969-11-30,12,0,0,NYJ,OAK,14,27,NYJ,New York Jets,Oakland Raiders
1969,1969-11-30,11,0,0,GB,NYG,20,10,GB,Green Bay Packers,New York Giants
1969,1969-12-06,12,0,0,SF,CHI,42,21,SF,San Francisco 49ers,Chicago Bears
1969,1969-12-06,13,0,0,TEN,NYJ,26,34,TEN,Houston Oilers,New York Jets
1969,1969-12-07,12,0,0,PHI,WSH,29,34,PHI,Philadelphia Eagles,Washington Redskins
1969,1969-12-07,13,0,0,KC,BUF,22,19,KC,Kansas City Chiefs,Buffalo Bills
1969,1969-12-07,13,0,0,OAK,CIN,37,17,OAK,Oakland Raiders,Cincinnati Bengals
1969,1969-12-07,12,0,0,ATL,NO,45,17,ATL,Atlanta Falcons,New Orleans Saints
1969,1969-12-07,12,0,0,CLE,GB,20,7,CLE,Cleveland Browns,Green Bay Packers
1969,1969-12-07,12,0,0,IND,DET,17,17,IND,Baltimore Colts,Detroit Lions
1969,1969-12-07,12,0,0,NYG,ARI,49,6,NYG,New York Giants,St. Louis Cardinals
1969,1969-12-07,13,0,0,MIA,DEN,27,24,MIA,Miami Dolphins,Denver Broncos
1969,1969-12-07,12,0,0,PIT,DAL,7,10,PIT,Pittsburgh Steelers,Dallas Cowboys
1969,1969-12-07,12,0,0,LAR,MIN,13,20,LAR,Los Angeles Rams,Minnesota Vikings
1969,1969-12-07,13,0,0,LAC,NE,28,18,LAC,San Diego Chargers,New England Patriots
1969,1969-12-13,14,0,0,OAK,KC,10,6,OAK,Oakland Raiders,Kansas City Chiefs
1969,1969-12-13,13,0,0,DAL,IND,27,10,DAL,Dallas Cowboys,Baltimore Colts
1969,1969-12-14,13,0,0,ARI,CLE,21,27,ARI,St. Louis Cardinals,Cleveland Browns
1969,1969-12-14,14,0,0,LAC,BUF,45,6,LAC,San Diego Chargers,Buffalo Bills
1969,1969-12-14,13,0,0,MIN,SF,10,7,MIN,Minnesota Vikings,San Francisco 49ers
1969,1969-12-14,13,0,0,DET,LAR,28,0,DET,Detroit Lions,Los Angeles Rams
1969,1969-12-14,13,0,0,PHI,ATL,3,27,PHI,Philadelphia Eagles,Atlanta Falcons
1969,1969-12-14,14,0,0,DEN,CIN,27,16,DEN,Denver Broncos,Cincinnati Bengals
1969,1969-12-14,13,0,0,CHI,GB,3,21,CHI,Chicago Bears,Green Bay Packers
1969,1969-12-14,14,0,0,TEN,NE,27,23,TEN,Houston Oilers,New England Patriots
1969,1969-12-14,14,0,0,MIA,NYJ,9,27,MIA,Miami Dolphins,New York Jets
1969,1969-12-14,13,0,0,PIT,NYG,17,21,PIT,Pittsburgh Steelers,New York Giants
1969,1969-12-14,13,0,0,WSH,NO,17,14,WSH,Washington Redskins,New Orleans Saints
1969,1969-12-20,Division,1,0,NYJ,KC,6,13,NYJ,New York Jets,Kansas City Chiefs
1969,1969-12-21,14,0,0,SF,PHI,14,13,SF,San Francisco 49ers,Philadelphia Eagles
1969,1969-12-21,14,0,0,GB,ARI,45,28,GB,Green Bay Packers,St. Louis Cardinals
1969,1969-12-21,14,0,0,ATL,MIN,10,3,ATL,Atlanta Falcons,Minnesota Vikings
1969,1969-12-21,14,0,0,NO,PIT,27,24,NO,New Orleans Saints,Pittsburgh Steelers
1969,1969-12-21,14,0,0,DAL,WSH,20,10,DAL,Dallas Cowboys,Washington Redskins
1969,1969-12-21,Division,1,0,OAK,TEN,56,7,OAK,Oakland Raiders,Houston Oilers
1969,1969-12-21,14,0,0,NYG,CLE,27,14,NYG,New York Giants,Cleveland Browns
1969,1969-12-21,14,0,0,LAR,IND,7,13,LAR,Los Angeles Rams,Baltimore Colts
1969,1969-12-21,14,0,0,CHI,DET,3,20,CHI,Chicago Bears,Detroit Lions
1969,1969-12-27,Division,1,0,MIN,LAR,23,20,MIN,Minnesota Vikings,Los Angeles Rams
1969,1969-12-28,Division,1,0,DAL,CLE,14,38,DAL,Dallas Cowboys,Cleveland Browns
1969,1970-01-04,Conference,1,0,MIN,CLE,27,7,MIN,Minnesota Vikings,Cleveland Browns
1969,1970-01-04,Conference,1,0,OAK,KC,7,17,OAK,Oakland Raiders,Kansas City Chiefs
1969,1970-01-11,Superbowl,1,1,MIN,KC,7,23,KC,Kansas City Chiefs,Minnesota Vikings
1970,1970-09-18,1,0,0,LAR,ARI,34,13,LAR,Los Angeles Rams,St. Louis Cardinals
1970,1970-09-19,1,0,0,NYG,CHI,16,24,NYG,New York Giants,Chicago Bears
1970,1970-09-20,1,0,0,LAC,IND,14,16,LAC,San Diego Chargers,Baltimore Colts
1970,1970-09-20,1,0,0,CIN,OAK,31,21,CIN,Cincinnati Bengals,Oakland Raiders
1970,1970-09-20,1,0,0,SF,WSH,26,17,SF,San Francisco 49ers,Washington Redskins
1970,1970-09-20,1,0,0,PHI,DAL,7,17,PHI,Philadelphia Eagles,Dallas Cowboys
1970,1970-09-20,1,0,0,BUF,DEN,10,25,BUF,Buffalo Bills,Denver Broncos
1970,1970-09-20,1,0,0,GB,DET,0,40,GB,Green Bay Packers,Detroit Lions
1970,1970-09-20,1,0,0,MIN,KC,27,10,MIN,Minnesota Vikings,Kansas City Chiefs
1970,1970-09-20,1,0,0,NO,ATL,3,14,NO,New Orleans Saints,Atlanta Falcons
1970,1970-09-20,1,0,0,NE,MIA,27,14,NE,Boston Patriots,Miami Dolphins
1970,1970-09-20,1,0,0,PIT,TEN,7,19,PIT,Pittsburgh Steelers,Houston Oilers
1970,1970-09-21,1,0,0,CLE,NYJ,31,21,CLE,Cleveland Browns,New York Jets
1970,1970-09-27,2,0,0,CHI,PHI,20,16,CHI,Chicago Bears,Philadelphia Eagles
1970,1970-09-27,2,0,0,LAC,OAK,27,27,LAC,San Diego Chargers,Oakland Raiders
1970,1970-09-27,2,0,0,SF,CLE,34,31,SF,San Francisco 49ers,Cleveland Browns
1970,1970-09-27,2,0,0,NE,NYJ,21,31,NE,Boston Patriots,New York Jets
1970,1970-09-27,2,0,0,MIN,NO,26,0,MIN,Minnesota Vikings,New Orleans Saints
1970,1970-09-27,2,0,0,GB,ATL,27,24,GB,Green Bay Packers,Atlanta Falcons
1970,1970-09-27,2,0,0,DET,CIN,38,3,DET,Detroit Lions,Cincinnati Bengals
1970,1970-09-27,2,0,0,DEN,PIT,16,13,DEN,Denver Broncos,Pittsburgh Steelers
1970,1970-09-27,2,0,0,DAL,NYG,28,10,DAL,Dallas Cowboys,New York Giants
1970,1970-09-27,2,0,0,ARI,WSH,27,17,ARI,St. Louis Cardinals,Washington Redskins
1970,1970-09-27,2,0,0,TEN,MIA,10,20,TEN,Houston Oilers,Miami Dolphins
1970,1970-09-27,2,0,0,BUF,LAR,0,19,BUF,Buffalo Bills,Los Angeles Rams
1970,1970-09-28,2,0,0,IND,KC,24,44,IND,Baltimore Colts,Kansas City Chiefs
1970,1970-10-03,3,0,0,CLE,PIT,15,7,CLE,Cleveland Browns,Pittsburgh Steelers
1970,1970-10-03,3,0,0,MIA,OAK,20,13,MIA,Miami Dolphins,Oakland Raiders
1970,1970-10-04,3,0,0,CIN,TEN,13,20,CIN,Cincinnati Bengals,Houston Oilers
1970,1970-10-04,3,0,0,NE,IND,6,14,NE,Boston Patriots,Baltimore Colts
1970,1970-10-04,3,0,0,ATL,SF,21,20,ATL,Atlanta Falcons,San Francisco 49ers
1970,1970-10-04,3,0,0,DEN,KC,26,13,DEN,Denver Broncos,Kansas City Chiefs
1970,1970-10-04,3,0,0,BUF,NYJ,34,31,BUF,Buffalo Bills,New York Jets
1970,1970-10-04,3,0,0,PHI,WSH,21,33,PHI,Philadelphia Eagles,Washington Redskins
1970,1970-10-04,3,0,0,GB,MIN,13,10,GB,Green Bay Packers,Minnesota Vikings
1970,1970-10-04,3,0,0,NO,NYG,14,10,NO,New Orleans Saints,New York Giants
1970,1970-10-04,3,0,0,LAR,LAC,37,10,LAR,Los Angeles Rams,San Diego Chargers
1970,1970-10-04,3,0,0,ARI,DAL,20,7,ARI,St. Louis Cardinals,Dallas Cowboys
1970,1970-10-05,3,0,0,DET,CHI,28,14,DET,Detroit Lions,Chicago Bears
1970,1970-10-10,4,0,0,NYJ,MIA,6,20,NYJ,New York Jets,Miami Dolphins
1970,1970-10-11,4,0,0,WSH,DET,31,10,WSH,Washington Redskins,Detroit Lions
1970,1970-10-11,4,0,0,LAR,SF,6,20,LAR,Los Angeles Rams,San Francisco 49ers
1970,1970-10-11,4,0,0,PIT,BUF,23,10,PIT,Pittsburgh Steelers,Buffalo Bills
1970,1970-10-11,4,0,0,TEN,IND,20,24,TEN,Houston Oilers,Baltimore Colts
1970,1970-10-11,4,0,0,NYG,PHI,30,23,NYG,New York Giants,Philadelphia Eagles
1970,1970-10-11,4,0,0,KC,NE,23,10,KC,Kansas City Chiefs,Boston Patriots
1970,1970-10-11,4,0,0,DAL,ATL,13,0,DAL,Dallas Cowboys,Atlanta Falcons
1970,1970-10-11,4,0,0,ARI,NO,24,17,ARI,St. Louis Cardinals,New Orleans Saints
1970,1970-10-11,4,0,0,CLE,CIN,30,27,CLE,Cleveland Browns,Cincinnati Bengals
1970,1970-10-11,4,0,0,CHI,MIN,0,24,CHI,Chicago Bears,Minnesota Vikings
1970,1970-10-11,4,0,0,OAK,DEN,35,23,OAK,Oakland Raiders,Denver Broncos
1970,1970-10-12,4,0,0,LAC,GB,20,22,LAC,San Diego Chargers,Green Bay Packers
1970,1970-10-18,5,0,0,SF,NO,20,20,SF,San Francisco 49ers,New Orleans Saints
1970,1970-10-18,5,0,0,PHI,ARI,20,35,PHI,Philadelphia Eagles,St. Louis Cardinals
1970,1970-10-18,5,0,0,TEN,PIT,3,7,TEN,Houston Oilers,Pittsburgh Steelers
1970,1970-10-18,5,0,0,NYJ,IND,22,29,NYJ,New York Jets,Baltimore Colts
1970,1970-10-18,5,0,0,NE,NYG,0,16,NE,Boston Patriots,New York Giants
1970,1970-10-18,5,0,0,MIN,DAL,54,13,MIN,Minnesota Vikings,Dallas Cowboys
1970,1970-10-18,5,0,0,DEN,ATL,24,10,DEN,Denver Broncos,Atlanta Falcons
1970,1970-10-18,5,0,0,CLE,DET,24,41,CLE,Cleveland Browns,Detroit Lions
1970,1970-10-18,5,0,0,CIN,KC,19,27,CIN,Cincinnati Bengals,Kansas City Chiefs
1970,1970-10-18,5,0,0,BUF,MIA,14,33,BUF,Buffalo Bills,Miami Dolphins
1970,1970-10-18,5,0,0,GB,LAR,21,31,GB,Green Bay Packers,Los Angeles Rams
1970,1970-10-18,5,0,0,CHI,LAC,7,20,CHI,Chicago Bears,San Diego Chargers
1970,1970-10-19,5,0,0,OAK,WSH,34,20,OAK,Oakland Raiders,Washington Redskins
1970,1970-10-25,6,0,0,NYG,ARI,35,17,NYG,New York Giants,St. Louis Cardinals
1970,1970-10-25,6,0,0,MIA,CLE,0,28,MIA,Miami Dolphins,Cleveland Browns
1970,1970-10-25,6,0,0,KC,DAL,16,27,KC,Kansas City Chiefs,Dallas Cowboys
1970,1970-10-25,6,0,0,GB,PHI,30,17,GB,Green Bay Packers,Philadelphia Eagles
1970,1970-10-25,6,0,0,IND,NE,27,3,IND,Baltimore Colts,Boston Patriots
1970,1970-10-25,6,0,0,CHI,DET,10,16,CHI,Chicago Bears,Detroit Lions
1970,1970-10-25,6,0,0,ATL,NO,32,14,ATL,Atlanta Falcons,New Orleans Saints
1970,1970-10-25,6,0,0,NYJ,BUF,6,10,NYJ,New York Jets,Buffalo Bills
1970,1970-10-25,6,0,0,WSH,CIN,20,0,WSH,Washington Redskins,Cincinnati Bengals
1970,1970-10-25,6,0,0,LAC,TEN,31,31,LAC,San Diego Chargers,Houston Oilers
1970,1970-10-25,6,0,0,SF,DEN,19,14,SF,San Francisco 49ers,Denver Broncos
1970,1970-10-25,6,0,0,OAK,PIT,31,14,OAK,Oakland Raiders,Pittsburgh Steelers
1970,1970-10-26,6,0,0,MIN,LAR,13,3,MIN,Minnesota Vikings,Los Angeles Rams
1970,1970-11-01,7,0,0,DAL,PHI,21,17,DAL,Dallas Cowboys,Philadelphia Eagles
1970,1970-11-01,7,0,0,CLE,LAC,10,27,CLE,Cleveland Browns,San Diego Chargers
1970,1970-11-01,7,0,0,ATL,CHI,14,23,ATL,Atlanta Falcons,Chicago Bears
1970,1970-11-01,7,0,0,ARI,TEN,44,0,ARI,St. Louis Cardinals,Houston Oilers
1970,1970-11-01,7,0,0,NO,LAR,17,30,NO,New Orleans Saints,Los Angeles Rams
1970,1970-11-01,7,0,0,SF,GB,26,10,SF,San Francisco 49ers,Green Bay Packers
1970,1970-11-01,7,0,0,DET,MIN,17,30,DET,Detroit Lions,Minnesota Vikings
1970,1970-11-01,7,0,0,DEN,WSH,3,19,DEN,Denver Broncos,Washington Redskins
1970,1970-11-01,7,0,0,IND,MIA,35,0,IND,Baltimore Colts,Miami Dolphins
1970,1970-11-01,7,0,0,NYJ,NYG,10,22,NYJ,New York Jets,New York Giants
1970,1970-11-01,7,0,0,NE,BUF,10,45,NE,Boston Patriots,Buffalo Bills
1970,1970-11-01,7,0,0,KC,OAK,17,17,KC,Kansas City Chiefs,Oakland Raiders
1970,1970-11-02,7,0,0,PIT,CIN,21,10,PIT,Pittsburgh Steelers,Cincinnati Bengals
1970,1970-11-08,8,0,0,ARI,NE,31,0,ARI,St. Louis Cardinals,Boston Patriots
1970,1970-11-08,8,0,0,BUF,CIN,14,43,BUF,Buffalo Bills,Cincinnati Bengals
1970,1970-11-08,8,0,0,NO,DET,19,17,NO,New Orleans Saints,Detroit Lions
1970,1970-11-08,8,0,0,LAC,DEN,24,21,LAC,San Diego Chargers,Denver Broncos
1970,1970-11-08,8,0,0,LAR,ATL,10,10,LAR,Los Angeles Rams,Atlanta Falcons
1970,1970-11-08,8,0,0,WSH,MIN,10,19,WSH,Washington Redskins,Minnesota Vikings
1970,1970-11-08,8,0,0,OAK,CLE,23,20,OAK,Oakland Raiders,Cleveland Browns
1970,1970-11-08,8,0,0,PIT,NYJ,21,17,PIT,Pittsburgh Steelers,New York Jets
1970,1970-11-08,8,0,0,PHI,MIA,24,17,PHI,Philadelphia Eagles,Miami Dolphins
1970,1970-11-08,8,0,0,NYG,DAL,23,20,NYG,New York Giants,Dallas Cowboys
1970,1970-11-08,8,0,0,KC,TEN,24,9,KC,Kansas City Chiefs,Houston Oilers
1970,1970-11-08,8,0,0,CHI,SF,16,37,CHI,Chicago Bears,San Francisco 49ers
1970,1970-11-09,8,0,0,GB,IND,10,13,GB,Green Bay Packers,Baltimore Colts
1970,1970-11-15,9,0,0,IND,BUF,17,17,IND,Baltimore Colts,Buffalo Bills
1970,1970-11-15,9,0,0,CIN,CLE,14,10,CIN,Cincinnati Bengals,Cleveland Browns
1970,1970-11-15,9,0,0,LAR,NYJ,20,31,LAR,Los Angeles Rams,New York Jets
1970,1970-11-15,9,0,0,PHI,ATL,13,13,PHI,Philadelphia Eagles,Atlanta Falcons
1970,1970-11-15,9,0,0,PIT,KC,14,31,PIT,Pittsburgh Steelers,Kansas City Chiefs
1970,1970-11-15,9,0,0,GB,CHI,20,19,GB,Green Bay Packers,Chicago Bears
1970,1970-11-15,9,0,0,DEN,OAK,19,24,DEN,Denver Broncos,Oakland Raiders
1970,1970-11-15,9,0,0,NE,LAC,14,16,NE,Boston Patriots,San Diego Chargers
1970,1970-11-15,9,0,0,MIN,DET,24,20,MIN,Minnesota Vikings,Detroit Lions
1970,1970-11-15,9,0,0,TEN,SF,20,30,TEN,Houston Oilers,San Francisco 49ers
1970,1970-11-15,9,0,0,NYG,WSH,35,33,NYG,New York Giants,Washington Redskins
1970,1970-11-15,9,0,0,MIA,NO,21,10,MIA,Miami Dolphins,New Orleans Saints
1970,1970-11-16,9,0,0,DAL,ARI,0,38,DAL,Dallas Cowboys,St. Louis Cardinals
1970,1970-11-22,10,0,0,NO,DEN,6,31,NO,New Orleans Saints,Denver Broncos
1970,1970-11-22,10,0,0,CLE,TEN,28,14,CLE,Cleveland Browns,Houston Oilers
1970,1970-11-22,10,0,0,DET,SF,28,7,DET,Detroit Lions,San Francisco 49ers
1970,1970-11-22,10,0,0,KC,ARI,6,6,KC,Kansas City Chiefs,St. Louis Cardinals
1970,1970-11-22,10,0,0,NYJ,NE,17,3,NYJ,New York Jets,Boston Patriots
1970,1970-11-22,10,0,0,MIA,IND,34,17,MIA,Miami Dolphins,Baltimore Colts
1970,1970-11-22,10,0,0,MIN,GB,10,3,MIN,Minnesota Vikings,Green Bay Packers
1970,1970-11-22,10,0,0,CIN,PIT,34,7,CIN,Cincinnati Bengals,Pittsburgh Steelers
1970,1970-11-22,10,0,0,WSH,DAL,21,45,WSH,Washington Redskins,Dallas Cowboys
1970,1970-11-22,10,0,0,ATL,LAR,7,17,ATL,Atlanta Falcons,Los Angeles Rams
1970,1970-11-22,10,0,0,OAK,LAC,20,17,OAK,Oakland Raiders,San Diego Chargers
1970,1970-11-22,10,0,0,CHI,BUF,31,13,CHI,Chicago Bears,Buffalo Bills
1970,1970-11-23,10,0,0,PHI,NYG,23,20,PHI,Philadelphia Eagles,New York Giants
1970,1970-11-26,11,0,0,DET,OAK,28,14,DET,Detroit Lions,Oakland Raiders
1970,1970-11-26,11,0,0,DAL,GB,16,3,DAL,Dallas Cowboys,Green Bay Packers
1970,1970-11-29,11,0,0,BUF,NE,10,14,BUF,Buffalo Bills,Boston Patriots
1970,1970-11-29,11,0,0,SF,LAR,13,30,SF,San Francisco 49ers,Los Angeles Rams
1970,1970-11-29,11,0,0,ARI,PHI,23,14,ARI,St. Louis Cardinals,Philadelphia Eagles
1970,1970-11-29,11,0,0,IND,CHI,21,20,IND,Baltimore Colts,Chicago Bears
1970,1970-11-29,11,0,0,CIN,NO,26,6,CIN,Cincinnati Bengals,New Orleans Saints
1970,1970-11-29,11,0,0,WSH,NYG,24,27,WSH,Washington Redskins,New York Giants
1970,1970-11-29,11,0,0,PIT,CLE,28,9,PIT,Pittsburgh Steelers,Cleveland Browns
1970,1970-11-29,11,0,0,TEN,DEN,31,21,TEN,Houston Oilers,Denver Broncos
1970,1970-11-29,11,0,0,NYJ,MIN,20,10,NYJ,New York Jets,Minnesota Vikings
1970,1970-11-29,11,0,0,KC,LAC,26,14,KC,Kansas City Chiefs,San Diego Chargers
1970,1970-11-30,11,0,0,ATL,MIA,7,20,ATL,Atlanta Falcons,Miami Dolphins
1970,1970-12-05,12,0,0,MIN,CHI,16,13,MIN,Minnesota Vikings,Chicago Bears
1970,1970-12-06,12,0,0,DAL,WSH,34,0,DAL,Dallas Cowboys,Washington Redskins
1970,1970-12-06,12,0,0,LAR,NO,34,16,LAR,Los Angeles Rams,New Orleans Saints
1970,1970-12-06,12,0,0,NYJ,OAK,13,14,NYJ,New York Jets,Oakland Raiders
1970,1970-12-06,12,0,0,NYG,BUF,20,6,NYG,New York Giants,Buffalo Bills
1970,1970-12-06,12,0,0,MIA,NE,37,20,MIA,Miami Dolphins,Boston Patriots
1970,1970-12-06,12,0,0,SF,ATL,24,20,SF,San Francisco 49ers,Atlanta Falcons
1970,1970-12-06,12,0,0,KC,DEN,16,0,KC,Kansas City Chiefs,Denver Broncos
1970,1970-12-06,12,0,0,IND,PHI,29,10,IND,Baltimore Colts,Philadelphia Eagles
1970,1970-12-06,12,0,0,LAC,CIN,14,17,LAC,San Diego Chargers,Cincinnati Bengals
1970,1970-12-06,12,0,0,DET,ARI,16,3,DET,Detroit Lions,St. Louis Cardinals
1970,1970-12-06,12,0,0,PIT,GB,12,20,PIT,Pittsburgh Steelers,Green Bay Packers
1970,1970-12-07,12,0,0,TEN,CLE,10,21,TEN,Houston Oilers,Cleveland Browns
1970,1970-12-12,13,0,0,CLE,DAL,2,6,CLE,Cleveland Browns,Dallas Cowboys
1970,1970-12-12,13,0,0,OAK,KC,20,6,OAK,Oakland Raiders,Kansas City Chiefs
1970,1970-12-13,13,0,0,ARI,NYG,17,34,ARI,St. Louis Cardinals,New York Giants
1970,1970-12-13,13,0,0,DEN,LAC,17,17,DEN,Denver Broncos,San Diego Chargers
1970,1970-12-13,13,0,0,TEN,CIN,20,30,TEN,Houston Oilers,Cincinnati Bengals
1970,1970-12-13,13,0,0,NE,MIN,14,35,NE,Boston Patriots,Minnesota Vikings
1970,1970-12-13,13,0,0,NO,SF,27,38,NO,New Orleans Saints,San Francisco 49ers
1970,1970-12-13,13,0,0,MIA,NYJ,16,10,MIA,Miami Dolphins,New York Jets
1970,1970-12-13,13,0,0,CHI,GB,35,17,CHI,Chicago Bears,Green Bay Packers
1970,1970-12-13,13,0,0,BUF,IND,14,20,BUF,Buffalo Bills,Baltimore Colts
1970,1970-12-13,13,0,0,ATL,PIT,27,16,ATL,Atlanta Falcons,Pittsburgh Steelers
1970,1970-12-13,13,0,0,WSH,PHI,24,6,WSH,Washington Redskins,Philadelphia Eagles
1970,1970-12-14,13,0,0,LAR,DET,23,28,LAR,Los Angeles Rams,Detroit Lions
1970,1970-12-19,14,0,0,IND,NYJ,35,20,IND,Baltimore Colts,New York Jets
1970,1970-12-20,14,0,0,CIN,NE,45,7,CIN,Cincinnati Bengals,Boston Patriots
1970,1970-12-20,14,0,0,ATL,MIN,7,37,ATL,Atlanta Falcons,Minnesota Vikings
1970,1970-12-20,14,0,0,DET,GB,20,0,DET,Detroit Lions,Green Bay Packers
1970,1970-12-20,14,0,0,NYG,LAR,3,31,NYG,New York Giants,Los Angeles Rams
1970,1970-12-20,14,0,0,MIA,BUF,45,7,MIA,Miami Dolphins,Buffalo Bills
1970,1970-12-20,14,0,0,NO,CHI,3,24,NO,New Orleans Saints,Chicago Bears
1970,1970-12-20,14,0,0,PHI,PIT,30,20,PHI,Philadelphia Eagles,Pittsburgh Steelers
1970,1970-12-20,14,0,0,OAK,SF,7,38,OAK,Oakland Raiders,San Francisco 49ers
1970,1970-12-20,14,0,0,LAC,KC,31,13,LAC,San Diego Chargers,Kansas City Chiefs
1970,1970-12-20,14,0,0,WSH,ARI,28,27,WSH,Washington Redskins,St. Louis Cardinals
1970,1970-12-20,14,0,0,DAL,TEN,52,10,DAL,Dallas Cowboys,Houston Oilers
1970,1970-12-20,14,0,0,DEN,CLE,13,27,DEN,Denver Broncos,Cleveland Browns
1970,1970-12-26,Division,1,0,IND,CIN,17,0,IND,Baltimore Colts,Cincinnati Bengals
1970,1970-12-26,Division,1,0,DAL,DET,5,0,DAL,Dallas Cowboys,Detroit Lions
1970,1970-12-27,Division,1,0,MIN,SF,14,17,MIN,Minnesota Vikings,San Francisco 49ers
1970,1970-12-27,Division,1,0,OAK,MIA,21,14,OAK,Oakland Raiders,Miami Dolphins
1970,1971-01-03,Conference,1,0,SF,DAL,10,17,SF,San Francisco 49ers,Dallas Cowboys
1970,1971-01-03,Conference,1,0,IND,OAK,27,17,IND,Baltimore Colts,Oakland Raiders
1970,1971-01-17,Superbowl,1,1,DAL,IND,13,16,IND,Baltimore Colts,Dallas Cowboys
1971,1971-09-19,1,0,0,ATL,SF,20,17,ATL,Atlanta Falcons,San Francisco 49ers
1971,1971-09-19,1,0,0,CHI,PIT,17,15,CHI,Chicago Bears,Pittsburgh Steelers
1971,1971-09-19,1,0,0,LAC,KC,21,14,LAC,San Diego Chargers,Kansas City Chiefs
1971,1971-09-19,1,0,0,NO,LAR,24,20,NO,New Orleans Saints,Los Angeles Rams
1971,1971-09-19,1,0,0,GB,NYG,40,42,GB,Green Bay Packers,New York Giants
1971,1971-09-19,1,0,0,DEN,MIA,10,10,DEN,Denver Broncos,Miami Dolphins
1971,1971-09-19,1,0,0,ARI,WSH,17,24,ARI,St. Louis Cardinals,Washington Redskins
1971,1971-09-19,1,0,0,IND,NYJ,22,0,IND,Baltimore Colts,New York Jets
1971,1971-09-19,1,0,0,CLE,TEN,31,0,CLE,Cleveland Browns,Houston Oilers
1971,1971-09-19,1,0,0,NE,OAK,20,6,NE,New England Patriots,Oakland Raiders
1971,1971-09-19,1,0,0,CIN,PHI,37,14,CIN,Cincinnati Bengals,Philadelphia Eagles
1971,1971-09-19,1,0,0,BUF,DAL,37,49,BUF,Buffalo Bills,Dallas Cowboys
1971,1971-09-20,1,0,0,DET,MIN,13,16,DET,Detroit Lions,Minnesota Vikings
1971,1971-09-26,2,0,0,BUF,MIA,14,29,BUF,Buffalo Bills,Miami Dolphins
1971,1971-09-26,2,0,0,NYG,WSH,3,30,NYG,New York Giants,Washington Redskins
1971,1971-09-26,2,0,0,LAC,OAK,0,34,LAC,San Diego Chargers,Oakland Raiders
1971,1971-09-26,2,0,0,PHI,DAL,7,42,PHI,Philadelphia Eagles,Dallas Cowboys
1971,1971-09-26,2,0,0,PIT,CIN,21,10,PIT,Pittsburgh Steelers,Cincinnati Bengals
1971,1971-09-26,2,0,0,IND,CLE,13,14,IND,Baltimore Colts,Cleveland Browns
1971,1971-09-26,2,0,0,GB,DEN,34,13,GB,Green Bay Packers,Denver Broncos
1971,1971-09-26,2,0,0,MIN,CHI,17,20,MIN,Minnesota Vikings,Chicago Bears
1971,1971-09-26,2,0,0,LAR,ATL,20,20,LAR,Los Angeles Rams,Atlanta Falcons
1971,1971-09-26,2,0,0,NO,SF,20,38,NO,New Orleans Saints,San Francisco 49ers
1971,1971-09-26,2,0,0,NE,DET,7,34,NE,New England Patriots,Detroit Lions
1971,1971-09-26,2,0,0,TEN,KC,16,20,TEN,Houston Oilers,Kansas City Chiefs
1971,1971-09-27,2,0,0,ARI,NYJ,17,10,ARI,St. Louis Cardinals,New York Jets
1971,1971-10-03,3,0,0,TEN,NO,13,13,TEN,Houston Oilers,New Orleans Saints
1971,1971-10-03,3,0,0,LAR,CHI,17,3,LAR,Los Angeles Rams,Chicago Bears
1971,1971-10-03,3,0,0,PIT,LAC,21,17,PIT,Pittsburgh Steelers,San Diego Chargers
1971,1971-10-03,3,0,0,ARI,NYG,20,21,ARI,St. Louis Cardinals,New York Giants
1971,1971-10-03,3,0,0,DAL,WSH,16,20,DAL,Dallas Cowboys,Washington Redskins
1971,1971-10-03,3,0,0,PHI,SF,3,31,PHI,Philadelphia Eagles,San Francisco 49ers
1971,1971-10-03,3,0,0,DEN,KC,3,16,DEN,Denver Broncos,Kansas City Chiefs
1971,1971-10-03,3,0,0,NE,IND,3,23,NE,New England Patriots,Baltimore Colts
1971,1971-10-03,3,0,0,MIN,BUF,19,0,MIN,Minnesota Vikings,Buffalo Bills
1971,1971-10-03,3,0,0,MIA,NYJ,10,14,MIA,Miami Dolphins,New York Jets
1971,1971-10-03,3,0,0,GB,CIN,20,17,GB,Green Bay Packers,Cincinnati Bengals
1971,1971-10-03,3,0,0,DET,ATL,41,38,DET,Detroit Lions,Atlanta Falcons
1971,1971-10-04,3,0,0,CLE,OAK,20,34,CLE,Cleveland Browns,Oakland Raiders
1971,1971-10-10,4,0,0,NE,NYJ,20,0,NE,New England Patriots,New York Jets
1971,1971-10-10,4,0,0,WSH,TEN,22,13,WSH,Washington Redskins,Houston Oilers
1971,1971-10-10,4,0,0,KC,LAC,31,10,KC,Kansas City Chiefs,San Diego Chargers
1971,1971-10-10,4,0,0,ATL,ARI,9,26,ATL,Atlanta Falcons,St. Louis Cardinals
1971,1971-10-10,4,0,0,BUF,IND,0,43,BUF,Buffalo Bills,Baltimore Colts
1971,1971-10-10,4,0,0,CHI,NO,35,14,CHI,Chicago Bears,New Orleans Saints
1971,1971-10-10,4,0,0,CIN,MIA,13,23,CIN,Cincinnati Bengals,Miami Dolphins
1971,1971-10-10,4,0,0,CLE,PIT,27,17,CLE,Cleveland Browns,Pittsburgh Steelers
1971,1971-10-10,4,0,0,PHI,MIN,0,13,PHI,Philadelphia Eagles,Minnesota Vikings
1971,1971-10-10,4,0,0,DEN,OAK,16,27,DEN,Denver Broncos,Oakland Raiders
1971,1971-10-10,4,0,0,DET,GB,31,28,DET,Detroit Lions,Green Bay Packers
1971,1971-10-10,4,0,0,SF,LAR,13,20,SF,San Francisco 49ers,Los Angeles Rams
1971,1971-10-11,4,0,0,DAL,NYG,20,13,DAL,Dallas Cowboys,New York Giants
1971,1971-10-17,5,0,0,NO,DAL,24,14,NO,New Orleans Saints,Dallas Cowboys
1971,1971-10-17,5,0,0,WSH,ARI,20,0,WSH,Washington Redskins,St. Louis Cardinals
1971,1971-10-17,5,0,0,DEN,LAC,20,16,DEN,Denver Broncos,San Diego Chargers
1971,1971-10-17,5,0,0,NYG,IND,7,31,NYG,New York Giants,Baltimore Colts
1971,1971-10-17,5,0,0,NYJ,BUF,28,17,NYJ,New York Jets,Buffalo Bills
1971,1971-10-17,5,0,0,TEN,DET,7,31,TEN,Houston Oilers,Detroit Lions
1971,1971-10-17,5,0,0,OAK,PHI,34,10,OAK,Oakland Raiders,Philadelphia Eagles
1971,1971-10-17,5,0,0,ATL,LAR,16,24,ATL,Atlanta Falcons,Los Angeles Rams
1971,1971-10-17,5,0,0,SF,CHI,13,0,SF,San Francisco 49ers,Chicago Bears
1971,1971-10-17,5,0,0,MIA,NE,41,3,MIA,Miami Dolphins,New England Patriots
1971,1971-10-17,5,0,0,CIN,CLE,24,27,CIN,Cincinnati Bengals,Cleveland Browns
1971,1971-10-17,5,0,0,GB,MIN,13,24,GB,Green Bay Packers,Minnesota Vikings
1971,1971-10-18,5,0,0,KC,PIT,38,16,KC,Kansas City Chiefs,Pittsburgh Steelers
1971,1971-10-23,6,0,0,LAC,BUF,20,3,LAC,San Diego Chargers,Buffalo Bills
1971,1971-10-24,6,0,0,ARI,SF,14,26,ARI,St. Louis Cardinals,San Francisco 49ers
1971,1971-10-24,6,0,0,LAR,GB,30,13,LAR,Los Angeles Rams,Green Bay Packers
1971,1971-10-24,6,0,0,OAK,CIN,31,27,OAK,Oakland Raiders,Cincinnati Bengals
1971,1971-10-24,6,0,0,PIT,TEN,23,16,PIT,Pittsburgh Steelers,Houston Oilers
1971,1971-10-24,6,0,0,PHI,NYG,23,7,PHI,Philadelphia Eagles,New York Giants
1971,1971-10-24,6,0,0,NYJ,MIA,14,30,NYJ,New York Jets,Miami Dolphins
1971,1971-10-24,6,0,0,KC,WSH,27,20,KC,Kansas City Chiefs,Washington Redskins
1971,1971-10-24,6,0,0,DET,CHI,23,28,DET,Detroit Lions,Chicago Bears
1971,1971-10-24,6,0,0,DAL,NE,44,21,DAL,Dallas Cowboys,New England Patriots
1971,1971-10-24,6,0,0,ATL,NO,28,6,ATL,Atlanta Falcons,New Orleans Saints
1971,1971-10-24,6,0,0,CLE,DEN,0,27,CLE,Cleveland Browns,Denver Broncos
1971,1971-10-25,6,0,0,MIN,IND,10,3,MIN,Minnesota Vikings,Baltimore Colts
1971,1971-10-31,7,0,0,LAC,NYJ,49,21,LAC,San Diego Chargers,New York Jets
1971,1971-10-31,7,0,0,TEN,CIN,10,6,TEN,Houston Oilers,Cincinnati Bengals
1971,1971-10-31,7,0,0,LAR,MIA,14,20,LAR,Los Angeles Rams,Miami Dolphins
1971,1971-10-31,7,0,0,CHI,DAL,23,19,CHI,Chicago Bears,Dallas Cowboys
1971,1971-10-31,7,0,0,NYG,MIN,10,17,NYG,New York Giants,Minnesota Vikings
1971,1971-10-31,7,0,0,CLE,ATL,14,31,CLE,Cleveland Browns,Atlanta Falcons
1971,1971-10-31,7,0,0,OAK,KC,20,20,OAK,Oakland Raiders,Kansas City Chiefs
1971,1971-10-31,7,0,0,BUF,ARI,23,28,BUF,Buffalo Bills,St. Louis Cardinals
1971,1971-10-31,7,0,0,IND,PIT,34,21,IND,Baltimore Colts,Pittsburgh Steelers
1971,1971-10-31,7,0,0,PHI,DEN,17,16,PHI,Philadelphia Eagles,Denver Broncos
1971,1971-10-31,7,0,0,WSH,NO,24,14,WSH,Washington Redskins,New Orleans Saints
1971,1971-10-31,7,0,0,SF,NE,27,10,SF,San Francisco 49ers,New England Patriots
1971,1971-11-01,7,0,0,GB,DET,14,14,GB,Green Bay Packers,Detroit Lions
1971,1971-11-07,8,0,0,MIA,BUF,34,0,MIA,Miami Dolphins,Buffalo Bills
1971,1971-11-07,8,0,0,CIN,ATL,6,9,CIN,Cincinnati Bengals,Atlanta Falcons
1971,1971-11-07,8,0,0,ARI,DAL,13,16,ARI,St. Louis Cardinals,Dallas Cowboys
1971,1971-11-07,8,0,0,NE,TEN,28,20,NE,New England Patriots,Houston Oilers
1971,1971-11-07,8,0,0,NYG,LAC,35,17,NYG,New York Giants,San Diego Chargers
1971,1971-11-07,8,0,0,DEN,DET,20,24,DEN,Denver Broncos,Detroit Lions
1971,1971-11-07,8,0,0,CHI,GB,14,17,CHI,Chicago Bears,Green Bay Packers
1971,1971-11-07,8,0,0,MIN,SF,9,13,MIN,Minnesota Vikings,San Francisco 49ers
1971,1971-11-07,8,0,0,NO,OAK,21,21,NO,New Orleans Saints,Oakland Raiders
1971,1971-11-07,8,0,0,NYJ,KC,13,10,NYJ,New York Jets,Kansas City Chiefs
1971,1971-11-07,8,0,0,PIT,CLE,26,9,PIT,Pittsburgh Steelers,Cleveland Browns
1971,1971-11-07,8,0,0,WSH,PHI,7,7,WSH,Washington Redskins,Philadelphia Eagles
1971,1971-11-08,8,0,0,IND,LAR,24,17,IND,Baltimore Colts,Los Angeles Rams
1971,1971-11-14,9,0,0,DAL,PHI,20,7,DAL,Dallas Cowboys,Philadelphia Eagles
1971,1971-11-14,9,0,0,ATL,NYG,17,21,ATL,Atlanta Falcons,New York Giants
1971,1971-11-14,9,0,0,NE,BUF,38,33,NE,New England Patriots,Buffalo Bills
1971,1971-11-14,9,0,0,MIN,GB,3,0,MIN,Minnesota Vikings,Green Bay Packers
1971,1971-11-14,9,0,0,KC,CLE,13,7,KC,Kansas City Chiefs,Cleveland Browns
1971,1971-11-14,9,0,0,CHI,WSH,16,15,CHI,Chicago Bears,Washington Redskins
1971,1971-11-14,9,0,0,DEN,CIN,10,24,DEN,Denver Broncos,Cincinnati Bengals
1971,1971-11-14,9,0,0,DET,LAR,13,21,DET,Detroit Lions,Los Angeles Rams
1971,1971-11-14,9,0,0,OAK,TEN,41,21,OAK,Oakland Raiders,Houston Oilers
1971,1971-11-14,9,0,0,MIA,PIT,24,21,MIA,Miami Dolphins,Pittsburgh Steelers
1971,1971-11-14,9,0,0,NYJ,IND,13,14,NYJ,New York Jets,Baltimore Colts
1971,1971-11-14,9,0,0,SF,NO,20,26,SF,San Francisco 49ers,New Orleans Saints
1971,1971-11-15,9,0,0,LAC,ARI,20,17,LAC,San Diego Chargers,St. Louis Cardinals
1971,1971-11-21,10,0,0,BUF,NYJ,7,20,BUF,Buffalo Bills,New York Jets
1971,1971-11-21,10,0,0,CLE,NE,27,7,CLE,Cleveland Browns,New England Patriots
1971,1971-11-21,10,0,0,CIN,TEN,28,13,CIN,Cincinnati Bengals,Houston Oilers
1971,1971-11-21,10,0,0,CHI,DET,3,28,CHI,Chicago Bears,Detroit Lions
1971,1971-11-21,10,0,0,LAR,SF,17,6,LAR,Los Angeles Rams,San Francisco 49ers
1971,1971-11-21,10,0,0,PIT,NYG,17,13,PIT,Pittsburgh Steelers,New York Giants
1971,1971-11-21,10,0,0,NO,MIN,10,23,NO,New Orleans Saints,Minnesota Vikings
1971,1971-11-21,10,0,0,MIA,IND,17,14,MIA,Miami Dolphins,Baltimore Colts
1971,1971-11-21,10,0,0,ARI,PHI,20,37,ARI,St. Louis Cardinals,Philadelphia Eagles
1971,1971-11-21,10,0,0,KC,DEN,28,10,KC,Kansas City Chiefs,Denver Broncos
1971,1971-11-21,10,0,0,WSH,DAL,0,13,WSH,Washington Redskins,Dallas Cowboys
1971,1971-11-21,10,0,0,OAK,LAC,34,33,OAK,Oakland Raiders,San Diego Chargers
1971,1971-11-22,10,0,0,ATL,GB,28,21,ATL,Atlanta Falcons,Green Bay Packers
1971,1971-11-25,11,0,0,DET,KC,32,21,DET,Detroit Lions,Kansas City Chiefs
1971,1971-11-25,11,0,0,DAL,LAR,28,21,DAL,Dallas Cowboys,Los Angeles Rams
1971,1971-11-28,11,0,0,NYJ,SF,21,24,NYJ,New York Jets,San Francisco 49ers
1971,1971-11-28,11,0,0,OAK,IND,14,37,OAK,Oakland Raiders,Baltimore Colts
1971,1971-11-28,11,0,0,PIT,DEN,10,22,PIT,Pittsburgh Steelers,Denver Broncos
1971,1971-11-28,11,0,0,PHI,WSH,13,20,PHI,Philadelphia Eagles,Washington Redskins
1971,1971-11-28,11,0,0,NYG,ARI,7,24,NYG,New York Giants,St. Louis Cardinals
1971,1971-11-28,11,0,0,MIN,ATL,24,7,MIN,Minnesota Vikings,Atlanta Falcons
1971,1971-11-28,11,0,0,GB,NO,21,29,GB,Green Bay Packers,New Orleans Saints
1971,1971-11-28,11,0,0,BUF,NE,27,20,BUF,Buffalo Bills,New England Patriots
1971,1971-11-28,11,0,0,CIN,LAC,31,0,CIN,Cincinnati Bengals,San Diego Chargers
1971,1971-11-28,11,0,0,TEN,CLE,24,37,TEN,Houston Oilers,Cleveland Browns
1971,1971-11-29,11,0,0,MIA,CHI,34,3,MIA,Miami Dolphins,Chicago Bears
1971,1971-12-04,12,0,0,DAL,NYJ,52,10,DAL,Dallas Cowboys,New York Jets
1971,1971-12-05,12,0,0,DEN,CHI,6,3,DEN,Denver Broncos,Chicago Bears
1971,1971-12-05,12,0,0,ARI,GB,16,16,ARI,St. Louis Cardinals,Green Bay Packers
1971,1971-12-05,12,0,0,IND,BUF,24,0,IND,Baltimore Colts,Buffalo Bills
1971,1971-12-05,12,0,0,CLE,CIN,31,27,CLE,Cleveland Browns,Cincinnati Bengals
1971,1971-12-05,12,0,0,ATL,OAK,24,13,ATL,Atlanta Falcons,Oakland Raiders
1971,1971-12-05,12,0,0,LAC,MIN,30,14,LAC,San Diego Chargers,Minnesota Vikings
1971,1971-12-05,12,0,0,DET,PHI,20,23,DET,Detroit Lions,Philadelphia Eagles
1971,1971-12-05,12,0,0,LAR,NO,45,28,LAR,Los Angeles Rams,New Orleans Saints
1971,1971-12-05,12,0,0,WSH,NYG,23,7,WSH,Washington Redskins,New York Giants
1971,1971-12-05,12,0,0,NE,MIA,34,13,NE,New England Patriots,Miami Dolphins
1971,1971-12-05,12,0,0,TEN,PIT,29,3,TEN,Houston Oilers,Pittsburgh Steelers
1971,1971-12-06,12,0,0,SF,KC,17,26,SF,San Francisco 49ers,Kansas City Chiefs
1971,1971-12-11,13,0,0,IND,MIA,14,3,IND,Baltimore Colts,Miami Dolphins
1971,1971-12-11,13,0,0,MIN,DET,29,10,MIN,Minnesota Vikings,Detroit Lions
1971,1971-12-12,13,0,0,PHI,ARI,19,7,PHI,Philadelphia Eagles,St. Louis Cardinals
1971,1971-12-12,13,0,0,LAC,DEN,45,17,LAC,San Diego Chargers,Denver Broncos
1971,1971-12-12,13,0,0,CIN,PIT,13,21,CIN,Cincinnati Bengals,Pittsburgh Steelers
1971,1971-12-12,13,0,0,GB,CHI,31,10,GB,Green Bay Packers,Chicago Bears
1971,1971-12-12,13,0,0,KC,OAK,16,14,KC,Kansas City Chiefs,Oakland Raiders
1971,1971-12-12,13,0,0,NO,CLE,17,21,NO,New Orleans Saints,Cleveland Browns
1971,1971-12-12,13,0,0,NYG,DAL,14,42,NYG,New York Giants,Dallas Cowboys
1971,1971-12-12,13,0,0,BUF,TEN,14,20,BUF,Buffalo Bills,Houston Oilers
1971,1971-12-12,13,0,0,NYJ,NE,13,6,NYJ,New York Jets,New England Patriots
1971,1971-12-12,13,0,0,SF,ATL,24,3,SF,San Francisco 49ers,Atlanta Falcons
1971,1971-12-13,13,0,0,LAR,WSH,24,38,LAR,Los Angeles Rams,Washington Redskins
1971,1971-12-18,14,0,0,DAL,ARI,31,12,DAL,Dallas Cowboys,St. Louis Cardinals
1971,1971-12-19,14,0,0,OAK,DEN,21,13,OAK,Oakland Raiders,Denver Broncos
1971,1971-12-19,14,0,0,NO,ATL,20,24,NO,New Orleans Saints,Atlanta Falcons
1971,1971-12-19,14,0,0,PIT,LAR,14,23,PIT,Pittsburgh Steelers,Los Angeles Rams
1971,1971-12-19,14,0,0,MIA,GB,27,6,MIA,Miami Dolphins,Green Bay Packers
1971,1971-12-19,14,0,0,IND,NE,17,21,IND,Baltimore Colts,New England Patriots
1971,1971-12-19,14,0,0,NYJ,CIN,35,21,NYJ,New York Jets,Cincinnati Bengals
1971,1971-12-19,14,0,0,KC,BUF,22,9,KC,Kansas City Chiefs,Buffalo Bills
1971,1971-12-19,14,0,0,CHI,MIN,10,27,CHI,Chicago Bears,Minnesota Vikings
1971,1971-12-19,14,0,0,TEN,LAC,49,33,TEN,Houston Oilers,San Diego Chargers
1971,1971-12-19,14,0,0,SF,DET,31,27,SF,San Francisco 49ers,Detroit Lions
1971,1971-12-19,14,0,0,WSH,CLE,13,20,WSH,Washington Redskins,Cleveland Browns
1971,1971-12-19,14,0,0,NYG,PHI,28,41,NYG,New York Giants,Philadelphia Eagles
1971,1971-12-25,Division,1,0,MIN,DAL,12,20,MIN,Minnesota Vikings,Dallas Cowboys
1971,1971-12-25,Division,1,0,KC,MIA,24,27,KC,Kansas City Chiefs,Miami Dolphins
1971,1971-12-26,Division,1,0,SF,WSH,24,20,SF,San Francisco 49ers,Washington Redskins
1971,1971-12-26,Division,1,0,CLE,IND,3,20,CLE,Cleveland Browns,Baltimore Colts
1971,1972-01-02,Conference,1,0,DAL,SF,14,3,DAL,Dallas Cowboys,San Francisco 49ers
1971,1972-01-02,Conference,1,0,MIA,IND,21,0,MIA,Miami Dolphins,Baltimore Colts
1971,1972-01-16,Superbowl,1,1,MIA,DAL,3,24,DAL,Dallas Cowboys,Miami Dolphins
1972,1972-09-17,1,0,0,SF,LAC,34,3,SF,San Francisco 49ers,San Diego Chargers
1972,1972-09-17,1,0,0,IND,ARI,3,10,IND,Baltimore Colts,St. Louis Cardinals
1972,1972-09-17,1,0,0,BUF,NYJ,24,41,BUF,Buffalo Bills,New York Jets
1972,1972-09-17,1,0,0,CHI,ATL,21,37,CHI,Chicago Bears,Atlanta Falcons
1972,1972-09-17,1,0,0,CLE,GB,10,26,CLE,Cleveland Browns,Green Bay Packers
1972,1972-09-17,1,0,0,NE,CIN,7,31,NE,New England Patriots,Cincinnati Bengals
1972,1972-09-17,1,0,0,KC,MIA,10,20,KC,Kansas City Chiefs,Miami Dolphins
1972,1972-09-17,1,0,0,PIT,OAK,34,28,PIT,Pittsburgh Steelers,Oakland Raiders
1972,1972-09-17,1,0,0,LAR,NO,34,14,LAR,Los Angeles Rams,New Orleans Saints
1972,1972-09-17,1,0,0,DET,NYG,30,16,DET,Detroit Lions,New York Giants
1972,1972-09-17,1,0,0,DEN,TEN,30,17,DEN,Denver Broncos,Houston Oilers
1972,1972-09-17,1,0,0,DAL,PHI,28,6,DAL,Dallas Cowboys,Philadelphia Eagles
1972,1972-09-18,1,0,0,MIN,WSH,21,24,MIN,Minnesota Vikings,Washington Redskins
1972,1972-09-24,2,0,0,LAC,DEN,37,14,LAC,San Diego Chargers,Denver Broncos
1972,1972-09-24,2,0,0,BUF,SF,27,20,BUF,Buffalo Bills,San Francisco 49ers
1972,1972-09-24,2,0,0,CIN,PIT,15,10,CIN,Cincinnati Bengals,Pittsburgh Steelers
1972,1972-09-24,2,0,0,IND,NYJ,34,44,IND,Baltimore Colts,New York Jets
1972,1972-09-24,2,0,0,DET,MIN,10,34,DET,Detroit Lions,Minnesota Vikings
1972,1972-09-24,2,0,0,GB,OAK,14,20,GB,Green Bay Packers,Oakland Raiders
1972,1972-09-24,2,0,0,NE,ATL,21,20,NE,New England Patriots,Atlanta Falcons
1972,1972-09-24,2,0,0,NYG,DAL,14,23,NYG,New York Giants,Dallas Cowboys
1972,1972-09-24,2,0,0,PHI,CLE,17,27,PHI,Philadelphia Eagles,Cleveland Browns
1972,1972-09-24,2,0,0,WSH,ARI,24,10,WSH,Washington Redskins,St. Louis Cardinals
1972,1972-09-24,2,0,0,MIA,TEN,34,13,MIA,Miami Dolphins,Houston Oilers
1972,1972-09-24,2,0,0,CHI,LAR,13,13,CHI,Chicago Bears,Los Angeles Rams
1972,1972-09-25,2,0,0,NO,KC,17,20,NO,New Orleans Saints,Kansas City Chiefs
1972,1972-10-01,3,0,0,CLE,CIN,27,6,CLE,Cleveland Browns,Cincinnati Bengals
1972,1972-10-01,3,0,0,ARI,PIT,19,25,ARI,St. Louis Cardinals,Pittsburgh Steelers
1972,1972-10-01,3,0,0,NO,SF,2,37,NO,New Orleans Saints,San Francisco 49ers
1972,1972-10-01,3,0,0,OAK,LAC,17,17,OAK,Oakland Raiders,San Diego Chargers
1972,1972-10-01,3,0,0,MIN,MIA,14,16,MIN,Minnesota Vikings,Miami Dolphins
1972,1972-10-01,3,0,0,DEN,KC,24,45,DEN,Denver Broncos,Kansas City Chiefs
1972,1972-10-01,3,0,0,ATL,LAR,31,3,ATL,Atlanta Falcons,Los Angeles Rams
1972,1972-10-01,3,0,0,GB,DAL,16,13,GB,Green Bay Packers,Dallas Cowboys
1972,1972-10-01,3,0,0,TEN,NYJ,26,20,TEN,Houston Oilers,New York Jets
1972,1972-10-01,3,0,0,NE,WSH,24,23,NE,New England Patriots,Washington Redskins
1972,1972-10-01,3,0,0,BUF,IND,0,17,BUF,Buffalo Bills,Baltimore Colts
1972,1972-10-01,3,0,0,CHI,DET,24,38,CHI,Chicago Bears,Detroit Lions
1972,1972-10-02,3,0,0,PHI,NYG,12,27,PHI,Philadelphia Eagles,New York Giants
1972,1972-10-08,4,0,0,NYJ,MIA,17,27,NYJ,New York Jets,Miami Dolphins
1972,1972-10-08,4,0,0,IND,LAC,20,23,IND,Baltimore Colts,San Diego Chargers
1972,1972-10-08,4,0,0,LAR,SF,31,7,LAR,Los Angeles Rams,San Francisco 49ers
1972,1972-10-08,4,0,0,WSH,PHI,14,0,WSH,Washington Redskins,Philadelphia Eagles
1972,1972-10-08,4,0,0,NYG,NO,45,21,NYG,New York Giants,New Orleans Saints
1972,1972-10-08,4,0,0,MIN,ARI,17,19,MIN,Minnesota Vikings,St. Louis Cardinals
1972,1972-10-08,4,0,0,GB,CHI,20,17,GB,Green Bay Packers,Chicago Bears
1972,1972-10-08,4,0,0,DAL,PIT,17,13,DAL,Dallas Cowboys,Pittsburgh Steelers
1972,1972-10-08,4,0,0,CLE,KC,7,31,CLE,Cleveland Browns,Kansas City Chiefs
1972,1972-10-08,4,0,0,CIN,DEN,21,10,CIN,Cincinnati Bengals,Denver Broncos
1972,1972-10-08,4,0,0,BUF,NE,38,14,BUF,Buffalo Bills,New England Patriots
1972,1972-10-08,4,0,0,ATL,DET,23,26,ATL,Atlanta Falcons,Detroit Lions
1972,1972-10-09,4,0,0,TEN,OAK,0,34,TEN,Houston Oilers,Oakland Raiders
1972,1972-10-15,5,0,0,SF,NYG,17,23,SF,San Francisco 49ers,New York Giants
1972,1972-10-15,5,0,0,OAK,BUF,28,16,OAK,Oakland Raiders,Buffalo Bills
1972,1972-10-15,5,0,0,PIT,TEN,24,7,PIT,Pittsburgh Steelers,Houston Oilers
1972,1972-10-15,5,0,0,NE,NYJ,13,41,NE,New England Patriots,New York Jets
1972,1972-10-15,5,0,0,NO,ATL,14,21,NO,New Orleans Saints,Atlanta Falcons
1972,1972-10-15,5,0,0,KC,CIN,16,23,KC,Kansas City Chiefs,Cincinnati Bengals
1972,1972-10-15,5,0,0,DEN,MIN,20,23,DEN,Denver Broncos,Minnesota Vikings
1972,1972-10-15,5,0,0,ARI,WSH,3,33,ARI,St. Louis Cardinals,Washington Redskins
1972,1972-10-15,5,0,0,IND,DAL,0,21,IND,Baltimore Colts,Dallas Cowboys
1972,1972-10-15,5,0,0,PHI,LAR,3,34,PHI,Philadelphia Eagles,Los Angeles Rams
1972,1972-10-15,5,0,0,MIA,LAC,24,10,MIA,Miami Dolphins,San Diego Chargers
1972,1972-10-15,5,0,0,CLE,CHI,0,17,CLE,Cleveland Browns,Chicago Bears
1972,1972-10-16,5,0,0,DET,GB,23,24,DET,Detroit Lions,Green Bay Packers
1972,1972-10-22,6,0,0,WSH,DAL,24,20,WSH,Washington Redskins,Dallas Cowboys
1972,1972-10-22,6,0,0,LAR,CIN,15,12,LAR,Los Angeles Rams,Cincinnati Bengals
1972,1972-10-22,6,0,0,GB,ATL,9,10,GB,Green Bay Packers,Atlanta Falcons
1972,1972-10-22,6,0,0,KC,PHI,20,21,KC,Kansas City Chiefs,Philadelphia Eagles
1972,1972-10-22,6,0,0,MIA,BUF,24,23,MIA,Miami Dolphins,Buffalo Bills
1972,1972-10-22,6,0,0,DET,LAC,34,20,DET,Detroit Lions,San Diego Chargers
1972,1972-10-22,6,0,0,NYG,ARI,27,21,NYG,New York Giants,St. Louis Cardinals
1972,1972-10-22,6,0,0,NYJ,IND,24,20,NYJ,New York Jets,Baltimore Colts
1972,1972-10-22,6,0,0,TEN,CLE,17,23,TEN,Houston Oilers,Cleveland Browns
1972,1972-10-22,6,0,0,PIT,NE,33,3,PIT,Pittsburgh Steelers,New England Patriots
1972,1972-10-22,6,0,0,OAK,DEN,23,30,OAK,Oakland Raiders,Denver Broncos
1972,1972-10-22,6,0,0,SF,NO,20,20,SF,San Francisco 49ers,New Orleans Saints
1972,1972-10-23,6,0,0,CHI,MIN,13,10,CHI,Chicago Bears,Minnesota Vikings
1972,1972-10-29,7,0,0,NO,PHI,21,3,NO,New Orleans Saints,Philadelphia Eagles
1972,1972-10-29,7,0,0,GB,MIN,13,27,GB,Green Bay Packers,Minnesota Vikings
1972,1972-10-29,7,0,0,DEN,CLE,20,27,DEN,Denver Broncos,Cleveland Browns
1972,1972-10-29,7,0,0,LAC,KC,14,26,LAC,San Diego Chargers,Kansas City Chiefs
1972,1972-10-29,7,0,0,ARI,CHI,10,27,ARI,St. Louis Cardinals,Chicago Bears
1972,1972-10-29,7,0,0,NYG,WSH,16,23,NYG,New York Giants,Washington Redskins
1972,1972-10-29,7,0,0,IND,MIA,0,23,IND,Baltimore Colts,Miami Dolphins
1972,1972-10-29,7,0,0,CIN,TEN,30,7,CIN,Cincinnati Bengals,Houston Oilers
1972,1972-10-29,7,0,0,BUF,PIT,21,38,BUF,Buffalo Bills,Pittsburgh Steelers
1972,1972-10-29,7,0,0,ATL,SF,14,49,ATL,Atlanta Falcons,San Francisco 49ers
1972,1972-10-29,7,0,0,OAK,LAR,45,17,OAK,Oakland Raiders,Los Angeles Rams
1972,1972-10-29,7,0,0,NYJ,NE,34,10,NYJ,New York Jets,New England Patriots
1972,1972-10-30,7,0,0,DAL,DET,28,24,DAL,Dallas Cowboys,Detroit Lions
1972,1972-11-05,8,0,0,NYG,DEN,29,17,NYG,New York Giants,Denver Broncos
1972,1972-11-05,8,0,0,KC,OAK,27,14,KC,Kansas City Chiefs,Oakland Raiders
1972,1972-11-05,8,0,0,LAC,DAL,28,34,LAC,San Diego Chargers,Dallas Cowboys
1972,1972-11-05,8,0,0,CLE,TEN,20,0,CLE,Cleveland Browns,Houston Oilers
1972,1972-11-05,8,0,0,LAR,ATL,20,7,LAR,Los Angeles Rams,Atlanta Falcons
1972,1972-11-05,8,0,0,MIN,NO,37,6,MIN,Minnesota Vikings,New Orleans Saints
1972,1972-11-05,8,0,0,BUF,MIA,16,30,BUF,Buffalo Bills,Miami Dolphins
1972,1972-11-05,8,0,0,DET,CHI,14,0,DET,Detroit Lions,Chicago Bears
1972,1972-11-05,8,0,0,GB,SF,34,24,GB,Green Bay Packers,San Francisco 49ers
1972,1972-11-05,8,0,0,PIT,CIN,40,17,PIT,Pittsburgh Steelers,Cincinnati Bengals
1972,1972-11-05,8,0,0,PHI,ARI,6,6,PHI,Philadelphia Eagles,St. Louis Cardinals
1972,1972-11-05,8,0,0,NYJ,WSH,17,35,NYJ,New York Jets,Washington Redskins
1972,1972-11-06,8,0,0,NE,IND,17,24,NE,New England Patriots,Baltimore Colts
1972,1972-11-12,9,0,0,LAR,DEN,10,16,LAR,Los Angeles Rams,Denver Broncos
1972,1972-11-12,9,0,0,DAL,ARI,33,24,DAL,Dallas Cowboys,St. Louis Cardinals
1972,1972-11-12,9,0,0,WSH,NYG,27,13,WSH,Washington Redskins,New York Giants
1972,1972-11-12,9,0,0,SF,IND,24,21,SF,San Francisco 49ers,Baltimore Colts
1972,1972-11-12,9,0,0,PIT,KC,16,7,PIT,Pittsburgh Steelers,Kansas City Chiefs
1972,1972-11-12,9,0,0,TEN,PHI,17,18,TEN,Houston Oilers,Philadelphia Eagles
1972,1972-11-12,9,0,0,NYJ,BUF,41,3,NYJ,New York Jets,Buffalo Bills
1972,1972-11-12,9,0,0,MIN,DET,16,14,MIN,Minnesota Vikings,Detroit Lions
1972,1972-11-12,9,0,0,MIA,NE,52,0,MIA,Miami Dolphins,New England Patriots
1972,1972-11-12,9,0,0,CIN,OAK,14,20,CIN,Cincinnati Bengals,Oakland Raiders
1972,1972-11-12,9,0,0,CHI,GB,17,23,CHI,Chicago Bears,Green Bay Packers
1972,1972-11-12,9,0,0,ATL,NO,36,20,ATL,Atlanta Falcons,New Orleans Saints
1972,1972-11-13,9,0,0,LAC,CLE,17,21,LAC,San Diego Chargers,Cleveland Browns
1972,1972-11-19,10,0,0,DEN,OAK,20,37,DEN,Denver Broncos,Oakland Raiders
1972,1972-11-19,10,0,0,KC,LAC,17,27,KC,Kansas City Chiefs,San Diego Chargers
1972,1972-11-19,10,0,0,LAR,MIN,41,45,LAR,Los Angeles Rams,Minnesota Vikings
1972,1972-11-19,10,0,0,PHI,DAL,7,28,PHI,Philadelphia Eagles,Dallas Cowboys
1972,1972-11-19,10,0,0,TEN,GB,10,23,TEN,Houston Oilers,Green Bay Packers
1972,1972-11-19,10,0,0,NE,BUF,24,27,NE,New England Patriots,Buffalo Bills
1972,1972-11-19,10,0,0,MIA,NYJ,28,24,MIA,Miami Dolphins,New York Jets
1972,1972-11-19,10,0,0,DET,NO,27,14,DET,Detroit Lions,New Orleans Saints
1972,1972-11-19,10,0,0,ARI,NYG,7,13,ARI,St. Louis Cardinals,New York Giants
1972,1972-11-19,10,0,0,CLE,PIT,26,24,CLE,Cleveland Browns,Pittsburgh Steelers
1972,1972-11-19,10,0,0,CIN,IND,19,20,CIN,Cincinnati Bengals,Baltimore Colts
1972,1972-11-19,10,0,0,CHI,SF,21,34,CHI,Chicago Bears,San Francisco 49ers
1972,1972-11-20,10,0,0,WSH,ATL,24,13,WSH,Washington Redskins,Atlanta Falcons
1972,1972-11-23,11,0,0,DET,NYJ,37,20,DET,Detroit Lions,New York Jets
1972,1972-11-23,11,0,0,DAL,SF,10,31,DAL,Dallas Cowboys,San Francisco 49ers
1972,1972-11-26,11,0,0,IND,NE,31,0,IND,Baltimore Colts,New England Patriots
1972,1972-11-26,11,0,0,CHI,CIN,3,13,CHI,Chicago Bears,Cincinnati Bengals
1972,1972-11-26,11,0,0,ATL,DEN,23,20,ATL,Atlanta Falcons,Denver Broncos
1972,1972-11-26,11,0,0,NYG,PHI,62,10,NYG,New York Giants,Philadelphia Eagles
1972,1972-11-26,11,0,0,CLE,BUF,27,10,CLE,Cleveland Browns,Buffalo Bills
1972,1972-11-26,11,0,0,NO,LAR,19,16,NO,New Orleans Saints,Los Angeles Rams
1972,1972-11-26,11,0,0,WSH,GB,21,16,WSH,Washington Redskins,Green Bay Packers
1972,1972-11-26,11,0,0,OAK,KC,26,3,OAK,Oakland Raiders,Kansas City Chiefs
1972,1972-11-26,11,0,0,PIT,MIN,23,10,PIT,Pittsburgh Steelers,Minnesota Vikings
1972,1972-11-26,11,0,0,LAC,TEN,34,20,LAC,San Diego Chargers,Houston Oilers
1972,1972-11-27,11,0,0,MIA,ARI,31,10,MIA,Miami Dolphins,St. Louis Cardinals
1972,1972-12-03,12,0,0,NYJ,NO,18,17,NYJ,New York Jets,New Orleans Saints
1972,1972-12-03,12,0,0,ATL,TEN,20,10,ATL,Atlanta Falcons,Houston Oilers
1972,1972-12-03,12,0,0,CIN,NYG,13,10,CIN,Cincinnati Bengals,New York Giants
1972,1972-12-03,12,0,0,ARI,DAL,6,27,ARI,St. Louis Cardinals,Dallas Cowboys
1972,1972-12-03,12,0,0,GB,DET,33,7,GB,Green Bay Packers,Detroit Lions
1972,1972-12-03,12,0,0,KC,DEN,24,21,KC,Kansas City Chiefs,Denver Broncos
1972,1972-12-03,12,0,0,MIN,CHI,23,10,MIN,Minnesota Vikings,Chicago Bears
1972,1972-12-03,12,0,0,NE,MIA,21,37,NE,New England Patriots,Miami Dolphins
1972,1972-12-03,12,0,0,PHI,WSH,7,23,PHI,Philadelphia Eagles,Washington Redskins
1972,1972-12-03,12,0,0,PIT,CLE,30,0,PIT,Pittsburgh Steelers,Cleveland Browns
1972,1972-12-03,12,0,0,LAC,OAK,19,21,LAC,San Diego Chargers,Oakland Raiders
1972,1972-12-03,12,0,0,IND,BUF,35,7,IND,Baltimore Colts,Buffalo Bills
1972,1972-12-04,12,0,0,SF,LAR,16,26,SF,San Francisco 49ers,Los Angeles Rams
1972,1972-12-09,13,0,0,CIN,CLE,24,27,CIN,Cincinnati Bengals,Cleveland Browns
1972,1972-12-09,13,0,0,DAL,WSH,34,24,DAL,Dallas Cowboys,Washington Redskins
1972,1972-12-10,13,0,0,DEN,LAC,38,13,DEN,Denver Broncos,San Diego Chargers
1972,1972-12-10,13,0,0,NO,NE,10,17,NO,New Orleans Saints,New England Patriots
1972,1972-12-10,13,0,0,PHI,CHI,12,21,PHI,Philadelphia Eagles,Chicago Bears
1972,1972-12-10,13,0,0,ARI,LAR,24,14,ARI,St. Louis Cardinals,Los Angeles Rams
1972,1972-12-10,13,0,0,TEN,PIT,3,9,TEN,Houston Oilers,Pittsburgh Steelers
1972,1972-12-10,13,0,0,NYG,MIA,13,23,NYG,New York Giants,Miami Dolphins
1972,1972-12-10,13,0,0,KC,IND,24,10,KC,Kansas City Chiefs,Baltimore Colts
1972,1972-12-10,13,0,0,MIN,GB,7,23,MIN,Minnesota Vikings,Green Bay Packers
1972,1972-12-10,13,0,0,BUF,DET,21,21,BUF,Buffalo Bills,Detroit Lions
1972,1972-12-10,13,0,0,SF,ATL,20,0,SF,San Francisco 49ers,Atlanta Falcons
1972,1972-12-11,13,0,0,OAK,NYJ,24,16,OAK,Oakland Raiders,New York Jets
1972,1972-12-16,14,0,0,MIA,IND,16,0,MIA,Miami Dolphins,Baltimore Colts
1972,1972-12-16,14,0,0,SF,MIN,20,17,SF,San Francisco 49ers,Minnesota Vikings
1972,1972-12-17,14,0,0,WSH,BUF,17,24,WSH,Washington Redskins,Buffalo Bills
1972,1972-12-17,14,0,0,TEN,CIN,17,61,TEN,Houston Oilers,Cincinnati Bengals
1972,1972-12-17,14,0,0,LAC,PIT,2,24,LAC,San Diego Chargers,Pittsburgh Steelers
1972,1972-12-17,14,0,0,OAK,CHI,28,21,OAK,Oakland Raiders,Chicago Bears
1972,1972-12-17,14,0,0,NYJ,CLE,10,26,NYJ,New York Jets,Cleveland Browns
1972,1972-12-17,14,0,0,NO,GB,20,30,NO,New Orleans Saints,Green Bay Packers
1972,1972-12-17,14,0,0,DEN,NE,45,21,DEN,Denver Broncos,New England Patriots
1972,1972-12-17,14,0,0,DAL,NYG,3,23,DAL,Dallas Cowboys,New York Giants
1972,1972-12-17,14,0,0,ARI,PHI,24,23,ARI,St. Louis Cardinals,Philadelphia Eagles
1972,1972-12-17,14,0,0,ATL,KC,14,17,ATL,Atlanta Falcons,Kansas City Chiefs
1972,1972-12-17,14,0,0,LAR,DET,17,34,LAR,Los Angeles Rams,Detroit Lions
1972,1972-12-23,Division,1,0,PIT,OAK,13,7,PIT,Pittsburgh Steelers,Oakland Raiders
1972,1972-12-23,Division,1,0,SF,DAL,28,30,SF,San Francisco 49ers,Dallas Cowboys
1972,1972-12-24,Division,1,0,WSH,GB,16,3,WSH,Washington Redskins,Green Bay Packers
1972,1972-12-24,Division,1,0,MIA,CLE,20,14,MIA,Miami Dolphins,Cleveland Browns
1972,1972-12-31,Conference,1,0,WSH,DAL,26,3,WSH,Washington Redskins,Dallas Cowboys
1972,1972-12-31,Conference,1,0,PIT,MIA,17,21,PIT,Pittsburgh Steelers,Miami Dolphins
1972,1973-01-14,Superbowl,1,1,WSH,MIA,7,14,MIA,Miami Dolphins,Washington Redskins
1973,1973-09-16,1,0,0,NYG,TEN,34,14,NYG,New York Giants,Houston Oilers
1973,1973-09-16,1,0,0,NE,BUF,13,31,NE,New England Patriots,Buffalo Bills
1973,1973-09-16,1,0,0,NO,ATL,7,62,NO,New Orleans Saints,Atlanta Falcons
1973,1973-09-16,1,0,0,MIA,SF,21,13,MIA,Miami Dolphins,San Francisco 49ers
1973,1973-09-16,1,0,0,DEN,CIN,28,10,DEN,Denver Broncos,Cincinnati Bengals
1973,1973-09-16,1,0,0,CLE,IND,24,14,CLE,Cleveland Browns,Baltimore Colts
1973,1973-09-16,1,0,0,PHI,ARI,23,34,PHI,Philadelphia Eagles,St. Louis Cardinals
1973,1973-09-16,1,0,0,MIN,OAK,24,16,MIN,Minnesota Vikings,Oakland Raiders
1973,1973-09-16,1,0,0,KC,LAR,13,23,KC,Kansas City Chiefs,Los Angeles Rams
1973,1973-09-16,1,0,0,WSH,LAC,38,0,WSH,Washington Redskins,San Diego Chargers
1973,1973-09-16,1,0,0,PIT,DET,24,10,PIT,Pittsburgh Steelers,Detroit Lions
1973,1973-09-16,1,0,0,CHI,DAL,17,20,CHI,Chicago Bears,Dallas Cowboys
1973,1973-09-17,1,0,0,GB,NYJ,23,7,GB,Green Bay Packers,New York Jets
1973,1973-09-23,2,0,0,LAR,ATL,31,0,LAR,Los Angeles Rams,Atlanta Falcons
1973,1973-09-23,2,0,0,NE,KC,7,10,NE,New England Patriots,Kansas City Chiefs
1973,1973-09-23,2,0,0,OAK,MIA,12,7,OAK,Oakland Raiders,Miami Dolphins
1973,1973-09-23,2,0,0,PIT,CLE,33,6,PIT,Pittsburgh Steelers,Cleveland Browns
1973,1973-09-23,2,0,0,NYG,PHI,23,23,NYG,New York Giants,Philadelphia Eagles
1973,1973-09-23,2,0,0,GB,DET,13,13,GB,Green Bay Packers,Detroit Lions
1973,1973-09-23,2,0,0,DEN,SF,34,36,DEN,Denver Broncos,San Francisco 49ers
1973,1973-09-23,2,0,0,ARI,WSH,34,27,ARI,St. Louis Cardinals,Washington Redskins
1973,1973-09-23,2,0,0,IND,NYJ,10,34,IND,Baltimore Colts,New York Jets
1973,1973-09-23,2,0,0,CIN,TEN,24,10,CIN,Cincinnati Bengals,Houston Oilers
1973,1973-09-23,2,0,0,LAC,BUF,34,7,LAC,San Diego Chargers,Buffalo Bills
1973,1973-09-23,2,0,0,CHI,MIN,13,22,CHI,Chicago Bears,Minnesota Vikings
1973,1973-09-24,2,0,0,DAL,NO,40,3,DAL,Dallas Cowboys,New Orleans Saints
1973,1973-09-30,3,0,0,MIA,NE,44,23,MIA,Miami Dolphins,New England Patriots
1973,1973-09-30,3,0,0,PHI,WSH,7,28,PHI,Philadelphia Eagles,Washington Redskins
1973,1973-09-30,3,0,0,SF,LAR,20,40,SF,San Francisco 49ers,Los Angeles Rams
1973,1973-09-30,3,0,0,DEN,CHI,14,33,DEN,Denver Broncos,Chicago Bears
1973,1973-09-30,3,0,0,TEN,PIT,7,36,TEN,Houston Oilers,Pittsburgh Steelers
1973,1973-09-30,3,0,0,KC,OAK,16,3,KC,Kansas City Chiefs,Oakland Raiders
1973,1973-09-30,3,0,0,DAL,ARI,45,10,DAL,Dallas Cowboys,St. Louis Cardinals
1973,1973-09-30,3,0,0,CLE,NYG,12,10,CLE,Cleveland Browns,New York Giants
1973,1973-09-30,3,0,0,BUF,NYJ,9,7,BUF,Buffalo Bills,New York Jets
1973,1973-09-30,3,0,0,MIN,GB,11,3,MIN,Minnesota Vikings,Green Bay Packers
1973,1973-09-30,3,0,0,LAC,CIN,13,20,LAC,San Diego Chargers,Cincinnati Bengals
1973,1973-09-30,3,0,0,IND,NO,14,10,IND,Baltimore Colts,New Orleans Saints
1973,1973-10-01,3,0,0,DET,ATL,31,6,DET,Detroit Lions,Atlanta Falcons
1973,1973-10-07,4,0,0,NYG,GB,14,16,NYG,New York Giants,Green Bay Packers
1973,1973-10-07,4,0,0,ARI,OAK,10,17,ARI,St. Louis Cardinals,Oakland Raiders
1973,1973-10-07,4,0,0,NE,IND,24,16,NE,New England Patriots,Baltimore Colts
1973,1973-10-07,4,0,0,NO,CHI,21,16,NO,New Orleans Saints,Chicago Bears
1973,1973-10-07,4,0,0,MIA,NYJ,31,3,MIA,Miami Dolphins,New York Jets
1973,1973-10-07,4,0,0,KC,DEN,16,14,KC,Kansas City Chiefs,Denver Broncos
1973,1973-10-07,4,0,0,DET,MIN,9,23,DET,Detroit Lions,Minnesota Vikings
1973,1973-10-07,4,0,0,CLE,CIN,17,10,CLE,Cleveland Browns,Cincinnati Bengals
1973,1973-10-07,4,0,0,BUF,PHI,27,26,BUF,Buffalo Bills,Philadelphia Eagles
1973,1973-10-07,4,0,0,ATL,SF,9,13,ATL,Atlanta Falcons,San Francisco 49ers
1973,1973-10-07,4,0,0,TEN,LAR,26,31,TEN,Houston Oilers,Los Angeles Rams
1973,1973-10-07,4,0,0,PIT,LAC,38,21,PIT,Pittsburgh Steelers,San Diego Chargers
1973,1973-10-08,4,0,0,WSH,DAL,14,7,WSH,Washington Redskins,Dallas Cowboys
1973,1973-10-14,5,0,0,NYG,WSH,3,21,NYG,New York Giants,Washington Redskins
1973,1973-10-14,5,0,0,SF,MIN,13,17,SF,San Francisco 49ers,Minnesota Vikings
1973,1973-10-14,5,0,0,TEN,DEN,20,48,TEN,Houston Oilers,Denver Broncos
1973,1973-10-14,5,0,0,NO,DET,20,13,NO,New Orleans Saints,Detroit Lions
1973,1973-10-14,5,0,0,GB,KC,10,10,GB,Green Bay Packers,Kansas City Chiefs
1973,1973-10-14,5,0,0,ARI,PHI,24,27,ARI,St. Louis Cardinals,Philadelphia Eagles
1973,1973-10-14,5,0,0,CIN,PIT,19,7,CIN,Cincinnati Bengals,Pittsburgh Steelers
1973,1973-10-14,5,0,0,BUF,IND,31,13,BUF,Buffalo Bills,Baltimore Colts
1973,1973-10-14,5,0,0,ATL,CHI,46,6,ATL,Atlanta Falcons,Chicago Bears
1973,1973-10-14,5,0,0,LAC,OAK,17,27,LAC,San Diego Chargers,Oakland Raiders
1973,1973-10-14,5,0,0,LAR,DAL,37,31,LAR,Los Angeles Rams,Dallas Cowboys
1973,1973-10-14,5,0,0,NE,NYJ,7,9,NE,New England Patriots,New York Jets
1973,1973-10-15,5,0,0,CLE,MIA,9,17,CLE,Cleveland Browns,Miami Dolphins
1973,1973-10-21,6,0,0,PIT,NYJ,26,14,PIT,Pittsburgh Steelers,New York Jets
1973,1973-10-21,6,0,0,CLE,TEN,42,13,CLE,Cleveland Browns,Houston Oilers
1973,1973-10-21,6,0,0,DAL,NYG,45,28,DAL,Dallas Cowboys,New York Giants
1973,1973-10-21,6,0,0,DET,IND,27,29,DET,Detroit Lions,Baltimore Colts
1973,1973-10-21,6,0,0,MIA,BUF,27,6,MIA,Miami Dolphins,Buffalo Bills
1973,1973-10-21,6,0,0,CIN,KC,14,6,CIN,Cincinnati Bengals,Kansas City Chiefs
1973,1973-10-21,6,0,0,MIN,PHI,28,21,MIN,Minnesota Vikings,Philadelphia Eagles
1973,1973-10-21,6,0,0,SF,NO,40,0,SF,San Francisco 49ers,New Orleans Saints
1973,1973-10-21,6,0,0,WSH,ARI,31,13,WSH,Washington Redskins,St. Louis Cardinals
1973,1973-10-21,6,0,0,LAR,GB,24,7,LAR,Los Angeles Rams,Green Bay Packers
1973,1973-10-21,6,0,0,LAC,ATL,0,41,LAC,San Diego Chargers,Atlanta Falcons
1973,1973-10-21,6,0,0,CHI,NE,10,13,CHI,Chicago Bears,New England Patriots
1973,1973-10-22,6,0,0,DEN,OAK,23,23,DEN,Denver Broncos,Oakland Raiders
1973,1973-10-28,7,0,0,PIT,CIN,20,13,PIT,Pittsburgh Steelers,Cincinnati Bengals
1973,1973-10-28,7,0,0,NYJ,DEN,28,40,NYJ,New York Jets,Denver Broncos
1973,1973-10-28,7,0,0,NE,MIA,14,30,NE,New England Patriots,Miami Dolphins
1973,1973-10-28,7,0,0,NO,WSH,19,3,NO,New Orleans Saints,Washington Redskins
1973,1973-10-28,7,0,0,MIN,LAR,10,9,MIN,Minnesota Vikings,Los Angeles Rams
1973,1973-10-28,7,0,0,CHI,TEN,35,14,CHI,Chicago Bears,Houston Oilers
1973,1973-10-28,7,0,0,SF,ATL,3,17,SF,San Francisco 49ers,Atlanta Falcons
1973,1973-10-28,7,0,0,IND,OAK,21,34,IND,Baltimore Colts,Oakland Raiders
1973,1973-10-28,7,0,0,ARI,NYG,35,27,ARI,St. Louis Cardinals,New York Giants
1973,1973-10-28,7,0,0,DET,GB,34,0,DET,Detroit Lions,Green Bay Packers
1973,1973-10-28,7,0,0,CLE,LAC,16,16,CLE,Cleveland Browns,San Diego Chargers
1973,1973-10-28,7,0,0,PHI,DAL,30,16,PHI,Philadelphia Eagles,Dallas Cowboys
1973,1973-10-29,7,0,0,BUF,KC,23,14,BUF,Buffalo Bills,Kansas City Chiefs
1973,1973-11-04,8,0,0,DAL,CIN,38,10,DAL,Dallas Cowboys,Cincinnati Bengals
1973,1973-11-04,8,0,0,ATL,LAR,15,13,ATL,Atlanta Falcons,Los Angeles Rams
1973,1973-11-04,8,0,0,GB,CHI,17,31,GB,Green Bay Packers,Chicago Bears
1973,1973-11-04,8,0,0,ARI,DEN,17,17,ARI,St. Louis Cardinals,Denver Broncos
1973,1973-11-04,8,0,0,IND,TEN,27,31,IND,Baltimore Colts,Houston Oilers
1973,1973-11-04,8,0,0,LAC,KC,0,19,LAC,San Diego Chargers,Kansas City Chiefs
1973,1973-11-04,8,0,0,PHI,NE,24,23,PHI,Philadelphia Eagles,New England Patriots
1973,1973-11-04,8,0,0,OAK,NYG,42,0,OAK,Oakland Raiders,New York Giants
1973,1973-11-04,8,0,0,NO,BUF,13,0,NO,New Orleans Saints,Buffalo Bills
1973,1973-11-04,8,0,0,MIN,CLE,26,3,MIN,Minnesota Vikings,Cleveland Browns
1973,1973-11-04,8,0,0,DET,SF,30,20,DET,Detroit Lions,San Francisco 49ers
1973,1973-11-04,8,0,0,NYJ,MIA,14,24,NYJ,New York Jets,Miami Dolphins
1973,1973-11-05,8,0,0,PIT,WSH,21,16,PIT,Pittsburgh Steelers,Washington Redskins
1973,1973-11-11,9,0,0,PHI,ATL,27,44,PHI,Philadelphia Eagles,Atlanta Falcons
1973,1973-11-11,9,0,0,TEN,CLE,13,23,TEN,Houston Oilers,Cleveland Browns
1973,1973-11-11,9,0,0,DEN,LAC,30,19,DEN,Denver Broncos,San Diego Chargers
1973,1973-11-11,9,0,0,OAK,PIT,9,17,OAK,Oakland Raiders,Pittsburgh Steelers
1973,1973-11-11,9,0,0,MIA,IND,44,0,MIA,Miami Dolphins,Baltimore Colts
1973,1973-11-11,9,0,0,LAR,NO,29,7,LAR,Los Angeles Rams,New Orleans Saints
1973,1973-11-11,9,0,0,MIN,DET,28,7,MIN,Minnesota Vikings,Detroit Lions
1973,1973-11-11,9,0,0,GB,ARI,25,21,GB,Green Bay Packers,St. Louis Cardinals
1973,1973-11-11,9,0,0,NYG,DAL,10,23,NYG,New York Giants,Dallas Cowboys
1973,1973-11-11,9,0,0,BUF,CIN,13,16,BUF,Buffalo Bills,Cincinnati Bengals
1973,1973-11-11,9,0,0,WSH,SF,33,9,WSH,Washington Redskins,San Francisco 49ers
1973,1973-11-11,9,0,0,NYJ,NE,33,13,NYJ,New York Jets,New England Patriots
1973,1973-11-12,9,0,0,KC,CHI,19,7,KC,Kansas City Chiefs,Chicago Bears
1973,1973-11-18,10,0,0,KC,TEN,38,14,KC,Kansas City Chiefs,Houston Oilers
1973,1973-11-18,10,0,0,WSH,IND,22,14,WSH,Washington Redskins,Baltimore Colts
1973,1973-11-18,10,0,0,OAK,CLE,3,7,OAK,Oakland Raiders,Cleveland Browns
1973,1973-11-18,10,0,0,NYG,ARI,24,13,NYG,New York Giants,St. Louis Cardinals
1973,1973-11-18,10,0,0,NE,GB,33,24,NE,New England Patriots,Green Bay Packers
1973,1973-11-18,10,0,0,DAL,PHI,31,10,DAL,Dallas Cowboys,Philadelphia Eagles
1973,1973-11-18,10,0,0,CIN,NYJ,20,14,CIN,Cincinnati Bengals,New York Jets
1973,1973-11-18,10,0,0,LAC,NO,17,14,LAC,San Diego Chargers,New Orleans Saints
1973,1973-11-18,10,0,0,CHI,DET,7,30,CHI,Chicago Bears,Detroit Lions
1973,1973-11-18,10,0,0,BUF,MIA,0,17,BUF,Buffalo Bills,Miami Dolphins
1973,1973-11-18,10,0,0,PIT,DEN,13,23,PIT,Pittsburgh Steelers,Denver Broncos
1973,1973-11-18,10,0,0,LAR,SF,31,13,LAR,Los Angeles Rams,San Francisco 49ers
1973,1973-11-19,10,0,0,ATL,MIN,20,14,ATL,Atlanta Falcons,Minnesota Vikings
1973,1973-11-22,11,0,0,DET,WSH,0,20,DET,Detroit Lions,Washington Redskins
1973,1973-11-22,11,0,0,DAL,MIA,7,14,DAL,Dallas Cowboys,Miami Dolphins
1973,1973-11-25,11,0,0,NYJ,ATL,20,28,NYJ,New York Jets,Atlanta Falcons
1973,1973-11-25,11,0,0,TEN,NE,0,32,TEN,Houston Oilers,New England Patriots
1973,1973-11-25,11,0,0,PHI,NYG,20,16,PHI,Philadelphia Eagles,New York Giants
1973,1973-11-25,11,0,0,IND,BUF,17,24,IND,Baltimore Colts,Buffalo Bills
1973,1973-11-25,11,0,0,CIN,ARI,42,24,CIN,Cincinnati Bengals,St. Louis Cardinals
1973,1973-11-25,11,0,0,MIN,CHI,31,13,MIN,Minnesota Vikings,Chicago Bears
1973,1973-11-25,11,0,0,OAK,LAC,31,3,OAK,Oakland Raiders,San Diego Chargers
1973,1973-11-25,11,0,0,NO,LAR,13,24,NO,New Orleans Saints,Los Angeles Rams
1973,1973-11-25,11,0,0,DEN,KC,14,10,DEN,Denver Broncos,Kansas City Chiefs
1973,1973-11-25,11,0,0,CLE,PIT,21,16,CLE,Cleveland Browns,Pittsburgh Steelers
1973,1973-11-26,11,0,0,SF,GB,20,6,SF,San Francisco 49ers,Green Bay Packers
1973,1973-12-02,12,0,0,WSH,NYG,27,24,WSH,Washington Redskins,New York Giants
1973,1973-12-02,12,0,0,ATL,BUF,6,17,ATL,Atlanta Falcons,Buffalo Bills
1973,1973-12-02,12,0,0,NE,LAC,30,14,NE,New England Patriots,San Diego Chargers
1973,1973-12-02,12,0,0,ARI,DET,16,20,ARI,St. Louis Cardinals,Detroit Lions
1973,1973-12-02,12,0,0,CIN,MIN,27,0,CIN,Cincinnati Bengals,Minnesota Vikings
1973,1973-12-02,12,0,0,CHI,LAR,0,26,CHI,Chicago Bears,Los Angeles Rams
1973,1973-12-02,12,0,0,DEN,DAL,10,22,DEN,Denver Broncos,Dallas Cowboys
1973,1973-12-02,12,0,0,GB,NO,30,10,GB,Green Bay Packers,New Orleans Saints
1973,1973-12-02,12,0,0,SF,PHI,38,28,SF,San Francisco 49ers,Philadelphia Eagles
1973,1973-12-02,12,0,0,TEN,OAK,6,17,TEN,Houston Oilers,Oakland Raiders
1973,1973-12-02,12,0,0,NYJ,IND,20,17,NYJ,New York Jets,Baltimore Colts
1973,1973-12-02,12,0,0,KC,CLE,20,20,KC,Kansas City Chiefs,Cleveland Browns
1973,1973-12-03,12,0,0,MIA,PIT,30,26,MIA,Miami Dolphins,Pittsburgh Steelers
1973,1973-12-08,13,0,0,OAK,KC,37,7,OAK,Oakland Raiders,Kansas City Chiefs
1973,1973-12-08,13,0,0,GB,MIN,7,31,GB,Green Bay Packers,Minnesota Vikings
1973,1973-12-09,13,0,0,BUF,NE,37,13,BUF,Buffalo Bills,New England Patriots
1973,1973-12-09,13,0,0,PIT,TEN,33,7,PIT,Pittsburgh Steelers,Houston Oilers
1973,1973-12-09,13,0,0,PHI,NYJ,24,23,PHI,Philadelphia Eagles,New York Jets
1973,1973-12-09,13,0,0,NO,SF,16,10,NO,New Orleans Saints,San Francisco 49ers
1973,1973-12-09,13,0,0,DET,CHI,40,7,DET,Detroit Lions,Chicago Bears
1973,1973-12-09,13,0,0,IND,MIA,16,3,IND,Baltimore Colts,Miami Dolphins
1973,1973-12-09,13,0,0,ATL,ARI,10,32,ATL,Atlanta Falcons,St. Louis Cardinals
1973,1973-12-09,13,0,0,LAC,DEN,28,42,LAC,San Diego Chargers,Denver Broncos
1973,1973-12-09,13,0,0,DAL,WSH,27,7,DAL,Dallas Cowboys,Washington Redskins
1973,1973-12-09,13,0,0,CIN,CLE,34,17,CIN,Cincinnati Bengals,Cleveland Browns
1973,1973-12-10,13,0,0,LAR,NYG,40,6,LAR,Los Angeles Rams,New York Giants
1973,1973-12-15,14,0,0,SF,PIT,14,37,SF,San Francisco 49ers,Pittsburgh Steelers
1973,1973-12-15,14,0,0,MIA,DET,34,7,MIA,Miami Dolphins,Detroit Lions
1973,1973-12-16,14,0,0,IND,NE,18,13,IND,Baltimore Colts,New England Patriots
1973,1973-12-16,14,0,0,KC,LAC,33,6,KC,Kansas City Chiefs,San Diego Chargers
1973,1973-12-16,14,0,0,LAR,CLE,30,17,LAR,Los Angeles Rams,Cleveland Browns
1973,1973-12-16,14,0,0,WSH,PHI,38,20,WSH,Washington Redskins,Philadelphia Eagles
1973,1973-12-16,14,0,0,OAK,DEN,21,17,OAK,Oakland Raiders,Denver Broncos
1973,1973-12-16,14,0,0,TEN,CIN,24,27,TEN,Houston Oilers,Cincinnati Bengals
1973,1973-12-16,14,0,0,NYJ,BUF,14,34,NYJ,New York Jets,Buffalo Bills
1973,1973-12-16,14,0,0,NYG,MIN,7,31,NYG,New York Giants,Minnesota Vikings
1973,1973-12-16,14,0,0,CHI,GB,0,21,CHI,Chicago Bears,Green Bay Packers
1973,1973-12-16,14,0,0,ARI,DAL,3,30,ARI,St. Louis Cardinals,Dallas Cowboys
1973,1973-12-16,14,0,0,ATL,NO,14,10,ATL,Atlanta Falcons,New Orleans Saints
1973,1973-12-22,Division,1,0,OAK,PIT,33,14,OAK,Oakland Raiders,Pittsburgh Steelers
1973,1973-12-22,Division,1,0,MIN,WSH,27,20,MIN,Minnesota Vikings,Washington Redskins
1973,1973-12-23,Division,1,0,MIA,CIN,34,16,MIA,Miami Dolphins,Cincinnati Bengals
1973,1973-12-23,Division,1,0,DAL,LAR,27,16,DAL,Dallas Cowboys,Los Angeles Rams
1973,1973-12-30,Conference,1,0,MIA,OAK,27,10,MIA,Miami Dolphins,Oakland Raiders
1973,1973-12-30,Conference,1,0,DAL,MIN,10,27,DAL,Dallas Cowboys,Minnesota Vikings
1973,1974-01-13,Superbowl,1,1,MIN,MIA,7,24,MIA,Miami Dolphins,Minnesota Vikings
1974,1974-09-15,1,0,0,DEN,LAR,10,17,DEN,Denver Broncos,Los Angeles Rams
1974,1974-09-15,1,0,0,NO,SF,13,17,NO,New Orleans Saints,San Francisco 49ers
1974,1974-09-15,1,0,0,PIT,IND,30,0,PIT,Pittsburgh Steelers,Baltimore Colts
1974,1974-09-15,1,0,0,NYG,WSH,10,13,NYG,New York Giants,Washington Redskins
1974,1974-09-15,1,0,0,NE,MIA,34,24,NE,New England Patriots,Miami Dolphins
1974,1974-09-15,1,0,0,ATL,DAL,0,24,ATL,Atlanta Falcons,Dallas Cowboys
1974,1974-09-15,1,0,0,CHI,DET,17,9,CHI,Chicago Bears,Detroit Lions
1974,1974-09-15,1,0,0,TEN,LAC,21,14,TEN,Houston Oilers,San Diego Chargers
1974,1974-09-15,1,0,0,CIN,CLE,33,7,CIN,Cincinnati Bengals,Cleveland Browns
1974,1974-09-15,1,0,0,ARI,PHI,7,3,ARI,St. Louis Cardinals,Philadelphia Eagles
1974,1974-09-15,1,0,0,GB,MIN,17,32,GB,Green Bay Packers,Minnesota Vikings
1974,1974-09-15,1,0,0,KC,NYJ,24,16,KC,Kansas City Chiefs,New York Jets
1974,1974-09-16,1,0,0,BUF,OAK,21,20,BUF,Buffalo Bills,Oakland Raiders
1974,1974-09-22,2,0,0,BUF,MIA,16,24,BUF,Buffalo Bills,Miami Dolphins
1974,1974-09-22,2,0,0,CIN,LAC,17,20,CIN,Cincinnati Bengals,San Diego Chargers
1974,1974-09-22,2,0,0,WSH,ARI,10,17,WSH,Washington Redskins,St. Louis Cardinals
1974,1974-09-22,2,0,0,CHI,NYJ,21,23,CHI,Chicago Bears,New York Jets
1974,1974-09-22,2,0,0,LAR,NO,24,0,LAR,Los Angeles Rams,New Orleans Saints
1974,1974-09-22,2,0,0,ATL,SF,10,16,ATL,Atlanta Falcons,San Francisco 49ers
1974,1974-09-22,2,0,0,OAK,KC,27,7,OAK,Oakland Raiders,Kansas City Chiefs
1974,1974-09-22,2,0,0,NYG,NE,20,28,NYG,New York Giants,New England Patriots
1974,1974-09-22,2,0,0,DET,MIN,6,7,DET,Detroit Lions,Minnesota Vikings
1974,1974-09-22,2,0,0,DEN,PIT,35,35,DEN,Denver Broncos,Pittsburgh Steelers
1974,1974-09-22,2,0,0,IND,GB,13,20,IND,Baltimore Colts,Green Bay Packers
1974,1974-09-22,2,0,0,CLE,TEN,20,7,CLE,Cleveland Browns,Houston Oilers
1974,1974-09-23,2,0,0,PHI,DAL,13,10,PHI,Philadelphia Eagles,Dallas Cowboys
1974,1974-09-29,3,0,0,ARI,CLE,29,7,ARI,St. Louis Cardinals,Cleveland Browns
1974,1974-09-29,3,0,0,PIT,OAK,0,17,PIT,Pittsburgh Steelers,Oakland Raiders
1974,1974-09-29,3,0,0,BUF,NYJ,16,12,BUF,Buffalo Bills,New York Jets
1974,1974-09-29,3,0,0,LAC,MIA,21,28,LAC,San Diego Chargers,Miami Dolphins
1974,1974-09-29,3,0,0,SF,CIN,3,21,SF,San Francisco 49ers,Cincinnati Bengals
1974,1974-09-29,3,0,0,NE,LAR,20,14,NE,New England Patriots,Los Angeles Rams
1974,1974-09-29,3,0,0,PHI,IND,30,10,PHI,Philadelphia Eagles,Baltimore Colts
1974,1974-09-29,3,0,0,DAL,NYG,6,14,DAL,Dallas Cowboys,New York Giants
1974,1974-09-29,3,0,0,TEN,KC,7,17,TEN,Houston Oilers,Kansas City Chiefs
1974,1974-09-29,3,0,0,NO,ATL,14,13,NO,New Orleans Saints,Atlanta Falcons
1974,1974-09-29,3,0,0,MIN,CHI,11,7,MIN,Minnesota Vikings,Chicago Bears
1974,1974-09-29,3,0,0,GB,DET,21,19,GB,Green Bay Packers,Detroit Lions
1974,1974-09-30,3,0,0,WSH,DEN,30,3,WSH,Washington Redskins,Denver Broncos
1974,1974-10-06,4,0,0,CIN,WSH,28,17,CIN,Cincinnati Bengals,Washington Redskins
1974,1974-10-06,4,0,0,LAC,PHI,7,13,LAC,San Diego Chargers,Philadelphia Eagles
1974,1974-10-06,4,0,0,GB,BUF,7,27,GB,Green Bay Packers,Buffalo Bills
1974,1974-10-06,4,0,0,LAR,DET,16,13,LAR,Los Angeles Rams,Detroit Lions
1974,1974-10-06,4,0,0,SF,ARI,9,34,SF,San Francisco 49ers,St. Louis Cardinals
1974,1974-10-06,4,0,0,TEN,PIT,7,13,TEN,Houston Oilers,Pittsburgh Steelers
1974,1974-10-06,4,0,0,NYG,ATL,7,14,NYG,New York Giants,Atlanta Falcons
1974,1974-10-06,4,0,0,NE,IND,42,3,NE,New England Patriots,Baltimore Colts
1974,1974-10-06,4,0,0,KC,DEN,14,17,KC,Kansas City Chiefs,Denver Broncos
1974,1974-10-06,4,0,0,DAL,MIN,21,23,DAL,Dallas Cowboys,Minnesota Vikings
1974,1974-10-06,4,0,0,CLE,OAK,24,40,CLE,Cleveland Browns,Oakland Raiders
1974,1974-10-06,4,0,0,CHI,NO,24,10,CHI,Chicago Bears,New Orleans Saints
1974,1974-10-07,4,0,0,MIA,NYJ,21,17,MIA,Miami Dolphins,New York Jets
1974,1974-10-13,5,0,0,ATL,CHI,13,10,ATL,Atlanta Falcons,Chicago Bears
1974,1974-10-13,5,0,0,IND,BUF,14,27,IND,Baltimore Colts,Buffalo Bills
1974,1974-10-13,5,0,0,CLE,CIN,24,34,CLE,Cleveland Browns,Cincinnati Bengals
1974,1974-10-13,5,0,0,ARI,DAL,31,28,ARI,St. Louis Cardinals,Dallas Cowboys
1974,1974-10-13,5,0,0,DEN,NO,33,17,DEN,Denver Broncos,New Orleans Saints
1974,1974-10-13,5,0,0,KC,PIT,24,34,KC,Kansas City Chiefs,Pittsburgh Steelers
1974,1974-10-13,5,0,0,MIN,TEN,51,10,MIN,Minnesota Vikings,Houston Oilers
1974,1974-10-13,5,0,0,NYJ,NE,0,24,NYJ,New York Jets,New England Patriots
1974,1974-10-13,5,0,0,PHI,NYG,35,7,PHI,Philadelphia Eagles,New York Giants
1974,1974-10-13,5,0,0,LAC,OAK,10,14,LAC,San Diego Chargers,Oakland Raiders
1974,1974-10-13,5,0,0,WSH,MIA,20,17,WSH,Washington Redskins,Miami Dolphins
1974,1974-10-13,5,0,0,GB,LAR,17,6,GB,Green Bay Packers,Los Angeles Rams
1974,1974-10-14,5,0,0,DET,SF,17,13,DET,Detroit Lions,San Francisco 49ers
1974,1974-10-20,6,0,0,WSH,NYG,24,3,WSH,Washington Redskins,New York Giants
1974,1974-10-20,6,0,0,LAR,SF,37,14,LAR,Los Angeles Rams,San Francisco 49ers
1974,1974-10-20,6,0,0,DEN,LAC,27,7,DEN,Denver Broncos,San Diego Chargers
1974,1974-10-20,6,0,0,MIA,KC,9,3,MIA,Miami Dolphins,Kansas City Chiefs
1974,1974-10-20,6,0,0,ATL,NO,3,13,ATL,Atlanta Falcons,New Orleans Saints
1974,1974-10-20,6,0,0,BUF,NE,30,28,BUF,Buffalo Bills,New England Patriots
1974,1974-10-20,6,0,0,DAL,PHI,31,24,DAL,Dallas Cowboys,Philadelphia Eagles
1974,1974-10-20,6,0,0,MIN,DET,16,20,MIN,Minnesota Vikings,Detroit Lions
1974,1974-10-20,6,0,0,NYJ,IND,20,35,NYJ,New York Jets,Baltimore Colts
1974,1974-10-20,6,0,0,TEN,ARI,27,31,TEN,Houston Oilers,St. Louis Cardinals
1974,1974-10-20,6,0,0,PIT,CLE,20,16,PIT,Pittsburgh Steelers,Cleveland Browns
1974,1974-10-20,6,0,0,OAK,CIN,30,27,OAK,Oakland Raiders,Cincinnati Bengals
1974,1974-10-21,6,0,0,CHI,GB,10,9,CHI,Chicago Bears,Green Bay Packers
1974,1974-10-27,7,0,0,NYG,DAL,7,21,NYG,New York Giants,Dallas Cowboys
1974,1974-10-27,7,0,0,MIN,NE,14,17,MIN,Minnesota Vikings,New England Patriots
1974,1974-10-27,7,0,0,LAC,KC,14,24,LAC,San Diego Chargers,Kansas City Chiefs
1974,1974-10-27,7,0,0,MIA,IND,17,7,MIA,Miami Dolphins,Baltimore Colts
1974,1974-10-27,7,0,0,BUF,CHI,16,6,BUF,Buffalo Bills,Chicago Bears
1974,1974-10-27,7,0,0,NYJ,LAR,13,20,NYJ,New York Jets,Los Angeles Rams
1974,1974-10-27,7,0,0,CIN,TEN,21,34,CIN,Cincinnati Bengals,Houston Oilers
1974,1974-10-27,7,0,0,CLE,DEN,23,21,CLE,Cleveland Browns,Denver Broncos
1974,1974-10-27,7,0,0,ARI,WSH,23,20,ARI,St. Louis Cardinals,Washington Redskins
1974,1974-10-27,7,0,0,DET,GB,19,17,DET,Detroit Lions,Green Bay Packers
1974,1974-10-27,7,0,0,NO,PHI,14,10,NO,New Orleans Saints,Philadelphia Eagles
1974,1974-10-27,7,0,0,SF,OAK,24,35,SF,San Francisco 49ers,Oakland Raiders
1974,1974-10-28,7,0,0,PIT,ATL,24,17,PIT,Pittsburgh Steelers,Atlanta Falcons
1974,1974-11-03,8,0,0,CHI,MIN,0,17,CHI,Chicago Bears,Minnesota Vikings
1974,1974-11-03,8,0,0,LAC,CLE,36,35,LAC,San Diego Chargers,Cleveland Browns
1974,1974-11-03,8,0,0,PIT,PHI,27,0,PIT,Pittsburgh Steelers,Philadelphia Eagles
1974,1974-11-03,8,0,0,NYJ,TEN,22,27,NYJ,New York Jets,Houston Oilers
1974,1974-11-03,8,0,0,NE,BUF,28,29,NE,New England Patriots,Buffalo Bills
1974,1974-11-03,8,0,0,KC,NYG,27,33,KC,Kansas City Chiefs,New York Giants
1974,1974-11-03,8,0,0,GB,WSH,6,17,GB,Green Bay Packers,Washington Redskins
1974,1974-11-03,8,0,0,DET,NO,19,14,DET,Detroit Lions,New Orleans Saints
1974,1974-11-03,8,0,0,DEN,OAK,17,28,DEN,Denver Broncos,Oakland Raiders
1974,1974-11-03,8,0,0,DAL,ARI,17,14,DAL,Dallas Cowboys,St. Louis Cardinals
1974,1974-11-03,8,0,0,IND,CIN,14,24,IND,Baltimore Colts,Cincinnati Bengals
1974,1974-11-03,8,0,0,MIA,ATL,42,7,MIA,Miami Dolphins,Atlanta Falcons
1974,1974-11-04,8,0,0,SF,LAR,13,15,SF,San Francisco 49ers,Los Angeles Rams
1974,1974-11-10,9,0,0,BUF,TEN,9,21,BUF,Buffalo Bills,Houston Oilers
1974,1974-11-10,9,0,0,NYG,NYJ,20,26,NYG,New York Giants,New York Jets
1974,1974-11-10,9,0,0,NE,CLE,14,21,NE,New England Patriots,Cleveland Browns
1974,1974-11-10,9,0,0,IND,DEN,6,17,IND,Baltimore Colts,Denver Broncos
1974,1974-11-10,9,0,0,DAL,SF,20,14,DAL,Dallas Cowboys,San Francisco 49ers
1974,1974-11-10,9,0,0,GB,CHI,20,3,GB,Green Bay Packers,Chicago Bears
1974,1974-11-10,9,0,0,NO,MIA,0,21,NO,New Orleans Saints,Miami Dolphins
1974,1974-11-10,9,0,0,KC,LAC,7,14,KC,Kansas City Chiefs,San Diego Chargers
1974,1974-11-10,9,0,0,CIN,PIT,17,10,CIN,Cincinnati Bengals,Pittsburgh Steelers
1974,1974-11-10,9,0,0,PHI,WSH,20,27,PHI,Philadelphia Eagles,Washington Redskins
1974,1974-11-10,9,0,0,OAK,DET,35,13,OAK,Oakland Raiders,Detroit Lions
1974,1974-11-10,9,0,0,LAR,ATL,21,0,LAR,Los Angeles Rams,Atlanta Falcons
1974,1974-11-11,9,0,0,ARI,MIN,24,28,ARI,St. Louis Cardinals,Minnesota Vikings
1974,1974-11-17,10,0,0,NO,LAR,20,7,NO,New Orleans Saints,Los Angeles Rams
1974,1974-11-17,10,0,0,TEN,CIN,20,3,TEN,Houston Oilers,Cincinnati Bengals
1974,1974-11-17,10,0,0,WSH,DAL,28,21,WSH,Washington Redskins,Dallas Cowboys
1974,1974-11-17,10,0,0,OAK,LAC,17,10,OAK,Oakland Raiders,San Diego Chargers
1974,1974-11-17,10,0,0,PHI,ARI,3,13,PHI,Philadelphia Eagles,St. Louis Cardinals
1974,1974-11-17,10,0,0,NE,NYJ,16,21,NE,New England Patriots,New York Jets
1974,1974-11-17,10,0,0,MIN,GB,7,19,MIN,Minnesota Vikings,Green Bay Packers
1974,1974-11-17,10,0,0,MIA,BUF,35,28,MIA,Miami Dolphins,Buffalo Bills
1974,1974-11-17,10,0,0,DET,NYG,20,19,DET,Detroit Lions,New York Giants
1974,1974-11-17,10,0,0,CLE,PIT,16,26,CLE,Cleveland Browns,Pittsburgh Steelers
1974,1974-11-17,10,0,0,CHI,SF,0,34,CHI,Chicago Bears,San Francisco 49ers
1974,1974-11-17,10,0,0,ATL,IND,7,17,ATL,Atlanta Falcons,Baltimore Colts
1974,1974-11-18,10,0,0,DEN,KC,34,42,DEN,Denver Broncos,Kansas City Chiefs
1974,1974-11-24,11,0,0,CIN,KC,33,6,CIN,Cincinnati Bengals,Kansas City Chiefs
1974,1974-11-24,11,0,0,OAK,DEN,17,20,OAK,Oakland Raiders,Denver Broncos
1974,1974-11-24,11,0,0,LAR,MIN,20,17,LAR,Los Angeles Rams,Minnesota Vikings
1974,1974-11-24,11,0,0,IND,NE,17,27,IND,Baltimore Colts,New England Patriots
1974,1974-11-24,11,0,0,GB,LAC,34,0,GB,Green Bay Packers,San Diego Chargers
1974,1974-11-24,11,0,0,DET,CHI,34,17,DET,Detroit Lions,Chicago Bears
1974,1974-11-24,11,0,0,CLE,BUF,10,15,CLE,Cleveland Browns,Buffalo Bills
1974,1974-11-24,11,0,0,WSH,PHI,26,7,WSH,Washington Redskins,Philadelphia Eagles
1974,1974-11-24,11,0,0,SF,ATL,27,0,SF,San Francisco 49ers,Atlanta Falcons
1974,1974-11-24,11,0,0,TEN,DAL,0,10,TEN,Houston Oilers,Dallas Cowboys
1974,1974-11-24,11,0,0,NYJ,MIA,17,14,NYJ,New York Jets,Miami Dolphins
1974,1974-11-24,11,0,0,NYG,ARI,21,23,NYG,New York Giants,St. Louis Cardinals
1974,1974-11-25,11,0,0,NO,PIT,7,28,NO,New Orleans Saints,Pittsburgh Steelers
1974,1974-11-28,12,0,0,DAL,WSH,24,23,DAL,Dallas Cowboys,Washington Redskins
1974,1974-11-28,12,0,0,DET,DEN,27,31,DET,Detroit Lions,Denver Broncos
1974,1974-12-01,12,0,0,CHI,NYG,16,13,CHI,Chicago Bears,New York Giants
1974,1974-12-01,12,0,0,NYJ,LAC,27,14,NYJ,New York Jets,San Diego Chargers
1974,1974-12-01,12,0,0,OAK,NE,41,26,OAK,Oakland Raiders,New England Patriots
1974,1974-12-01,12,0,0,PIT,TEN,10,13,PIT,Pittsburgh Steelers,Houston Oilers
1974,1974-12-01,12,0,0,PHI,GB,36,14,PHI,Philadelphia Eagles,Green Bay Packers
1974,1974-12-01,12,0,0,MIN,NO,29,9,MIN,Minnesota Vikings,New Orleans Saints
1974,1974-12-01,12,0,0,ARI,KC,13,17,ARI,St. Louis Cardinals,Kansas City Chiefs
1974,1974-12-01,12,0,0,CLE,SF,7,0,CLE,Cleveland Browns,San Francisco 49ers
1974,1974-12-01,12,0,0,BUF,IND,6,0,BUF,Buffalo Bills,Baltimore Colts
1974,1974-12-01,12,0,0,ATL,LAR,7,30,ATL,Atlanta Falcons,Los Angeles Rams
1974,1974-12-02,12,0,0,MIA,CIN,24,3,MIA,Miami Dolphins,Cincinnati Bengals
1974,1974-12-07,13,0,0,DAL,CLE,41,17,DAL,Dallas Cowboys,Cleveland Browns
1974,1974-12-07,13,0,0,MIN,ATL,23,10,MIN,Minnesota Vikings,Atlanta Falcons
1974,1974-12-08,13,0,0,SF,GB,7,6,SF,San Francisco 49ers,Green Bay Packers
1974,1974-12-08,13,0,0,NYJ,BUF,20,10,NYJ,New York Jets,Buffalo Bills
1974,1974-12-08,13,0,0,NYG,PHI,7,20,NYG,New York Giants,Philadelphia Eagles
1974,1974-12-08,13,0,0,CIN,DET,19,23,CIN,Cincinnati Bengals,Detroit Lions
1974,1974-12-08,13,0,0,LAC,CHI,28,21,LAC,San Diego Chargers,Chicago Bears
1974,1974-12-08,13,0,0,DEN,TEN,37,14,DEN,Denver Broncos,Houston Oilers
1974,1974-12-08,13,0,0,NE,PIT,17,21,NE,New England Patriots,Pittsburgh Steelers
1974,1974-12-08,13,0,0,NO,ARI,14,0,NO,New Orleans Saints,St. Louis Cardinals
1974,1974-12-08,13,0,0,KC,OAK,6,7,KC,Kansas City Chiefs,Oakland Raiders
1974,1974-12-08,13,0,0,IND,MIA,16,17,IND,Baltimore Colts,Miami Dolphins
1974,1974-12-09,13,0,0,LAR,WSH,17,23,LAR,Los Angeles Rams,Washington Redskins
1974,1974-12-14,14,0,0,KC,MIN,15,35,KC,Kansas City Chiefs,Minnesota Vikings
1974,1974-12-14,14,0,0,OAK,DAL,27,23,OAK,Oakland Raiders,Dallas Cowboys
1974,1974-12-14,14,0,0,PIT,CIN,27,3,PIT,Pittsburgh Steelers,Cincinnati Bengals
1974,1974-12-15,14,0,0,WSH,CHI,42,0,WSH,Washington Redskins,Chicago Bears
1974,1974-12-15,14,0,0,LAC,DEN,17,0,LAC,San Diego Chargers,Denver Broncos
1974,1974-12-15,14,0,0,ATL,GB,10,3,ATL,Atlanta Falcons,Green Bay Packers
1974,1974-12-15,14,0,0,IND,NYJ,38,45,IND,Baltimore Colts,New York Jets
1974,1974-12-15,14,0,0,ARI,NYG,26,14,ARI,St. Louis Cardinals,New York Giants
1974,1974-12-15,14,0,0,MIA,NE,34,27,MIA,Miami Dolphins,New England Patriots
1974,1974-12-15,14,0,0,PHI,DET,28,17,PHI,Philadelphia Eagles,Detroit Lions
1974,1974-12-15,14,0,0,SF,NO,35,21,SF,San Francisco 49ers,New Orleans Saints
1974,1974-12-15,14,0,0,LAR,BUF,19,14,LAR,Los Angeles Rams,Buffalo Bills
1974,1974-12-15,14,0,0,TEN,CLE,28,24,TEN,Houston Oilers,Cleveland Browns
1974,1974-12-21,Division,1,0,MIN,ARI,30,14,MIN,Minnesota Vikings,St. Louis Cardinals
1974,1974-12-21,Division,1,0,OAK,MIA,28,26,OAK,Oakland Raiders,Miami Dolphins
1974,1974-12-22,Division,1,0,LAR,WSH,19,10,LAR,Los Angeles Rams,Washington Redskins
1974,1974-12-22,Division,1,0,PIT,BUF,32,14,PIT,Pittsburgh Steelers,Buffalo Bills
1974,1974-12-29,Conference,1,0,MIN,LAR,14,10,MIN,Minnesota Vikings,Los Angeles Rams
1974,1974-12-29,Conference,1,0,OAK,PIT,13,24,OAK,Oakland Raiders,Pittsburgh Steelers
1974,1975-01-12,Superbowl,1,1,PIT,MIN,16,6,MIN,Minnesota Vikings,Pittsburgh Steelers
1975,1975-09-21,1,0,0,WSH,NO,41,3,WSH,Washington Redskins,New Orleans Saints
1975,1975-09-21,1,0,0,DEN,KC,37,33,DEN,Denver Broncos,Kansas City Chiefs
1975,1975-09-21,1,0,0,PHI,NYG,14,23,PHI,Philadelphia Eagles,New York Giants
1975,1975-09-21,1,0,0,ARI,ATL,23,20,ARI,St. Louis Cardinals,Atlanta Falcons
1975,1975-09-21,1,0,0,CIN,CLE,24,17,CIN,Cincinnati Bengals,Cleveland Browns
1975,1975-09-21,1,0,0,CHI,IND,7,35,CHI,Chicago Bears,Baltimore Colts
1975,1975-09-21,1,0,0,BUF,NYJ,42,14,BUF,Buffalo Bills,New York Jets
1975,1975-09-21,1,0,0,MIN,SF,27,17,MIN,Minnesota Vikings,San Francisco 49ers
1975,1975-09-21,1,0,0,NE,TEN,0,7,NE,New England Patriots,Houston Oilers
1975,1975-09-21,1,0,0,LAC,PIT,0,37,LAC,San Diego Chargers,Pittsburgh Steelers
1975,1975-09-21,1,0,0,GB,DET,16,30,GB,Green Bay Packers,Detroit Lions
1975,1975-09-21,1,0,0,DAL,LAR,18,7,DAL,Dallas Cowboys,Los Angeles Rams
1975,1975-09-22,1,0,0,MIA,OAK,21,31,MIA,Miami Dolphins,Oakland Raiders
1975,1975-09-28,2,0,0,NE,MIA,14,22,NE,New England Patriots,Miami Dolphins
1975,1975-09-28,2,0,0,WSH,NYG,49,13,WSH,Washington Redskins,New York Giants
1975,1975-09-28,2,0,0,PIT,BUF,21,30,PIT,Pittsburgh Steelers,Buffalo Bills
1975,1975-09-28,2,0,0,TEN,LAC,33,17,TEN,Houston Oilers,San Diego Chargers
1975,1975-09-28,2,0,0,NO,CIN,0,21,NO,New Orleans Saints,Cincinnati Bengals
1975,1975-09-28,2,0,0,KC,NYJ,24,30,KC,Kansas City Chiefs,New York Jets
1975,1975-09-28,2,0,0,DAL,ARI,37,31,DAL,Dallas Cowboys,St. Louis Cardinals
1975,1975-09-28,2,0,0,IND,OAK,20,31,IND,Baltimore Colts,Oakland Raiders
1975,1975-09-28,2,0,0,CLE,MIN,10,42,CLE,Cleveland Browns,Minnesota Vikings
1975,1975-09-28,2,0,0,CHI,PHI,15,13,CHI,Chicago Bears,Philadelphia Eagles
1975,1975-09-28,2,0,0,ATL,DET,14,17,ATL,Atlanta Falcons,Detroit Lions
1975,1975-09-28,2,0,0,SF,LAR,14,23,SF,San Francisco 49ers,Los Angeles Rams
1975,1975-09-29,2,0,0,DEN,GB,23,13,DEN,Denver Broncos,Green Bay Packers
1975,1975-10-05,3,0,0,ARI,NYG,26,14,ARI,St. Louis Cardinals,New York Giants
1975,1975-10-05,3,0,0,CLE,PIT,6,42,CLE,Cleveland Browns,Pittsburgh Steelers
1975,1975-10-05,3,0,0,BUF,DEN,38,14,BUF,Buffalo Bills,Denver Broncos
1975,1975-10-05,3,0,0,ATL,NO,14,7,ATL,Atlanta Falcons,New Orleans Saints
1975,1975-10-05,3,0,0,MIN,CHI,28,3,MIN,Minnesota Vikings,Chicago Bears
1975,1975-10-05,3,0,0,LAR,IND,24,13,LAR,Los Angeles Rams,Baltimore Colts
1975,1975-10-05,3,0,0,TEN,CIN,19,21,TEN,Houston Oilers,Cincinnati Bengals
1975,1975-10-05,3,0,0,NYJ,NE,36,7,NYJ,New York Jets,New England Patriots
1975,1975-10-05,3,0,0,PHI,WSH,26,10,PHI,Philadelphia Eagles,Washington Redskins
1975,1975-10-05,3,0,0,LAC,OAK,0,6,LAC,San Diego Chargers,Oakland Raiders
1975,1975-10-05,3,0,0,KC,SF,3,20,KC,Kansas City Chiefs,San Francisco 49ers
1975,1975-10-05,3,0,0,GB,MIA,7,31,GB,Green Bay Packers,Miami Dolphins
1975,1975-10-06,3,0,0,DET,DAL,10,36,DET,Detroit Lions,Dallas Cowboys
1975,1975-10-12,4,0,0,SF,ATL,3,17,SF,San Francisco 49ers,Atlanta Falcons
1975,1975-10-12,4,0,0,NYG,DAL,7,13,NYG,New York Giants,Dallas Cowboys
1975,1975-10-12,4,0,0,NO,GB,20,19,NO,New Orleans Saints,Green Bay Packers
1975,1975-10-12,4,0,0,LAC,LAR,10,13,LAC,San Diego Chargers,Los Angeles Rams
1975,1975-10-12,4,0,0,PIT,DEN,20,9,PIT,Pittsburgh Steelers,Denver Broncos
1975,1975-10-12,4,0,0,CIN,NE,27,10,CIN,Cincinnati Bengals,New England Patriots
1975,1975-10-12,4,0,0,CLE,TEN,10,40,CLE,Cleveland Browns,Houston Oilers
1975,1975-10-12,4,0,0,IND,BUF,31,38,IND,Baltimore Colts,Buffalo Bills
1975,1975-10-12,4,0,0,DET,CHI,27,7,DET,Detroit Lions,Chicago Bears
1975,1975-10-12,4,0,0,KC,OAK,42,10,KC,Kansas City Chiefs,Oakland Raiders
1975,1975-10-12,4,0,0,MIA,PHI,24,16,MIA,Miami Dolphins,Philadelphia Eagles
1975,1975-10-12,4,0,0,MIN,NYJ,29,21,MIN,Minnesota Vikings,New York Jets
1975,1975-10-13,4,0,0,WSH,ARI,27,17,WSH,Washington Redskins,St. Louis Cardinals
1975,1975-10-19,5,0,0,ARI,PHI,31,20,ARI,St. Louis Cardinals,Philadelphia Eagles
1975,1975-10-19,5,0,0,LAR,ATL,22,7,LAR,Los Angeles Rams,Atlanta Falcons
1975,1975-10-19,5,0,0,PIT,CHI,34,3,PIT,Pittsburgh Steelers,Chicago Bears
1975,1975-10-19,5,0,0,TEN,WSH,13,10,TEN,Houston Oilers,Washington Redskins
1975,1975-10-19,5,0,0,DAL,GB,17,19,DAL,Dallas Cowboys,Green Bay Packers
1975,1975-10-19,5,0,0,CIN,OAK,14,10,CIN,Cincinnati Bengals,Oakland Raiders
1975,1975-10-19,5,0,0,NYJ,MIA,0,43,NYJ,New York Jets,Miami Dolphins
1975,1975-10-19,5,0,0,SF,NO,35,21,SF,San Francisco 49ers,New Orleans Saints
1975,1975-10-19,5,0,0,NE,IND,21,10,NE,New England Patriots,Baltimore Colts
1975,1975-10-19,5,0,0,MIN,DET,25,19,MIN,Minnesota Vikings,Detroit Lions
1975,1975-10-19,5,0,0,DEN,CLE,16,15,DEN,Denver Broncos,Cleveland Browns
1975,1975-10-19,5,0,0,LAC,KC,10,12,LAC,San Diego Chargers,Kansas City Chiefs
1975,1975-10-20,5,0,0,BUF,NYG,14,17,BUF,Buffalo Bills,New York Giants
1975,1975-10-25,6,0,0,NYG,ARI,13,20,NYG,New York Giants,St. Louis Cardinals
1975,1975-10-26,6,0,0,TEN,DET,24,8,TEN,Houston Oilers,Detroit Lions
1975,1975-10-26,6,0,0,NYJ,IND,28,45,NYJ,New York Jets,Baltimore Colts
1975,1975-10-26,6,0,0,LAR,NO,38,14,LAR,Los Angeles Rams,New Orleans Saints
1975,1975-10-26,6,0,0,PHI,DAL,17,20,PHI,Philadelphia Eagles,Dallas Cowboys
1975,1975-10-26,6,0,0,OAK,LAC,25,0,OAK,Oakland Raiders,San Diego Chargers
1975,1975-10-26,6,0,0,NE,SF,24,16,NE,New England Patriots,San Francisco 49ers
1975,1975-10-26,6,0,0,ATL,CIN,14,21,ATL,Atlanta Falcons,Cincinnati Bengals
1975,1975-10-26,6,0,0,BUF,MIA,30,35,BUF,Buffalo Bills,Miami Dolphins
1975,1975-10-26,6,0,0,CLE,WSH,7,23,CLE,Cleveland Browns,Washington Redskins
1975,1975-10-26,6,0,0,KC,DEN,26,13,KC,Kansas City Chiefs,Denver Broncos
1975,1975-10-26,6,0,0,GB,PIT,13,16,GB,Green Bay Packers,Pittsburgh Steelers
1975,1975-10-27,6,0,0,CHI,MIN,9,13,CHI,Chicago Bears,Minnesota Vikings
1975,1975-11-01,7,0,0,NYG,LAC,35,24,NYG,New York Giants,San Diego Chargers
1975,1975-11-02,7,0,0,KC,TEN,13,17,KC,Kansas City Chiefs,Houston Oilers
1975,1975-11-02,7,0,0,CHI,MIA,13,46,CHI,Chicago Bears,Miami Dolphins
1975,1975-11-02,7,0,0,CIN,PIT,24,30,CIN,Cincinnati Bengals,Pittsburgh Steelers
1975,1975-11-02,7,0,0,ARI,NE,24,17,ARI,St. Louis Cardinals,New England Patriots
1975,1975-11-02,7,0,0,DEN,OAK,17,42,DEN,Denver Broncos,Oakland Raiders
1975,1975-11-02,7,0,0,GB,MIN,17,28,GB,Green Bay Packers,Minnesota Vikings
1975,1975-11-02,7,0,0,NO,ATL,23,7,NO,New Orleans Saints,Atlanta Falcons
1975,1975-11-02,7,0,0,NYJ,BUF,23,24,NYJ,New York Jets,Buffalo Bills
1975,1975-11-02,7,0,0,SF,DET,17,28,SF,San Francisco 49ers,Detroit Lions
1975,1975-11-02,7,0,0,WSH,DAL,30,24,WSH,Washington Redskins,Dallas Cowboys
1975,1975-11-02,7,0,0,IND,CLE,21,7,IND,Baltimore Colts,Cleveland Browns
1975,1975-11-03,7,0,0,PHI,LAR,3,42,PHI,Philadelphia Eagles,Los Angeles Rams
1975,1975-11-09,8,0,0,LAC,NE,19,33,LAC,San Diego Chargers,New England Patriots
1975,1975-11-09,8,0,0,LAR,SF,23,24,LAR,Los Angeles Rams,San Francisco 49ers
1975,1975-11-09,8,0,0,DEN,CIN,16,17,DEN,Denver Broncos,Cincinnati Bengals
1975,1975-11-09,8,0,0,BUF,IND,35,42,BUF,Buffalo Bills,Baltimore Colts
1975,1975-11-09,8,0,0,MIA,NYJ,27,7,MIA,Miami Dolphins,New York Jets
1975,1975-11-09,8,0,0,CHI,GB,27,14,CHI,Chicago Bears,Green Bay Packers
1975,1975-11-09,8,0,0,OAK,NO,48,10,OAK,Oakland Raiders,New Orleans Saints
1975,1975-11-09,8,0,0,PIT,TEN,24,17,PIT,Pittsburgh Steelers,Houston Oilers
1975,1975-11-09,8,0,0,PHI,ARI,23,24,PHI,Philadelphia Eagles,St. Louis Cardinals
1975,1975-11-09,8,0,0,NYG,WSH,13,21,NYG,New York Giants,Washington Redskins
1975,1975-11-09,8,0,0,MIN,ATL,38,0,MIN,Minnesota Vikings,Atlanta Falcons
1975,1975-11-09,8,0,0,DET,CLE,21,10,DET,Detroit Lions,Cleveland Browns
1975,1975-11-10,8,0,0,DAL,KC,31,34,DAL,Dallas Cowboys,Kansas City Chiefs
1975,1975-11-16,9,0,0,IND,NYJ,52,19,IND,Baltimore Colts,New York Jets
1975,1975-11-16,9,0,0,NYG,PHI,10,13,NYG,New York Giants,Philadelphia Eagles
1975,1975-11-16,9,0,0,TEN,MIA,20,19,TEN,Houston Oilers,Miami Dolphins
1975,1975-11-16,9,0,0,NE,DAL,31,34,NE,New England Patriots,Dallas Cowboys
1975,1975-11-16,9,0,0,PIT,KC,28,3,PIT,Pittsburgh Steelers,Kansas City Chiefs
1975,1975-11-16,9,0,0,ATL,LAR,7,16,ATL,Atlanta Falcons,Los Angeles Rams
1975,1975-11-16,9,0,0,LAC,DEN,17,27,LAC,San Diego Chargers,Denver Broncos
1975,1975-11-16,9,0,0,OAK,CLE,38,17,OAK,Oakland Raiders,Cleveland Browns
1975,1975-11-16,9,0,0,SF,CHI,31,3,SF,San Francisco 49ers,Chicago Bears
1975,1975-11-16,9,0,0,ARI,WSH,20,17,ARI,St. Louis Cardinals,Washington Redskins
1975,1975-11-16,9,0,0,DET,GB,13,10,DET,Detroit Lions,Green Bay Packers
1975,1975-11-16,9,0,0,NO,MIN,7,20,NO,New Orleans Saints,Minnesota Vikings
1975,1975-11-17,9,0,0,CIN,BUF,33,24,CIN,Cincinnati Bengals,Buffalo Bills
1975,1975-11-23,10,0,0,NYJ,ARI,6,37,NYJ,New York Jets,St. Louis Cardinals
1975,1975-11-23,10,0,0,LAR,CHI,38,10,LAR,Los Angeles Rams,Chicago Bears
1975,1975-11-23,10,0,0,MIN,LAC,28,13,MIN,Minnesota Vikings,San Diego Chargers
1975,1975-11-23,10,0,0,WSH,OAK,23,26,WSH,Washington Redskins,Oakland Raiders
1975,1975-11-23,10,0,0,NO,SF,6,16,NO,New Orleans Saints,San Francisco 49ers
1975,1975-11-23,10,0,0,MIA,IND,17,33,MIA,Miami Dolphins,Baltimore Colts
1975,1975-11-23,10,0,0,KC,DET,24,21,KC,Kansas City Chiefs,Detroit Lions
1975,1975-11-23,10,0,0,GB,NYG,40,14,GB,Green Bay Packers,New York Giants
1975,1975-11-23,10,0,0,DAL,PHI,27,17,DAL,Dallas Cowboys,Philadelphia Eagles
1975,1975-11-23,10,0,0,CLE,CIN,35,23,CLE,Cleveland Browns,Cincinnati Bengals
1975,1975-11-23,10,0,0,BUF,NE,45,31,BUF,Buffalo Bills,New England Patriots
1975,1975-11-23,10,0,0,ATL,DEN,35,21,ATL,Atlanta Falcons,Denver Broncos
1975,1975-11-24,10,0,0,TEN,PIT,9,32,TEN,Houston Oilers,Pittsburgh Steelers
1975,1975-11-27,11,0,0,DET,LAR,0,20,DET,Detroit Lions,Los Angeles Rams
1975,1975-11-27,11,0,0,ARI,BUF,14,32,ARI,St. Louis Cardinals,Buffalo Bills
1975,1975-11-30,11,0,0,OAK,ATL,37,34,OAK,Oakland Raiders,Atlanta Falcons
1975,1975-11-30,11,0,0,DEN,LAC,13,10,DEN,Denver Broncos,San Diego Chargers
1975,1975-11-30,11,0,0,DAL,NYG,14,3,DAL,Dallas Cowboys,New York Giants
1975,1975-11-30,11,0,0,CLE,NO,17,16,CLE,Cleveland Browns,New Orleans Saints
1975,1975-11-30,11,0,0,CIN,TEN,23,19,CIN,Cincinnati Bengals,Houston Oilers
1975,1975-11-30,11,0,0,IND,KC,28,14,IND,Baltimore Colts,Kansas City Chiefs
1975,1975-11-30,11,0,0,WSH,MIN,31,30,WSH,Washington Redskins,Minnesota Vikings
1975,1975-11-30,11,0,0,PHI,SF,27,17,PHI,Philadelphia Eagles,San Francisco 49ers
1975,1975-11-30,11,0,0,NYJ,PIT,7,20,NYJ,New York Jets,Pittsburgh Steelers
1975,1975-11-30,11,0,0,GB,CHI,28,7,GB,Green Bay Packers,Chicago Bears
1975,1975-12-01,11,0,0,MIA,NE,20,7,MIA,Miami Dolphins,New England Patriots
1975,1975-12-07,12,0,0,MIA,BUF,31,21,MIA,Miami Dolphins,Buffalo Bills
1975,1975-12-07,12,0,0,ATL,WSH,27,30,ATL,Atlanta Falcons,Washington Redskins
1975,1975-12-07,12,0,0,KC,LAC,20,28,KC,Kansas City Chiefs,San Diego Chargers
1975,1975-12-07,12,0,0,PHI,CIN,0,31,PHI,Philadelphia Eagles,Cincinnati Bengals
1975,1975-12-07,12,0,0,ARI,DAL,31,17,ARI,St. Louis Cardinals,Dallas Cowboys
1975,1975-12-07,12,0,0,NO,LAR,7,14,NO,New Orleans Saints,Los Angeles Rams
1975,1975-12-07,12,0,0,NE,NYJ,28,30,NE,New England Patriots,New York Jets
1975,1975-12-07,12,0,0,MIN,GB,24,3,MIN,Minnesota Vikings,Green Bay Packers
1975,1975-12-07,12,0,0,CHI,DET,25,21,CHI,Chicago Bears,Detroit Lions
1975,1975-12-07,12,0,0,SF,TEN,13,27,SF,San Francisco 49ers,Houston Oilers
1975,1975-12-07,12,0,0,PIT,CLE,31,17,PIT,Pittsburgh Steelers,Cleveland Browns
1975,1975-12-07,12,0,0,NYG,IND,0,21,NYG,New York Giants,Baltimore Colts
1975,1975-12-08,12,0,0,OAK,DEN,17,10,OAK,Oakland Raiders,Denver Broncos
1975,1975-12-13,13,0,0,PIT,CIN,35,14,PIT,Pittsburgh Steelers,Cincinnati Bengals
1975,1975-12-13,13,0,0,DAL,WSH,31,10,DAL,Dallas Cowboys,Washington Redskins
1975,1975-12-14,13,0,0,DET,MIN,17,10,DET,Detroit Lions,Minnesota Vikings
1975,1975-12-14,13,0,0,LAR,GB,22,5,LAR,Los Angeles Rams,Green Bay Packers
1975,1975-12-14,13,0,0,IND,MIA,10,7,IND,Baltimore Colts,Miami Dolphins
1975,1975-12-14,13,0,0,OAK,TEN,26,27,OAK,Oakland Raiders,Houston Oilers
1975,1975-12-14,13,0,0,NYG,NO,28,14,NYG,New York Giants,New Orleans Saints
1975,1975-12-14,13,0,0,NE,BUF,14,34,NE,New England Patriots,Buffalo Bills
1975,1975-12-14,13,0,0,DEN,PHI,25,10,DEN,Denver Broncos,Philadelphia Eagles
1975,1975-12-14,13,0,0,CLE,KC,40,14,CLE,Cleveland Browns,Kansas City Chiefs
1975,1975-12-14,13,0,0,CHI,ARI,20,34,CHI,Chicago Bears,St. Louis Cardinals
1975,1975-12-14,13,0,0,ATL,SF,31,9,ATL,Atlanta Falcons,San Francisco 49ers
1975,1975-12-15,13,0,0,LAC,NYJ,24,16,LAC,San Diego Chargers,New York Jets
1975,1975-12-20,14,0,0,BUF,MIN,13,35,BUF,Buffalo Bills,Minnesota Vikings
1975,1975-12-20,14,0,0,LAR,PIT,10,3,LAR,Los Angeles Rams,Pittsburgh Steelers
1975,1975-12-20,14,0,0,MIA,DEN,14,13,MIA,Miami Dolphins,Denver Broncos
1975,1975-12-21,14,0,0,TEN,CLE,21,10,TEN,Houston Oilers,Cleveland Browns
1975,1975-12-21,14,0,0,SF,NYG,23,26,SF,San Francisco 49ers,New York Giants
1975,1975-12-21,14,0,0,CIN,LAC,47,17,CIN,Cincinnati Bengals,San Diego Chargers
1975,1975-12-21,14,0,0,NYJ,DAL,21,31,NYJ,New York Jets,Dallas Cowboys
1975,1975-12-21,14,0,0,NO,CHI,17,42,NO,New Orleans Saints,Chicago Bears
1975,1975-12-21,14,0,0,GB,ATL,22,13,GB,Green Bay Packers,Atlanta Falcons
1975,1975-12-21,14,0,0,DET,ARI,13,24,DET,Detroit Lions,St. Louis Cardinals
1975,1975-12-21,14,0,0,IND,NE,34,21,IND,Baltimore Colts,New England Patriots
1975,1975-12-21,14,0,0,OAK,KC,28,20,OAK,Oakland Raiders,Kansas City Chiefs
1975,1975-12-21,14,0,0,WSH,PHI,3,26,WSH,Washington Redskins,Philadelphia Eagles
1975,1975-12-27,Division,1,0,PIT,IND,28,10,PIT,Pittsburgh Steelers,Baltimore Colts
1975,1975-12-27,Division,1,0,LAR,ARI,35,23,LAR,Los Angeles Rams,St. Louis Cardinals
1975,1975-12-28,Division,1,0,MIN,DAL,14,17,MIN,Minnesota Vikings,Dallas Cowboys
1975,1975-12-28,Division,1,0,OAK,CIN,31,28,OAK,Oakland Raiders,Cincinnati Bengals
1975,1976-01-04,Conference,1,0,PIT,OAK,16,10,PIT,Pittsburgh Steelers,Oakland Raiders
1975,1976-01-04,Conference,1,0,LAR,DAL,7,37,LAR,Los Angeles Rams,Dallas Cowboys
1975,1976-01-18,Superbowl,1,1,PIT,DAL,21,17,DAL,Dallas Cowboys,Pittsburgh Steelers
1976,1976-09-12,1,0,0,GB,SF,14,26,GB,Green Bay Packers,San Francisco 49ers
1976,1976-09-12,1,0,0,KC,LAC,16,30,KC,Kansas City Chiefs,San Diego Chargers
1976,1976-09-12,1,0,0,NE,IND,13,27,NE,New England Patriots,Baltimore Colts
1976,1976-09-12,1,0,0,WSH,NYG,19,17,WSH,Washington Redskins,New York Giants
1976,1976-09-12,1,0,0,SEA,ARI,24,30,SEA,Seattle Seahawks,St. Louis Cardinals
1976,1976-09-12,1,0,0,OAK,PIT,31,28,OAK,Oakland Raiders,Pittsburgh Steelers
1976,1976-09-12,1,0,0,NO,MIN,9,40,NO,New Orleans Saints,Minnesota Vikings
1976,1976-09-12,1,0,0,CHI,DET,10,3,CHI,Chicago Bears,Detroit Lions
1976,1976-09-12,1,0,0,ATL,LAR,14,30,ATL,Atlanta Falcons,Los Angeles Rams
1976,1976-09-12,1,0,0,DAL,PHI,27,7,DAL,Dallas Cowboys,Philadelphia Eagles
1976,1976-09-12,1,0,0,CLE,NYJ,38,17,CLE,Cleveland Browns,New York Jets
1976,1976-09-12,1,0,0,CIN,DEN,17,7,CIN,Cincinnati Bengals,Denver Broncos
1976,1976-09-12,1,0,0,TEN,TB,20,0,TEN,Houston Oilers,Tampa Bay Buccaneers
1976,1976-09-13,1,0,0,BUF,MIA,21,30,BUF,Buffalo Bills,Miami Dolphins
1976,1976-09-19,2,0,0,NO,DAL,6,24,NO,New Orleans Saints,Dallas Cowboys
1976,1976-09-19,2,0,0,MIN,LAR,10,10,MIN,Minnesota Vikings,Los Angeles Rams
1976,1976-09-19,2,0,0,PHI,NYG,20,7,PHI,Philadelphia Eagles,New York Giants
1976,1976-09-19,2,0,0,TB,LAC,0,23,TB,Tampa Bay Buccaneers,San Diego Chargers
1976,1976-09-19,2,0,0,WSH,SEA,31,7,WSH,Washington Redskins,Seattle Seahawks
1976,1976-09-19,2,0,0,SF,CHI,12,19,SF,San Francisco 49ers,Chicago Bears
1976,1976-09-19,2,0,0,PIT,CLE,31,14,PIT,Pittsburgh Steelers,Cleveland Browns
1976,1976-09-19,2,0,0,NE,MIA,30,14,NE,New England Patriots,Miami Dolphins
1976,1976-09-19,2,0,0,DET,ATL,24,10,DET,Detroit Lions,Atlanta Falcons
1976,1976-09-19,2,0,0,DEN,NYJ,46,3,DEN,Denver Broncos,New York Jets
1976,1976-09-19,2,0,0,ARI,GB,29,0,ARI,St. Louis Cardinals,Green Bay Packers
1976,1976-09-19,2,0,0,IND,CIN,28,27,IND,Baltimore Colts,Cincinnati Bengals
1976,1976-09-19,2,0,0,BUF,TEN,3,13,BUF,Buffalo Bills,Houston Oilers
1976,1976-09-20,2,0,0,KC,OAK,21,24,KC,Kansas City Chiefs,Oakland Raiders
1976,1976-09-26,3,0,0,CHI,ATL,0,10,CHI,Chicago Bears,Atlanta Falcons
1976,1976-09-26,3,0,0,DET,MIN,9,10,DET,Detroit Lions,Minnesota Vikings
1976,1976-09-26,3,0,0,LAC,ARI,43,24,LAC,San Diego Chargers,St. Louis Cardinals
1976,1976-09-26,3,0,0,PIT,NE,27,30,PIT,Pittsburgh Steelers,New England Patriots
1976,1976-09-26,3,0,0,KC,NO,17,27,KC,Kansas City Chiefs,New Orleans Saints
1976,1976-09-26,3,0,0,MIA,NYJ,16,0,MIA,Miami Dolphins,New York Jets
1976,1976-09-26,3,0,0,TB,BUF,9,14,TB,Tampa Bay Buccaneers,Buffalo Bills
1976,1976-09-26,3,0,0,SEA,SF,21,37,SEA,Seattle Seahawks,San Francisco 49ers
1976,1976-09-26,3,0,0,LAR,NYG,24,10,LAR,Los Angeles Rams,New York Giants
1976,1976-09-26,3,0,0,TEN,OAK,13,14,TEN,Houston Oilers,Oakland Raiders
1976,1976-09-26,3,0,0,DAL,IND,30,27,DAL,Dallas Cowboys,Baltimore Colts
1976,1976-09-26,3,0,0,CIN,GB,28,7,CIN,Cincinnati Bengals,Green Bay Packers
1976,1976-09-26,3,0,0,DEN,CLE,44,13,DEN,Denver Broncos,Cleveland Browns
1976,1976-09-27,3,0,0,PHI,WSH,17,20,PHI,Philadelphia Eagles,Washington Redskins
1976,1976-10-03,4,0,0,GB,DET,24,14,GB,Green Bay Packers,Detroit Lions
1976,1976-10-03,4,0,0,DEN,LAC,26,0,DEN,Denver Broncos,San Diego Chargers
1976,1976-10-03,4,0,0,SF,NYJ,17,6,SF,San Francisco 49ers,New York Jets
1976,1976-10-03,4,0,0,SEA,DAL,13,28,SEA,Seattle Seahawks,Dallas Cowboys
1976,1976-10-03,4,0,0,NE,OAK,48,17,NE,New England Patriots,Oakland Raiders
1976,1976-10-03,4,0,0,NO,TEN,26,31,NO,New Orleans Saints,Houston Oilers
1976,1976-10-03,4,0,0,ARI,NYG,27,21,ARI,St. Louis Cardinals,New York Giants
1976,1976-10-03,4,0,0,MIA,LAR,28,31,MIA,Miami Dolphins,Los Angeles Rams
1976,1976-10-03,4,0,0,IND,TB,42,17,IND,Baltimore Colts,Tampa Bay Buccaneers
1976,1976-10-03,4,0,0,CHI,WSH,33,7,CHI,Chicago Bears,Washington Redskins
1976,1976-10-03,4,0,0,CLE,CIN,24,45,CLE,Cleveland Browns,Cincinnati Bengals
1976,1976-10-03,4,0,0,BUF,KC,50,17,BUF,Buffalo Bills,Kansas City Chiefs
1976,1976-10-03,4,0,0,ATL,PHI,13,14,ATL,Atlanta Falcons,Philadelphia Eagles
1976,1976-10-04,4,0,0,MIN,PIT,17,6,MIN,Minnesota Vikings,Pittsburgh Steelers
1976,1976-10-10,5,0,0,WSH,KC,30,33,WSH,Washington Redskins,Kansas City Chiefs
1976,1976-10-10,5,0,0,DET,NE,30,10,DET,Detroit Lions,New England Patriots
1976,1976-10-10,5,0,0,ARI,PHI,33,14,ARI,St. Louis Cardinals,Philadelphia Eagles
1976,1976-10-10,5,0,0,IND,MIA,28,14,IND,Baltimore Colts,Miami Dolphins
1976,1976-10-10,5,0,0,TEN,DEN,17,3,TEN,Houston Oilers,Denver Broncos
1976,1976-10-10,5,0,0,NYJ,BUF,17,14,NYJ,New York Jets,Buffalo Bills
1976,1976-10-10,5,0,0,NYG,DAL,14,24,NYG,New York Giants,Dallas Cowboys
1976,1976-10-10,5,0,0,CLE,PIT,18,16,CLE,Cleveland Browns,Pittsburgh Steelers
1976,1976-10-10,5,0,0,CIN,TB,21,0,CIN,Cincinnati Bengals,Tampa Bay Buccaneers
1976,1976-10-10,5,0,0,LAC,OAK,17,27,LAC,San Diego Chargers,Oakland Raiders
1976,1976-10-10,5,0,0,NO,ATL,30,0,NO,New Orleans Saints,Atlanta Falcons
1976,1976-10-10,5,0,0,MIN,CHI,20,19,MIN,Minnesota Vikings,Chicago Bears
1976,1976-10-10,5,0,0,GB,SEA,27,20,GB,Green Bay Packers,Seattle Seahawks
1976,1976-10-11,5,0,0,LAR,SF,0,16,LAR,Los Angeles Rams,San Francisco 49ers
1976,1976-10-17,6,0,0,LAC,TEN,30,27,LAC,San Diego Chargers,Houston Oilers
1976,1976-10-17,6,0,0,ATL,CLE,17,20,ATL,Atlanta Falcons,Cleveland Browns
1976,1976-10-17,6,0,0,BUF,IND,13,31,BUF,Buffalo Bills,Baltimore Colts
1976,1976-10-17,6,0,0,ARI,DAL,21,17,ARI,St. Louis Cardinals,Dallas Cowboys
1976,1976-10-17,6,0,0,PIT,CIN,23,6,PIT,Pittsburgh Steelers,Cincinnati Bengals
1976,1976-10-17,6,0,0,DEN,OAK,10,17,DEN,Denver Broncos,Oakland Raiders
1976,1976-10-17,6,0,0,GB,PHI,28,13,GB,Green Bay Packers,Philadelphia Eagles
1976,1976-10-17,6,0,0,MIA,KC,17,20,MIA,Miami Dolphins,Kansas City Chiefs
1976,1976-10-17,6,0,0,MIN,NYG,24,7,MIN,Minnesota Vikings,New York Giants
1976,1976-10-17,6,0,0,LAR,CHI,20,12,LAR,Los Angeles Rams,Chicago Bears
1976,1976-10-17,6,0,0,SF,NO,33,3,SF,San Francisco 49ers,New Orleans Saints
1976,1976-10-17,6,0,0,TB,SEA,10,13,TB,Tampa Bay Buccaneers,Seattle Seahawks
1976,1976-10-17,6,0,0,WSH,DET,20,7,WSH,Washington Redskins,Detroit Lions
1976,1976-10-18,6,0,0,NE,NYJ,41,7,NE,New England Patriots,New York Jets
1976,1976-10-23,7,0,0,SF,ATL,15,0,SF,San Francisco 49ers,Atlanta Falcons
1976,1976-10-24,7,0,0,BUF,NE,22,26,BUF,Buffalo Bills,New England Patriots
1976,1976-10-24,7,0,0,KC,DEN,26,35,KC,Kansas City Chiefs,Denver Broncos
1976,1976-10-24,7,0,0,DAL,CHI,31,21,DAL,Dallas Cowboys,Chicago Bears
1976,1976-10-24,7,0,0,NYG,PIT,0,27,NYG,New York Giants,Pittsburgh Steelers
1976,1976-10-24,7,0,0,TB,MIA,20,23,TB,Tampa Bay Buccaneers,Miami Dolphins
1976,1976-10-24,7,0,0,OAK,GB,18,14,OAK,Oakland Raiders,Green Bay Packers
1976,1976-10-24,7,0,0,PHI,MIN,12,31,PHI,Philadelphia Eagles,Minnesota Vikings
1976,1976-10-24,7,0,0,NYJ,IND,0,20,NYJ,New York Jets,Baltimore Colts
1976,1976-10-24,7,0,0,TEN,CIN,7,27,TEN,Houston Oilers,Cincinnati Bengals
1976,1976-10-24,7,0,0,CLE,LAC,21,17,CLE,Cleveland Browns,San Diego Chargers
1976,1976-10-24,7,0,0,NO,LAR,10,16,NO,New Orleans Saints,Los Angeles Rams
1976,1976-10-24,7,0,0,SEA,DET,14,41,SEA,Seattle Seahawks,Detroit Lions
1976,1976-10-25,7,0,0,WSH,ARI,20,10,WSH,Washington Redskins,St. Louis Cardinals
1976,1976-10-31,8,0,0,OAK,DEN,19,6,OAK,Oakland Raiders,Denver Broncos
1976,1976-10-31,8,0,0,PIT,LAC,23,0,PIT,Pittsburgh Steelers,San Diego Chargers
1976,1976-10-31,8,0,0,WSH,DAL,7,20,WSH,Washington Redskins,Dallas Cowboys
1976,1976-10-31,8,0,0,TB,KC,19,28,TB,Tampa Bay Buccaneers,Kansas City Chiefs
1976,1976-10-31,8,0,0,NYG,PHI,0,10,NYG,New York Giants,Philadelphia Eagles
1976,1976-10-31,8,0,0,ATL,NO,23,20,ATL,Atlanta Falcons,New Orleans Saints
1976,1976-10-31,8,0,0,BUF,NYJ,14,19,BUF,Buffalo Bills,New York Jets
1976,1976-10-31,8,0,0,CHI,MIN,14,13,CHI,Chicago Bears,Minnesota Vikings
1976,1976-10-31,8,0,0,CIN,CLE,21,6,CIN,Cincinnati Bengals,Cleveland Browns
1976,1976-10-31,8,0,0,ARI,SF,23,20,ARI,St. Louis Cardinals,San Francisco 49ers
1976,1976-10-31,8,0,0,DET,GB,27,6,DET,Detroit Lions,Green Bay Packers
1976,1976-10-31,8,0,0,MIA,NE,10,3,MIA,Miami Dolphins,New England Patriots
1976,1976-10-31,8,0,0,LAR,SEA,45,6,LAR,Los Angeles Rams,Seattle Seahawks
1976,1976-11-01,8,0,0,IND,TEN,38,14,IND,Baltimore Colts,Houston Oilers
1976,1976-11-07,9,0,0,SF,WSH,21,24,SF,San Francisco 49ers,Washington Redskins
1976,1976-11-07,9,0,0,SEA,ATL,30,13,SEA,Seattle Seahawks,Atlanta Falcons
1976,1976-11-07,9,0,0,CHI,OAK,27,28,CHI,Chicago Bears,Oakland Raiders
1976,1976-11-07,9,0,0,PHI,ARI,14,17,PHI,Philadelphia Eagles,St. Louis Cardinals
1976,1976-11-07,9,0,0,TEN,CLE,7,21,TEN,Houston Oilers,Cleveland Browns
1976,1976-11-07,9,0,0,NYJ,MIA,7,27,NYJ,New York Jets,Miami Dolphins
1976,1976-11-07,9,0,0,NE,BUF,20,10,NE,New England Patriots,Buffalo Bills
1976,1976-11-07,9,0,0,MIN,DET,31,23,MIN,Minnesota Vikings,Detroit Lions
1976,1976-11-07,9,0,0,KC,PIT,0,45,KC,Kansas City Chiefs,Pittsburgh Steelers
1976,1976-11-07,9,0,0,GB,NO,32,27,GB,Green Bay Packers,New Orleans Saints
1976,1976-11-07,9,0,0,DEN,TB,48,13,DEN,Denver Broncos,Tampa Bay Buccaneers
1976,1976-11-07,9,0,0,DAL,NYG,9,3,DAL,Dallas Cowboys,New York Giants
1976,1976-11-07,9,0,0,LAC,IND,21,37,LAC,San Diego Chargers,Baltimore Colts
1976,1976-11-08,9,0,0,CIN,LAR,20,12,CIN,Cincinnati Bengals,Los Angeles Rams
1976,1976-11-14,10,0,0,NYG,WSH,12,9,NYG,New York Giants,Washington Redskins
1976,1976-11-14,10,0,0,NO,DET,17,16,NO,New Orleans Saints,Detroit Lions
1976,1976-11-14,10,0,0,MIN,SEA,27,21,MIN,Minnesota Vikings,Seattle Seahawks
1976,1976-11-14,10,0,0,IND,NE,14,21,IND,Baltimore Colts,New England Patriots
1976,1976-11-14,10,0,0,PIT,MIA,14,3,PIT,Pittsburgh Steelers,Miami Dolphins
1976,1976-11-14,10,0,0,OAK,KC,21,10,OAK,Oakland Raiders,Kansas City Chiefs
1976,1976-11-14,10,0,0,CIN,TEN,31,27,CIN,Cincinnati Bengals,Houston Oilers
1976,1976-11-14,10,0,0,LAC,DEN,0,17,LAC,San Diego Chargers,Denver Broncos
1976,1976-11-14,10,0,0,LAR,ARI,28,30,LAR,Los Angeles Rams,St. Louis Cardinals
1976,1976-11-14,10,0,0,CLE,PHI,24,3,CLE,Cleveland Browns,Philadelphia Eagles
1976,1976-11-14,10,0,0,CHI,GB,24,13,CHI,Chicago Bears,Green Bay Packers
1976,1976-11-14,10,0,0,ATL,SF,21,16,ATL,Atlanta Falcons,San Francisco 49ers
1976,1976-11-14,10,0,0,NYJ,TB,34,0,NYJ,New York Jets,Tampa Bay Buccaneers
1976,1976-11-15,10,0,0,DAL,BUF,17,10,DAL,Dallas Cowboys,Buffalo Bills
1976,1976-11-21,11,0,0,KC,CIN,24,27,KC,Kansas City Chiefs,Cincinnati Bengals
1976,1976-11-21,11,0,0,BUF,LAC,13,34,BUF,Buffalo Bills,San Diego Chargers
1976,1976-11-21,11,0,0,TB,CLE,7,24,TB,Tampa Bay Buccaneers,Cleveland Browns
1976,1976-11-21,11,0,0,SEA,NO,27,51,SEA,Seattle Seahawks,New Orleans Saints
1976,1976-11-21,11,0,0,PIT,TEN,32,16,PIT,Pittsburgh Steelers,Houston Oilers
1976,1976-11-21,11,0,0,PHI,OAK,7,26,PHI,Philadelphia Eagles,Oakland Raiders
1976,1976-11-21,11,0,0,NYJ,NE,24,38,NYJ,New York Jets,New England Patriots
1976,1976-11-21,11,0,0,GB,MIN,10,17,GB,Green Bay Packers,Minnesota Vikings
1976,1976-11-21,11,0,0,DET,CHI,14,10,DET,Detroit Lions,Chicago Bears
1976,1976-11-21,11,0,0,DEN,NYG,14,13,DEN,Denver Broncos,New York Giants
1976,1976-11-21,11,0,0,ARI,WSH,10,16,ARI,St. Louis Cardinals,Washington Redskins
1976,1976-11-21,11,0,0,ATL,DAL,17,10,ATL,Atlanta Falcons,Dallas Cowboys
1976,1976-11-21,11,0,0,SF,LAR,3,23,SF,San Francisco 49ers,Los Angeles Rams
1976,1976-11-22,11,0,0,MIA,IND,16,17,MIA,Miami Dolphins,Baltimore Colts
1976,1976-11-25,12,0,0,DET,BUF,27,14,DET,Detroit Lions,Buffalo Bills
1976,1976-11-25,12,0,0,DAL,ARI,19,14,DAL,Dallas Cowboys,St. Louis Cardinals
1976,1976-11-28,12,0,0,OAK,TB,49,16,OAK,Oakland Raiders,Tampa Bay Buccaneers
1976,1976-11-28,12,0,0,LAC,KC,20,23,LAC,San Diego Chargers,Kansas City Chiefs
1976,1976-11-28,12,0,0,CIN,PIT,3,7,CIN,Cincinnati Bengals,Pittsburgh Steelers
1976,1976-11-28,12,0,0,CLE,MIA,17,13,CLE,Cleveland Browns,Miami Dolphins
1976,1976-11-28,12,0,0,IND,NYJ,33,16,IND,Baltimore Colts,New York Jets
1976,1976-11-28,12,0,0,GB,CHI,10,16,GB,Green Bay Packers,Chicago Bears
1976,1976-11-28,12,0,0,NE,DEN,38,14,NE,New England Patriots,Denver Broncos
1976,1976-11-28,12,0,0,NYG,SEA,28,16,NYG,New York Giants,Seattle Seahawks
1976,1976-11-28,12,0,0,TEN,ATL,20,14,TEN,Houston Oilers,Atlanta Falcons
1976,1976-11-28,12,0,0,WSH,PHI,24,0,WSH,Washington Redskins,Philadelphia Eagles
1976,1976-11-28,12,0,0,LAR,NO,33,14,LAR,Los Angeles Rams,New Orleans Saints
1976,1976-11-29,12,0,0,SF,MIN,20,16,SF,San Francisco 49ers,Minnesota Vikings
1976,1976-12-04,13,0,0,ARI,IND,24,17,ARI,St. Louis Cardinals,Baltimore Colts
1976,1976-12-04,13,0,0,LAR,ATL,59,0,LAR,Los Angeles Rams,Atlanta Falcons
1976,1976-12-05,13,0,0,NYJ,WSH,16,37,NYJ,New York Jets,Washington Redskins
1976,1976-12-05,13,0,0,NYG,DET,24,10,NYG,New York Giants,Detroit Lions
1976,1976-12-05,13,0,0,NE,NO,27,6,NE,New England Patriots,New Orleans Saints
1976,1976-12-05,13,0,0,MIN,GB,20,9,MIN,Minnesota Vikings,Green Bay Packers
1976,1976-12-05,13,0,0,DEN,KC,17,16,DEN,Denver Broncos,Kansas City Chiefs
1976,1976-12-05,13,0,0,CLE,TEN,13,10,CLE,Cleveland Browns,Houston Oilers
1976,1976-12-05,13,0,0,SEA,CHI,7,34,SEA,Seattle Seahawks,Chicago Bears
1976,1976-12-05,13,0,0,PHI,DAL,7,26,PHI,Philadelphia Eagles,Dallas Cowboys
1976,1976-12-05,13,0,0,LAC,SF,13,7,LAC,San Diego Chargers,San Francisco 49ers
1976,1976-12-05,13,0,0,PIT,TB,42,0,PIT,Pittsburgh Steelers,Tampa Bay Buccaneers
1976,1976-12-05,13,0,0,MIA,BUF,45,27,MIA,Miami Dolphins,Buffalo Bills
1976,1976-12-06,13,0,0,OAK,CIN,35,20,OAK,Oakland Raiders,Cincinnati Bengals
1976,1976-12-11,14,0,0,TEN,PIT,0,21,TEN,Houston Oilers,Pittsburgh Steelers
1976,1976-12-11,14,0,0,MIA,MIN,7,29,MIA,Miami Dolphins,Minnesota Vikings
1976,1976-12-11,14,0,0,DET,LAR,17,20,DET,Detroit Lions,Los Angeles Rams
1976,1976-12-12,14,0,0,IND,BUF,58,20,IND,Baltimore Colts,Buffalo Bills
1976,1976-12-12,14,0,0,DAL,WSH,14,27,DAL,Dallas Cowboys,Washington Redskins
1976,1976-12-12,14,0,0,KC,CLE,39,14,KC,Kansas City Chiefs,Cleveland Browns
1976,1976-12-12,14,0,0,NO,SF,7,27,NO,New Orleans Saints,San Francisco 49ers
1976,1976-12-12,14,0,0,ATL,GB,20,24,ATL,Atlanta Falcons,Green Bay Packers
1976,1976-12-12,14,0,0,CHI,DEN,14,28,CHI,Chicago Bears,Denver Broncos
1976,1976-12-12,14,0,0,PHI,SEA,27,10,PHI,Philadelphia Eagles,Seattle Seahawks
1976,1976-12-12,14,0,0,OAK,LAC,24,0,OAK,Oakland Raiders,San Diego Chargers
1976,1976-12-12,14,0,0,NYG,ARI,14,17,NYG,New York Giants,St. Louis Cardinals
1976,1976-12-12,14,0,0,NYJ,CIN,3,42,NYJ,New York Jets,Cincinnati Bengals
1976,1976-12-12,14,0,0,TB,NE,14,31,TB,Tampa Bay Buccaneers,New England Patriots
1976,1976-12-18,Division,1,0,MIN,WSH,35,20,MIN,Minnesota Vikings,Washington Redskins
1976,1976-12-18,Division,1,0,OAK,NE,24,21,OAK,Oakland Raiders,New England Patriots
1976,1976-12-19,Division,1,0,IND,PIT,14,40,IND,Baltimore Colts,Pittsburgh Steelers
1976,1976-12-19,Division,1,0,DAL,LAR,12,14,DAL,Dallas Cowboys,Los Angeles Rams
1976,1976-12-26,Conference,1,0,MIN,LAR,24,13,MIN,Minnesota Vikings,Los Angeles Rams
1976,1976-12-26,Conference,1,0,OAK,PIT,24,7,OAK,Oakland Raiders,Pittsburgh Steelers
1976,1977-01-09,Superbowl,1,1,OAK,MIN,32,14,MIN,Minnesota Vikings,Oakland Raiders
1977,1977-09-18,1,0,0,OAK,LAC,24,0,OAK,Oakland Raiders,San Diego Chargers
1977,1977-09-18,1,0,0,ATL,LAR,17,6,ATL,Atlanta Falcons,Los Angeles Rams
1977,1977-09-18,1,0,0,CHI,DET,30,20,CHI,Chicago Bears,Detroit Lions
1977,1977-09-18,1,0,0,SEA,IND,14,29,SEA,Seattle Seahawks,Baltimore Colts
1977,1977-09-18,1,0,0,PHI,TB,13,3,PHI,Philadelphia Eagles,Tampa Bay Buccaneers
1977,1977-09-18,1,0,0,TEN,NYJ,20,0,TEN,Houston Oilers,New York Jets
1977,1977-09-18,1,0,0,NYG,WSH,20,17,NYG,New York Giants,Washington Redskins
1977,1977-09-18,1,0,0,NE,KC,21,17,NE,New England Patriots,Kansas City Chiefs
1977,1977-09-18,1,0,0,NO,GB,20,24,NO,New Orleans Saints,Green Bay Packers
1977,1977-09-18,1,0,0,MIN,DAL,10,16,MIN,Minnesota Vikings,Dallas Cowboys
1977,1977-09-18,1,0,0,DEN,ARI,7,0,DEN,Denver Broncos,St. Louis Cardinals
1977,1977-09-18,1,0,0,CIN,CLE,3,13,CIN,Cincinnati Bengals,Cleveland Browns
1977,1977-09-18,1,0,0,BUF,MIA,0,13,BUF,Buffalo Bills,Miami Dolphins
1977,1977-09-19,1,0,0,PIT,SF,27,0,PIT,Pittsburgh Steelers,San Francisco 49ers
1977,1977-09-24,2,0,0,TB,MIN,3,9,TB,Tampa Bay Buccaneers,Minnesota Vikings
1977,1977-09-25,2,0,0,DEN,BUF,26,6,DEN,Denver Broncos,Buffalo Bills
1977,1977-09-25,2,0,0,DET,NO,23,19,DET,Detroit Lions,New Orleans Saints
1977,1977-09-25,2,0,0,NYJ,IND,12,20,NYJ,New York Jets,Baltimore Colts
1977,1977-09-25,2,0,0,PIT,OAK,7,16,PIT,Pittsburgh Steelers,Oakland Raiders
1977,1977-09-25,2,0,0,SF,MIA,15,19,SF,San Francisco 49ers,Miami Dolphins
1977,1977-09-25,2,0,0,WSH,ATL,10,6,WSH,Washington Redskins,Atlanta Falcons
1977,1977-09-25,2,0,0,DAL,NYG,41,21,DAL,Dallas Cowboys,New York Giants
1977,1977-09-25,2,0,0,ARI,CHI,16,13,ARI,St. Louis Cardinals,Chicago Bears
1977,1977-09-25,2,0,0,LAR,PHI,20,0,LAR,Los Angeles Rams,Philadelphia Eagles
1977,1977-09-25,2,0,0,CIN,SEA,42,20,CIN,Cincinnati Bengals,Seattle Seahawks
1977,1977-09-25,2,0,0,GB,TEN,10,16,GB,Green Bay Packers,Houston Oilers
1977,1977-09-25,2,0,0,KC,LAC,7,23,KC,Kansas City Chiefs,San Diego Chargers
1977,1977-09-26,2,0,0,CLE,NE,30,27,CLE,Cleveland Browns,New England Patriots
1977,1977-10-02,3,0,0,NYJ,NE,30,27,NYJ,New York Jets,New England Patriots
1977,1977-10-02,3,0,0,LAR,SF,34,14,LAR,Los Angeles Rams,San Francisco 49ers
1977,1977-10-02,3,0,0,MIN,GB,19,7,MIN,Minnesota Vikings,Green Bay Packers
1977,1977-10-02,3,0,0,MIA,TEN,27,7,MIA,Miami Dolphins,Houston Oilers
1977,1977-10-02,3,0,0,DET,PHI,17,13,DET,Detroit Lions,Philadelphia Eagles
1977,1977-10-02,3,0,0,CHI,NO,24,42,CHI,Chicago Bears,New Orleans Saints
1977,1977-10-02,3,0,0,ATL,NYG,17,3,ATL,Atlanta Falcons,New York Giants
1977,1977-10-02,3,0,0,DAL,TB,23,7,DAL,Dallas Cowboys,Tampa Bay Buccaneers
1977,1977-10-02,3,0,0,LAC,CIN,24,3,LAC,San Diego Chargers,Cincinnati Bengals
1977,1977-10-02,3,0,0,CLE,PIT,14,28,CLE,Cleveland Browns,Pittsburgh Steelers
1977,1977-10-02,3,0,0,IND,BUF,17,14,IND,Baltimore Colts,Buffalo Bills
1977,1977-10-02,3,0,0,SEA,DEN,13,24,SEA,Seattle Seahawks,Denver Broncos
1977,1977-10-02,3,0,0,WSH,ARI,24,14,WSH,Washington Redskins,St. Louis Cardinals
1977,1977-10-03,3,0,0,KC,OAK,28,37,KC,Kansas City Chiefs,Oakland Raiders
1977,1977-10-09,4,0,0,SF,ATL,0,7,SF,San Francisco 49ers,Atlanta Falcons
1977,1977-10-09,4,0,0,BUF,NYJ,19,24,BUF,Buffalo Bills,New York Jets
1977,1977-10-09,4,0,0,CLE,OAK,10,26,CLE,Cleveland Browns,Oakland Raiders
1977,1977-10-09,4,0,0,IND,MIA,45,28,IND,Baltimore Colts,Miami Dolphins
1977,1977-10-09,4,0,0,ARI,DAL,24,30,ARI,St. Louis Cardinals,Dallas Cowboys
1977,1977-10-09,4,0,0,DEN,KC,23,7,DEN,Denver Broncos,Kansas City Chiefs
1977,1977-10-09,4,0,0,GB,CIN,7,17,GB,Green Bay Packers,Cincinnati Bengals
1977,1977-10-09,4,0,0,MIN,DET,14,7,MIN,Minnesota Vikings,Detroit Lions
1977,1977-10-09,4,0,0,NE,SEA,31,0,NE,New England Patriots,Seattle Seahawks
1977,1977-10-09,4,0,0,NYG,PHI,10,28,NYG,New York Giants,Philadelphia Eagles
1977,1977-10-09,4,0,0,TEN,PIT,27,10,TEN,Houston Oilers,Pittsburgh Steelers
1977,1977-10-09,4,0,0,NO,LAC,0,14,NO,New Orleans Saints,San Diego Chargers
1977,1977-10-09,4,0,0,TB,WSH,0,10,TB,Tampa Bay Buccaneers,Washington Redskins
1977,1977-10-10,4,0,0,CHI,LAR,24,23,CHI,Chicago Bears,Los Angeles Rams
1977,1977-10-16,5,0,0,BUF,ATL,3,0,BUF,Buffalo Bills,Atlanta Falcons
1977,1977-10-16,5,0,0,TEN,CLE,23,24,TEN,Houston Oilers,Cleveland Browns
1977,1977-10-16,5,0,0,LAR,NO,14,7,LAR,Los Angeles Rams,New Orleans Saints
1977,1977-10-16,5,0,0,MIN,CHI,22,16,MIN,Minnesota Vikings,Chicago Bears
1977,1977-10-16,5,0,0,MIA,NYJ,21,17,MIA,Miami Dolphins,New York Jets
1977,1977-10-16,5,0,0,KC,IND,6,17,KC,Kansas City Chiefs,Baltimore Colts
1977,1977-10-16,5,0,0,DET,GB,10,6,DET,Detroit Lions,Green Bay Packers
1977,1977-10-16,5,0,0,SEA,TB,30,23,SEA,Seattle Seahawks,Tampa Bay Buccaneers
1977,1977-10-16,5,0,0,LAC,NE,20,24,LAC,San Diego Chargers,New England Patriots
1977,1977-10-16,5,0,0,DAL,WSH,34,16,DAL,Dallas Cowboys,Washington Redskins
1977,1977-10-16,5,0,0,OAK,DEN,7,30,OAK,Oakland Raiders,Denver Broncos
1977,1977-10-16,5,0,0,NYG,SF,20,17,NYG,New York Giants,San Francisco 49ers
1977,1977-10-16,5,0,0,PHI,ARI,17,21,PHI,Philadelphia Eagles,St. Louis Cardinals
1977,1977-10-17,5,0,0,PIT,CIN,20,14,PIT,Pittsburgh Steelers,Cincinnati Bengals
1977,1977-10-23,6,0,0,NYJ,OAK,27,28,NYJ,New York Jets,Oakland Raiders
1977,1977-10-23,6,0,0,PIT,TEN,27,10,PIT,Pittsburgh Steelers,Houston Oilers
1977,1977-10-23,6,0,0,MIA,SEA,31,13,MIA,Miami Dolphins,Seattle Seahawks
1977,1977-10-23,6,0,0,WSH,NYG,6,17,WSH,Washington Redskins,New York Giants
1977,1977-10-23,6,0,0,LAC,KC,16,21,LAC,San Diego Chargers,Kansas City Chiefs
1977,1977-10-23,6,0,0,BUF,CLE,16,27,BUF,Buffalo Bills,Cleveland Browns
1977,1977-10-23,6,0,0,CHI,ATL,10,16,CHI,Chicago Bears,Atlanta Falcons
1977,1977-10-23,6,0,0,SF,DET,28,7,SF,San Francisco 49ers,Detroit Lions
1977,1977-10-23,6,0,0,TB,GB,0,13,TB,Tampa Bay Buccaneers,Green Bay Packers
1977,1977-10-23,6,0,0,CIN,DEN,13,24,CIN,Cincinnati Bengals,Denver Broncos
1977,1977-10-23,6,0,0,ARI,NO,49,31,ARI,St. Louis Cardinals,New Orleans Saints
1977,1977-10-23,6,0,0,PHI,DAL,10,16,PHI,Philadelphia Eagles,Dallas Cowboys
1977,1977-10-23,6,0,0,NE,IND,17,3,NE,New England Patriots,Baltimore Colts
1977,1977-10-24,6,0,0,LAR,MIN,35,3,LAR,Los Angeles Rams,Minnesota Vikings
1977,1977-10-30,7,0,0,WSH,PHI,23,17,WSH,Washington Redskins,Philadelphia Eagles
1977,1977-10-30,7,0,0,MIA,LAC,13,14,MIA,Miami Dolphins,San Diego Chargers
1977,1977-10-30,7,0,0,SF,TB,20,10,SF,San Francisco 49ers,Tampa Bay Buccaneers
1977,1977-10-30,7,0,0,SEA,BUF,56,17,SEA,Seattle Seahawks,Buffalo Bills
1977,1977-10-30,7,0,0,NE,NYJ,24,13,NE,New England Patriots,New York Jets
1977,1977-10-30,7,0,0,GB,CHI,0,26,GB,Green Bay Packers,Chicago Bears
1977,1977-10-30,7,0,0,DEN,OAK,14,24,DEN,Denver Broncos,Oakland Raiders
1977,1977-10-30,7,0,0,DAL,DET,37,0,DAL,Dallas Cowboys,Detroit Lions
1977,1977-10-30,7,0,0,IND,PIT,31,21,IND,Baltimore Colts,Pittsburgh Steelers
1977,1977-10-30,7,0,0,CLE,KC,44,7,CLE,Cleveland Browns,Kansas City Chiefs
1977,1977-10-30,7,0,0,CIN,TEN,13,10,CIN,Cincinnati Bengals,Houston Oilers
1977,1977-10-30,7,0,0,ATL,MIN,7,14,ATL,Atlanta Falcons,Minnesota Vikings
1977,1977-10-30,7,0,0,NO,LAR,27,26,NO,New Orleans Saints,Los Angeles Rams
1977,1977-10-31,7,0,0,ARI,NYG,28,0,ARI,St. Louis Cardinals,New York Giants
1977,1977-11-06,8,0,0,PHI,NO,28,7,PHI,Philadelphia Eagles,New Orleans Saints
1977,1977-11-06,8,0,0,NE,BUF,14,24,NE,New England Patriots,Buffalo Bills
1977,1977-11-06,8,0,0,DET,LAC,20,0,DET,Detroit Lions,San Diego Chargers
1977,1977-11-06,8,0,0,OAK,SEA,44,7,OAK,Oakland Raiders,Seattle Seahawks
1977,1977-11-06,8,0,0,CLE,CIN,7,10,CLE,Cleveland Browns,Cincinnati Bengals
1977,1977-11-06,8,0,0,MIN,ARI,7,27,MIN,Minnesota Vikings,St. Louis Cardinals
1977,1977-11-06,8,0,0,KC,GB,20,10,KC,Kansas City Chiefs,Green Bay Packers
1977,1977-11-06,8,0,0,DEN,PIT,21,7,DEN,Denver Broncos,Pittsburgh Steelers
1977,1977-11-06,8,0,0,LAR,TB,31,0,LAR,Los Angeles Rams,Tampa Bay Buccaneers
1977,1977-11-06,8,0,0,NYJ,MIA,10,14,NYJ,New York Jets,Miami Dolphins
1977,1977-11-06,8,0,0,NYG,DAL,10,24,NYG,New York Giants,Dallas Cowboys
1977,1977-11-06,8,0,0,TEN,CHI,47,0,TEN,Houston Oilers,Chicago Bears
1977,1977-11-06,8,0,0,ATL,SF,3,10,ATL,Atlanta Falcons,San Francisco 49ers
1977,1977-11-07,8,0,0,IND,WSH,10,3,IND,Baltimore Colts,Washington Redskins
1977,1977-11-13,9,0,0,ATL,DET,17,6,ATL,Atlanta Falcons,Detroit Lions
1977,1977-11-13,9,0,0,GB,LAR,6,24,GB,Green Bay Packers,Los Angeles Rams
1977,1977-11-13,9,0,0,LAC,DEN,14,17,LAC,San Diego Chargers,Denver Broncos
1977,1977-11-13,9,0,0,NYJ,SEA,0,17,NYJ,New York Jets,Seattle Seahawks
1977,1977-11-13,9,0,0,TB,NYG,0,10,TB,Tampa Bay Buccaneers,New York Giants
1977,1977-11-13,9,0,0,OAK,TEN,34,29,OAK,Oakland Raiders,Houston Oilers
1977,1977-11-13,9,0,0,PIT,CLE,35,31,PIT,Pittsburgh Steelers,Cleveland Browns
1977,1977-11-13,9,0,0,PHI,WSH,14,17,PHI,Philadelphia Eagles,Washington Redskins
1977,1977-11-13,9,0,0,NO,SF,7,10,NO,New Orleans Saints,San Francisco 49ers
1977,1977-11-13,9,0,0,MIN,CIN,42,10,MIN,Minnesota Vikings,Cincinnati Bengals
1977,1977-11-13,9,0,0,MIA,NE,17,5,MIA,Miami Dolphins,New England Patriots
1977,1977-11-13,9,0,0,CHI,KC,28,27,CHI,Chicago Bears,Kansas City Chiefs
1977,1977-11-13,9,0,0,BUF,IND,13,31,BUF,Buffalo Bills,Baltimore Colts
1977,1977-11-14,9,0,0,DAL,ARI,17,24,DAL,Dallas Cowboys,St. Louis Cardinals
1977,1977-11-20,10,0,0,NYG,CLE,7,21,NYG,New York Giants,Cleveland Browns
1977,1977-11-20,10,0,0,KC,DEN,7,14,KC,Kansas City Chiefs,Denver Broncos
1977,1977-11-20,10,0,0,NO,ATL,21,20,NO,New Orleans Saints,Atlanta Falcons
1977,1977-11-20,10,0,0,SEA,TEN,10,22,SEA,Seattle Seahawks,Houston Oilers
1977,1977-11-20,10,0,0,PIT,DAL,28,13,PIT,Pittsburgh Steelers,Dallas Cowboys
1977,1977-11-20,10,0,0,BUF,NE,7,20,BUF,Buffalo Bills,New England Patriots
1977,1977-11-20,10,0,0,CHI,MIN,10,7,CHI,Chicago Bears,Minnesota Vikings
1977,1977-11-20,10,0,0,SF,LAR,10,23,SF,San Francisco 49ers,Los Angeles Rams
1977,1977-11-20,10,0,0,LAC,OAK,12,7,LAC,San Diego Chargers,Oakland Raiders
1977,1977-11-20,10,0,0,CIN,MIA,23,17,CIN,Cincinnati Bengals,Miami Dolphins
1977,1977-11-20,10,0,0,IND,NYJ,33,12,IND,Baltimore Colts,New York Jets
1977,1977-11-20,10,0,0,ARI,PHI,21,16,ARI,St. Louis Cardinals,Philadelphia Eagles
1977,1977-11-20,10,0,0,DET,TB,16,7,DET,Detroit Lions,Tampa Bay Buccaneers
1977,1977-11-21,10,0,0,WSH,GB,10,9,WSH,Washington Redskins,Green Bay Packers
1977,1977-11-24,11,0,0,DET,CHI,14,31,DET,Detroit Lions,Chicago Bears
1977,1977-11-24,11,0,0,ARI,MIA,14,55,ARI,St. Louis Cardinals,Miami Dolphins
1977,1977-11-27,11,0,0,NE,PHI,14,6,NE,New England Patriots,Philadelphia Eagles
1977,1977-11-27,11,0,0,CIN,NYG,30,13,CIN,Cincinnati Bengals,New York Giants
1977,1977-11-27,11,0,0,SEA,LAC,28,30,SEA,Seattle Seahawks,San Diego Chargers
1977,1977-11-27,11,0,0,CLE,LAR,0,9,CLE,Cleveland Browns,Los Angeles Rams
1977,1977-11-27,11,0,0,WSH,DAL,7,14,WSH,Washington Redskins,Dallas Cowboys
1977,1977-11-27,11,0,0,GB,MIN,6,13,GB,Green Bay Packers,Minnesota Vikings
1977,1977-11-27,11,0,0,DEN,IND,27,13,DEN,Denver Broncos,Baltimore Colts
1977,1977-11-27,11,0,0,TB,ATL,0,17,TB,Tampa Bay Buccaneers,Atlanta Falcons
1977,1977-11-27,11,0,0,SF,NO,20,17,SF,San Francisco 49ers,New Orleans Saints
1977,1977-11-27,11,0,0,TEN,KC,34,20,TEN,Houston Oilers,Kansas City Chiefs
1977,1977-11-27,11,0,0,NYJ,PIT,20,23,NYJ,New York Jets,Pittsburgh Steelers
1977,1977-11-28,11,0,0,OAK,BUF,34,13,OAK,Oakland Raiders,Buffalo Bills
1977,1977-12-04,12,0,0,ATL,NE,10,16,ATL,Atlanta Falcons,New England Patriots
1977,1977-12-04,12,0,0,LAR,OAK,20,14,LAR,Los Angeles Rams,Oakland Raiders
1977,1977-12-04,12,0,0,NO,NYJ,13,16,NO,New Orleans Saints,New York Jets
1977,1977-12-04,12,0,0,TEN,DEN,14,24,TEN,Houston Oilers,Denver Broncos
1977,1977-12-04,12,0,0,TB,CHI,0,10,TB,Tampa Bay Buccaneers,Chicago Bears
1977,1977-12-04,12,0,0,PIT,SEA,30,20,PIT,Pittsburgh Steelers,Seattle Seahawks
1977,1977-12-04,12,0,0,NYG,ARI,27,7,NYG,New York Giants,St. Louis Cardinals
1977,1977-12-04,12,0,0,MIN,SF,28,27,MIN,Minnesota Vikings,San Francisco 49ers
1977,1977-12-04,12,0,0,KC,CIN,7,27,KC,Kansas City Chiefs,Cincinnati Bengals
1977,1977-12-04,12,0,0,GB,DET,10,9,GB,Green Bay Packers,Detroit Lions
1977,1977-12-04,12,0,0,LAC,CLE,37,14,LAC,San Diego Chargers,Cleveland Browns
1977,1977-12-04,12,0,0,DAL,PHI,24,14,DAL,Dallas Cowboys,Philadelphia Eagles
1977,1977-12-04,12,0,0,BUF,WSH,0,10,BUF,Buffalo Bills,Washington Redskins
1977,1977-12-05,12,0,0,MIA,IND,17,6,MIA,Miami Dolphins,Baltimore Colts
1977,1977-12-10,13,0,0,CIN,PIT,17,10,CIN,Cincinnati Bengals,Pittsburgh Steelers
1977,1977-12-10,13,0,0,ARI,WSH,20,26,ARI,St. Louis Cardinals,Washington Redskins
1977,1977-12-11,13,0,0,LAR,ATL,23,7,LAR,Los Angeles Rams,Atlanta Falcons
1977,1977-12-11,13,0,0,NE,MIA,14,10,NE,New England Patriots,Miami Dolphins
1977,1977-12-11,13,0,0,NYJ,BUF,10,14,NYJ,New York Jets,Buffalo Bills
1977,1977-12-11,13,0,0,OAK,MIN,35,13,OAK,Oakland Raiders,Minnesota Vikings
1977,1977-12-11,13,0,0,DEN,LAC,17,9,DEN,Denver Broncos,San Diego Chargers
1977,1977-12-11,13,0,0,CLE,TEN,15,19,CLE,Cleveland Browns,Houston Oilers
1977,1977-12-11,13,0,0,KC,SEA,31,34,KC,Kansas City Chiefs,Seattle Seahawks
1977,1977-12-11,13,0,0,NO,TB,14,33,NO,New Orleans Saints,Tampa Bay Buccaneers
1977,1977-12-11,13,0,0,PHI,NYG,17,14,PHI,Philadelphia Eagles,New York Giants
1977,1977-12-11,13,0,0,CHI,GB,21,10,CHI,Chicago Bears,Green Bay Packers
1977,1977-12-11,13,0,0,IND,DET,10,13,IND,Baltimore Colts,Detroit Lions
1977,1977-12-12,13,0,0,SF,DAL,35,42,SF,San Francisco 49ers,Dallas Cowboys
1977,1977-12-17,14,0,0,MIA,BUF,31,14,MIA,Miami Dolphins,Buffalo Bills
1977,1977-12-17,14,0,0,DET,MIN,21,30,DET,Detroit Lions,Minnesota Vikings
1977,1977-12-17,14,0,0,WSH,LAR,17,14,WSH,Washington Redskins,Los Angeles Rams
1977,1977-12-18,14,0,0,SEA,CLE,20,19,SEA,Seattle Seahawks,Cleveland Browns
1977,1977-12-18,14,0,0,LAC,PIT,9,10,LAC,San Diego Chargers,Pittsburgh Steelers
1977,1977-12-18,14,0,0,OAK,KC,21,20,OAK,Oakland Raiders,Kansas City Chiefs
1977,1977-12-18,14,0,0,PHI,NYJ,27,0,PHI,Philadelphia Eagles,New York Jets
1977,1977-12-18,14,0,0,TEN,CIN,21,16,TEN,Houston Oilers,Cincinnati Bengals
1977,1977-12-18,14,0,0,NYG,CHI,9,12,NYG,New York Giants,Chicago Bears
1977,1977-12-18,14,0,0,GB,SF,16,14,GB,Green Bay Packers,San Francisco 49ers
1977,1977-12-18,14,0,0,DAL,DEN,14,6,DAL,Dallas Cowboys,Denver Broncos
1977,1977-12-18,14,0,0,IND,NE,30,24,IND,Baltimore Colts,New England Patriots
1977,1977-12-18,14,0,0,ATL,NO,35,7,ATL,Atlanta Falcons,New Orleans Saints
1977,1977-12-18,14,0,0,TB,ARI,17,7,TB,Tampa Bay Buccaneers,St. Louis Cardinals
1977,1977-12-24,Division,1,0,IND,OAK,31,37,IND,Baltimore Colts,Oakland Raiders
1977,1977-12-24,Division,1,0,DEN,PIT,34,21,DEN,Denver Broncos,Pittsburgh Steelers
1977,1977-12-26,Division,1,0,DAL,CHI,37,7,DAL,Dallas Cowboys,Chicago Bears
1977,1977-12-26,Division,1,0,LAR,MIN,7,14,LAR,Los Angeles Rams,Minnesota Vikings
1977,1978-01-01,Conference,1,0,DEN,OAK,20,17,DEN,Denver Broncos,Oakland Raiders
1977,1978-01-01,Conference,1,0,DAL,MIN,23,6,DAL,Dallas Cowboys,Minnesota Vikings
1977,1978-01-15,Superbowl,1,1,DEN,DAL,10,27,DAL,Dallas Cowboys,Denver Broncos
1978,1978-09-02,1,0,0,TB,NYG,13,19,TB,Tampa Bay Buccaneers,New York Giants
1978,1978-09-03,1,0,0,ATL,TEN,20,14,ATL,Atlanta Falcons,Houston Oilers
1978,1978-09-03,1,0,0,PHI,LAR,14,16,PHI,Philadelphia Eagles,Los Angeles Rams
1978,1978-09-03,1,0,0,NO,MIN,31,24,NO,New Orleans Saints,Minnesota Vikings
1978,1978-09-03,1,0,0,SEA,LAC,20,24,SEA,Seattle Seahawks,San Diego Chargers
1978,1978-09-03,1,0,0,NYJ,MIA,33,20,NYJ,New York Jets,Miami Dolphins
1978,1978-09-03,1,0,0,NE,WSH,14,16,NE,New England Patriots,Washington Redskins
1978,1978-09-03,1,0,0,DET,GB,7,13,DET,Detroit Lions,Green Bay Packers
1978,1978-09-03,1,0,0,DEN,OAK,14,6,DEN,Denver Broncos,Oakland Raiders
1978,1978-09-03,1,0,0,CLE,SF,24,7,CLE,Cleveland Browns,San Francisco 49ers
1978,1978-09-03,1,0,0,CIN,KC,23,24,CIN,Cincinnati Bengals,Kansas City Chiefs
1978,1978-09-03,1,0,0,CHI,ARI,17,10,CHI,Chicago Bears,St. Louis Cardinals
1978,1978-09-03,1,0,0,BUF,PIT,17,28,BUF,Buffalo Bills,Pittsburgh Steelers
1978,1978-09-04,1,0,0,DAL,IND,38,0,DAL,Dallas Cowboys,Baltimore Colts
1978,1978-09-09,2,0,0,TB,DET,7,15,TB,Tampa Bay Buccaneers,Detroit Lions
1978,1978-09-10,2,0,0,BUF,NYJ,20,21,BUF,Buffalo Bills,New York Jets
1978,1978-09-10,2,0,0,LAR,ATL,10,0,LAR,Los Angeles Rams,Atlanta Falcons
1978,1978-09-10,2,0,0,WSH,PHI,35,30,WSH,Washington Redskins,Philadelphia Eagles
1978,1978-09-10,2,0,0,LAC,OAK,20,21,LAC,San Diego Chargers,Oakland Raiders
1978,1978-09-10,2,0,0,IND,MIA,0,42,IND,Baltimore Colts,Miami Dolphins
1978,1978-09-10,2,0,0,ARI,NE,6,16,ARI,St. Louis Cardinals,New England Patriots
1978,1978-09-10,2,0,0,GB,NO,28,17,GB,Green Bay Packers,New Orleans Saints
1978,1978-09-10,2,0,0,KC,TEN,17,20,KC,Kansas City Chiefs,Houston Oilers
1978,1978-09-10,2,0,0,NYG,DAL,24,34,NYG,New York Giants,Dallas Cowboys
1978,1978-09-10,2,0,0,PIT,SEA,21,10,PIT,Pittsburgh Steelers,Seattle Seahawks
1978,1978-09-10,2,0,0,SF,CHI,13,16,SF,San Francisco 49ers,Chicago Bears
1978,1978-09-10,2,0,0,CLE,CIN,13,10,CLE,Cleveland Browns,Cincinnati Bengals
1978,1978-09-11,2,0,0,MIN,DEN,12,9,MIN,Minnesota Vikings,Denver Broncos
1978,1978-09-17,3,0,0,CIN,PIT,3,28,CIN,Cincinnati Bengals,Pittsburgh Steelers
1978,1978-09-17,3,0,0,LAR,DAL,27,14,LAR,Los Angeles Rams,Dallas Cowboys
1978,1978-09-17,3,0,0,TEN,SF,20,19,TEN,Houston Oilers,San Francisco 49ers
1978,1978-09-17,3,0,0,NYJ,SEA,17,24,NYJ,New York Jets,Seattle Seahawks
1978,1978-09-17,3,0,0,NYG,KC,26,10,NYG,New York Giants,Kansas City Chiefs
1978,1978-09-17,3,0,0,NO,PHI,17,24,NO,New Orleans Saints,Philadelphia Eagles
1978,1978-09-17,3,0,0,MIN,TB,10,16,MIN,Minnesota Vikings,Tampa Bay Buccaneers
1978,1978-09-17,3,0,0,MIA,BUF,31,24,MIA,Miami Dolphins,Buffalo Bills
1978,1978-09-17,3,0,0,GB,OAK,3,28,GB,Green Bay Packers,Oakland Raiders
1978,1978-09-17,3,0,0,DET,CHI,0,19,DET,Detroit Lions,Chicago Bears
1978,1978-09-17,3,0,0,ARI,WSH,10,28,ARI,St. Louis Cardinals,Washington Redskins
1978,1978-09-17,3,0,0,ATL,CLE,16,24,ATL,Atlanta Falcons,Cleveland Browns
1978,1978-09-17,3,0,0,DEN,LAC,27,14,DEN,Denver Broncos,San Diego Chargers
1978,1978-09-18,3,0,0,NE,IND,27,34,NE,New England Patriots,Baltimore Colts
1978,1978-09-24,4,0,0,CIN,NO,18,20,CIN,Cincinnati Bengals,New Orleans Saints
1978,1978-09-24,4,0,0,TEN,LAR,6,10,TEN,Houston Oilers,Los Angeles Rams
1978,1978-09-24,4,0,0,PHI,MIA,17,3,PHI,Philadelphia Eagles,Miami Dolphins
1978,1978-09-24,4,0,0,LAC,GB,3,24,LAC,San Diego Chargers,Green Bay Packers
1978,1978-09-24,4,0,0,WSH,NYJ,23,3,WSH,Washington Redskins,New York Jets
1978,1978-09-24,4,0,0,TB,ATL,14,9,TB,Tampa Bay Buccaneers,Atlanta Falcons
1978,1978-09-24,4,0,0,SEA,DET,28,16,SEA,Seattle Seahawks,Detroit Lions
1978,1978-09-24,4,0,0,OAK,NE,14,21,OAK,Oakland Raiders,New England Patriots
1978,1978-09-24,4,0,0,PIT,CLE,15,9,PIT,Pittsburgh Steelers,Cleveland Browns
1978,1978-09-24,4,0,0,NYG,SF,27,10,NYG,New York Giants,San Francisco 49ers
1978,1978-09-24,4,0,0,KC,DEN,17,23,KC,Kansas City Chiefs,Denver Broncos
1978,1978-09-24,4,0,0,DAL,ARI,21,12,DAL,Dallas Cowboys,St. Louis Cardinals
1978,1978-09-24,4,0,0,BUF,IND,24,17,BUF,Buffalo Bills,Baltimore Colts
1978,1978-09-25,4,0,0,CHI,MIN,20,24,CHI,Chicago Bears,Minnesota Vikings
1978,1978-10-01,5,0,0,NYJ,PIT,17,28,NYJ,New York Jets,Pittsburgh Steelers
1978,1978-10-01,5,0,0,TB,MIN,7,24,TB,Tampa Bay Buccaneers,Minnesota Vikings
1978,1978-10-01,5,0,0,ATL,NYG,23,20,ATL,Atlanta Falcons,New York Giants
1978,1978-10-01,5,0,0,DEN,SEA,28,7,DEN,Denver Broncos,Seattle Seahawks
1978,1978-10-01,5,0,0,GB,DET,35,14,GB,Green Bay Packers,Detroit Lions
1978,1978-10-01,5,0,0,NE,LAC,28,23,NE,New England Patriots,San Diego Chargers
1978,1978-10-01,5,0,0,BUF,KC,28,13,BUF,Buffalo Bills,Kansas City Chiefs
1978,1978-10-01,5,0,0,MIA,ARI,24,10,MIA,Miami Dolphins,St. Louis Cardinals
1978,1978-10-01,5,0,0,NO,LAR,20,26,NO,New Orleans Saints,Los Angeles Rams
1978,1978-10-01,5,0,0,SF,CIN,28,12,SF,San Francisco 49ers,Cincinnati Bengals
1978,1978-10-01,5,0,0,CHI,OAK,19,25,CHI,Chicago Bears,Oakland Raiders
1978,1978-10-01,5,0,0,CLE,TEN,13,16,CLE,Cleveland Browns,Houston Oilers
1978,1978-10-01,5,0,0,IND,PHI,14,17,IND,Baltimore Colts,Philadelphia Eagles
1978,1978-10-02,5,0,0,WSH,DAL,9,5,WSH,Washington Redskins,Dallas Cowboys
1978,1978-10-08,6,0,0,NO,CLE,16,24,NO,New Orleans Saints,Cleveland Browns
1978,1978-10-08,6,0,0,ARI,IND,17,30,ARI,St. Louis Cardinals,Baltimore Colts
1978,1978-10-08,6,0,0,DAL,NYG,24,3,DAL,Dallas Cowboys,New York Giants
1978,1978-10-08,6,0,0,GB,CHI,24,14,GB,Green Bay Packers,Chicago Bears
1978,1978-10-08,6,0,0,KC,TB,13,30,KC,Kansas City Chiefs,Tampa Bay Buccaneers
1978,1978-10-08,6,0,0,NE,PHI,24,14,NE,New England Patriots,Philadelphia Eagles
1978,1978-10-08,6,0,0,NYJ,BUF,45,14,NYJ,New York Jets,Buffalo Bills
1978,1978-10-08,6,0,0,PIT,ATL,31,7,PIT,Pittsburgh Steelers,Atlanta Falcons
1978,1978-10-08,6,0,0,OAK,TEN,21,17,OAK,Oakland Raiders,Houston Oilers
1978,1978-10-08,6,0,0,SEA,MIN,29,28,SEA,Seattle Seahawks,Minnesota Vikings
1978,1978-10-08,6,0,0,DET,WSH,19,21,DET,Detroit Lions,Washington Redskins
1978,1978-10-08,6,0,0,LAR,SF,27,10,LAR,Los Angeles Rams,San Francisco 49ers
1978,1978-10-08,6,0,0,LAC,DEN,23,0,LAC,San Diego Chargers,Denver Broncos
1978,1978-10-09,6,0,0,MIA,CIN,21,0,MIA,Miami Dolphins,Cincinnati Bengals
1978,1978-10-15,7,0,0,SF,NO,7,14,SF,San Francisco 49ers,New Orleans Saints
1978,1978-10-15,7,0,0,OAK,KC,28,6,OAK,Oakland Raiders,Kansas City Chiefs
1978,1978-10-15,7,0,0,PHI,WSH,17,10,PHI,Philadelphia Eagles,Washington Redskins
1978,1978-10-15,7,0,0,TEN,BUF,17,10,TEN,Houston Oilers,Buffalo Bills
1978,1978-10-15,7,0,0,GB,SEA,45,28,GB,Green Bay Packers,Seattle Seahawks
1978,1978-10-15,7,0,0,LAC,MIA,21,28,LAC,San Diego Chargers,Miami Dolphins
1978,1978-10-15,7,0,0,ARI,DAL,21,24,ARI,St. Louis Cardinals,Dallas Cowboys
1978,1978-10-15,7,0,0,NYG,TB,17,14,NYG,New York Giants,Tampa Bay Buccaneers
1978,1978-10-15,7,0,0,MIN,LAR,17,34,MIN,Minnesota Vikings,Los Angeles Rams
1978,1978-10-15,7,0,0,IND,NYJ,10,33,IND,Baltimore Colts,New York Jets
1978,1978-10-15,7,0,0,CLE,PIT,14,34,CLE,Cleveland Browns,Pittsburgh Steelers
1978,1978-10-15,7,0,0,ATL,DET,14,0,ATL,Atlanta Falcons,Detroit Lions
1978,1978-10-15,7,0,0,CIN,NE,3,10,CIN,Cincinnati Bengals,New England Patriots
1978,1978-10-16,7,0,0,DEN,CHI,16,7,DEN,Denver Broncos,Chicago Bears
1978,1978-10-22,8,0,0,DET,LAC,31,14,DET,Detroit Lions,San Diego Chargers
1978,1978-10-22,8,0,0,TB,CHI,33,19,TB,Tampa Bay Buccaneers,Chicago Bears
1978,1978-10-22,8,0,0,SF,ATL,17,20,SF,San Francisco 49ers,Atlanta Falcons
1978,1978-10-22,8,0,0,SEA,OAK,27,7,SEA,Seattle Seahawks,Oakland Raiders
1978,1978-10-22,8,0,0,NYG,WSH,17,6,NYG,New York Giants,Washington Redskins
1978,1978-10-22,8,0,0,NE,MIA,33,24,NE,New England Patriots,Miami Dolphins
1978,1978-10-22,8,0,0,MIN,GB,21,7,MIN,Minnesota Vikings,Green Bay Packers
1978,1978-10-22,8,0,0,NYJ,ARI,23,10,NYJ,New York Jets,St. Louis Cardinals
1978,1978-10-22,8,0,0,LAR,NO,3,10,LAR,Los Angeles Rams,New Orleans Saints
1978,1978-10-22,8,0,0,KC,CLE,17,3,KC,Kansas City Chiefs,Cleveland Browns
1978,1978-10-22,8,0,0,DAL,PHI,14,7,DAL,Dallas Cowboys,Philadelphia Eagles
1978,1978-10-22,8,0,0,IND,DEN,7,6,IND,Baltimore Colts,Denver Broncos
1978,1978-10-22,8,0,0,BUF,CIN,5,0,BUF,Buffalo Bills,Cincinnati Bengals
1978,1978-10-23,8,0,0,PIT,TEN,17,24,PIT,Pittsburgh Steelers,Houston Oilers
1978,1978-10-26,9,0,0,DAL,MIN,10,21,DAL,Dallas Cowboys,Minnesota Vikings
1978,1978-10-29,9,0,0,CLE,BUF,41,20,CLE,Cleveland Browns,Buffalo Bills
1978,1978-10-29,9,0,0,OAK,LAC,23,27,OAK,Oakland Raiders,San Diego Chargers
1978,1978-10-29,9,0,0,WSH,SF,38,20,WSH,Washington Redskins,San Francisco 49ers
1978,1978-10-29,9,0,0,SEA,DEN,17,20,SEA,Seattle Seahawks,Denver Broncos
1978,1978-10-29,9,0,0,PIT,KC,27,24,PIT,Pittsburgh Steelers,Kansas City Chiefs
1978,1978-10-29,9,0,0,PHI,ARI,10,16,PHI,Philadelphia Eagles,St. Louis Cardinals
1978,1978-10-29,9,0,0,NE,NYJ,55,21,NE,New England Patriots,New York Jets
1978,1978-10-29,9,0,0,NO,NYG,28,17,NO,New Orleans Saints,New York Giants
1978,1978-10-29,9,0,0,MIA,IND,26,8,MIA,Miami Dolphins,Baltimore Colts
1978,1978-10-29,9,0,0,GB,TB,9,7,GB,Green Bay Packers,Tampa Bay Buccaneers
1978,1978-10-29,9,0,0,CHI,DET,17,21,CHI,Chicago Bears,Detroit Lions
1978,1978-10-29,9,0,0,CIN,TEN,28,13,CIN,Cincinnati Bengals,Houston Oilers
1978,1978-10-30,9,0,0,ATL,LAR,15,7,ATL,Atlanta Falcons,Los Angeles Rams
1978,1978-11-05,10,0,0,BUF,NE,10,14,BUF,Buffalo Bills,New England Patriots
1978,1978-11-05,10,0,0,TEN,CLE,14,10,TEN,Houston Oilers,Cleveland Browns
1978,1978-11-05,10,0,0,LAR,TB,26,23,LAR,Los Angeles Rams,Tampa Bay Buccaneers
1978,1978-11-05,10,0,0,MIN,DET,17,7,MIN,Minnesota Vikings,Detroit Lions
1978,1978-11-05,10,0,0,PHI,GB,10,3,PHI,Philadelphia Eagles,Green Bay Packers
1978,1978-11-05,10,0,0,PIT,NO,20,14,PIT,Pittsburgh Steelers,New Orleans Saints
1978,1978-11-05,10,0,0,LAC,CIN,22,13,LAC,San Diego Chargers,Cincinnati Bengals
1978,1978-11-05,10,0,0,KC,OAK,10,20,KC,Kansas City Chiefs,Oakland Raiders
1978,1978-11-05,10,0,0,DEN,NYJ,28,31,DEN,Denver Broncos,New York Jets
1978,1978-11-05,10,0,0,ARI,NYG,20,10,ARI,St. Louis Cardinals,New York Giants
1978,1978-11-05,10,0,0,CHI,SEA,29,31,CHI,Chicago Bears,Seattle Seahawks
1978,1978-11-05,10,0,0,MIA,DAL,23,16,MIA,Miami Dolphins,Dallas Cowboys
1978,1978-11-05,10,0,0,ATL,SF,21,10,ATL,Atlanta Falcons,San Francisco 49ers
1978,1978-11-06,10,0,0,IND,WSH,21,17,IND,Baltimore Colts,Washington Redskins
1978,1978-11-12,11,0,0,LAR,PIT,10,7,LAR,Los Angeles Rams,Pittsburgh Steelers
1978,1978-11-12,11,0,0,BUF,MIA,24,25,BUF,Buffalo Bills,Miami Dolphins
1978,1978-11-12,11,0,0,LAC,KC,29,23,LAC,San Diego Chargers,Kansas City Chiefs
1978,1978-11-12,11,0,0,CLE,DEN,7,19,CLE,Cleveland Browns,Denver Broncos
1978,1978-11-12,11,0,0,WSH,NYG,16,13,WSH,Washington Redskins,New York Giants
1978,1978-11-12,11,0,0,SF,ARI,10,16,SF,San Francisco 49ers,St. Louis Cardinals
1978,1978-11-12,11,0,0,PHI,NYJ,17,9,PHI,Philadelphia Eagles,New York Jets
1978,1978-11-12,11,0,0,NE,TEN,23,26,NE,New England Patriots,Houston Oilers
1978,1978-11-12,11,0,0,SEA,IND,14,17,SEA,Seattle Seahawks,Baltimore Colts
1978,1978-11-12,11,0,0,NO,ATL,17,20,NO,New Orleans Saints,Atlanta Falcons
1978,1978-11-12,11,0,0,MIN,CHI,17,14,MIN,Minnesota Vikings,Chicago Bears
1978,1978-11-12,11,0,0,GB,DAL,14,42,GB,Green Bay Packers,Dallas Cowboys
1978,1978-11-12,11,0,0,DET,TB,34,23,DET,Detroit Lions,Tampa Bay Buccaneers
1978,1978-11-13,11,0,0,CIN,OAK,21,34,CIN,Cincinnati Bengals,Oakland Raiders
1978,1978-11-19,12,0,0,PIT,CIN,7,6,PIT,Pittsburgh Steelers,Cincinnati Bengals
1978,1978-11-19,12,0,0,DAL,NO,27,7,DAL,Dallas Cowboys,New Orleans Saints
1978,1978-11-19,12,0,0,WSH,ARI,17,27,WSH,Washington Redskins,St. Louis Cardinals
1978,1978-11-19,12,0,0,MIN,LAC,7,13,MIN,Minnesota Vikings,San Diego Chargers
1978,1978-11-19,12,0,0,SF,LAR,28,31,SF,San Francisco 49ers,Los Angeles Rams
1978,1978-11-19,12,0,0,TB,BUF,31,10,TB,Tampa Bay Buccaneers,Buffalo Bills
1978,1978-11-19,12,0,0,OAK,DET,29,17,OAK,Oakland Raiders,Detroit Lions
1978,1978-11-19,12,0,0,NYJ,NE,17,19,NYJ,New York Jets,New England Patriots
1978,1978-11-19,12,0,0,NYG,PHI,17,19,NYG,New York Giants,Philadelphia Eagles
1978,1978-11-19,12,0,0,KC,SEA,10,13,KC,Kansas City Chiefs,Seattle Seahawks
1978,1978-11-19,12,0,0,DEN,GB,16,3,DEN,Denver Broncos,Green Bay Packers
1978,1978-11-19,12,0,0,IND,CLE,24,45,IND,Baltimore Colts,Cleveland Browns
1978,1978-11-19,12,0,0,CHI,ATL,13,7,CHI,Chicago Bears,Atlanta Falcons
1978,1978-11-20,12,0,0,TEN,MIA,35,30,TEN,Houston Oilers,Miami Dolphins
1978,1978-11-23,13,0,0,DET,DEN,17,14,DET,Detroit Lions,Denver Broncos
1978,1978-11-23,13,0,0,DAL,WSH,37,10,DAL,Dallas Cowboys,Washington Redskins
1978,1978-11-26,13,0,0,MIA,NYJ,13,24,MIA,Miami Dolphins,New York Jets
1978,1978-11-26,13,0,0,GB,MIN,10,10,GB,Green Bay Packers,Minnesota Vikings
1978,1978-11-26,13,0,0,ARI,PHI,10,14,ARI,St. Louis Cardinals,Philadelphia Eagles
1978,1978-11-26,13,0,0,IND,NE,14,35,IND,Baltimore Colts,New England Patriots
1978,1978-11-26,13,0,0,CHI,TB,14,3,CHI,Chicago Bears,Tampa Bay Buccaneers
1978,1978-11-26,13,0,0,BUF,NYG,41,17,BUF,Buffalo Bills,New York Giants
1978,1978-11-26,13,0,0,ATL,NO,20,17,ATL,Atlanta Falcons,New Orleans Saints
1978,1978-11-26,13,0,0,CLE,LAR,30,19,CLE,Cleveland Browns,Los Angeles Rams
1978,1978-11-26,13,0,0,KC,LAC,23,0,KC,Kansas City Chiefs,San Diego Chargers
1978,1978-11-26,13,0,0,OAK,SEA,16,17,OAK,Oakland Raiders,Seattle Seahawks
1978,1978-11-26,13,0,0,TEN,CIN,17,10,TEN,Houston Oilers,Cincinnati Bengals
1978,1978-11-27,13,0,0,SF,PIT,7,24,SF,San Francisco 49ers,Pittsburgh Steelers
1978,1978-12-03,14,0,0,ARI,DET,21,14,ARI,St. Louis Cardinals,Detroit Lions
1978,1978-12-03,14,0,0,CIN,ATL,37,7,CIN,Cincinnati Bengals,Atlanta Falcons
1978,1978-12-03,14,0,0,NYG,LAR,17,20,NYG,New York Giants,Los Angeles Rams
1978,1978-12-03,14,0,0,DAL,NE,17,10,DAL,Dallas Cowboys,New England Patriots
1978,1978-12-03,14,0,0,KC,BUF,14,10,KC,Kansas City Chiefs,Buffalo Bills
1978,1978-12-03,14,0,0,MIN,PHI,28,27,MIN,Minnesota Vikings,Philadelphia Eagles
1978,1978-12-03,14,0,0,NO,SF,24,13,NO,New Orleans Saints,San Francisco 49ers
1978,1978-12-03,14,0,0,NYJ,IND,24,16,NYJ,New York Jets,Baltimore Colts
1978,1978-12-03,14,0,0,TEN,PIT,3,13,TEN,Houston Oilers,Pittsburgh Steelers
1978,1978-12-03,14,0,0,SEA,CLE,47,24,SEA,Seattle Seahawks,Cleveland Browns
1978,1978-12-03,14,0,0,TB,GB,7,17,TB,Tampa Bay Buccaneers,Green Bay Packers
1978,1978-12-03,14,0,0,WSH,MIA,0,16,WSH,Washington Redskins,Miami Dolphins
1978,1978-12-03,14,0,0,OAK,DEN,6,21,OAK,Oakland Raiders,Denver Broncos
1978,1978-12-04,14,0,0,LAC,CHI,40,7,LAC,San Diego Chargers,Chicago Bears
1978,1978-12-09,15,0,0,DET,MIN,45,14,DET,Detroit Lions,Minnesota Vikings
1978,1978-12-09,15,0,0,PIT,IND,35,13,PIT,Pittsburgh Steelers,Baltimore Colts
1978,1978-12-10,15,0,0,NO,TEN,12,17,NO,New Orleans Saints,Houston Oilers
1978,1978-12-10,15,0,0,SF,TB,6,3,SF,San Francisco 49ers,Tampa Bay Buccaneers
1978,1978-12-10,15,0,0,ATL,WSH,20,17,ATL,Atlanta Falcons,Washington Redskins
1978,1978-12-10,15,0,0,MIA,OAK,23,6,MIA,Miami Dolphins,Oakland Raiders
1978,1978-12-10,15,0,0,DEN,KC,24,3,DEN,Denver Broncos,Kansas City Chiefs
1978,1978-12-10,15,0,0,CLE,NYJ,37,34,CLE,Cleveland Browns,New York Jets
1978,1978-12-10,15,0,0,NYG,ARI,17,0,NYG,New York Giants,St. Louis Cardinals
1978,1978-12-10,15,0,0,PHI,DAL,13,31,PHI,Philadelphia Eagles,Dallas Cowboys
1978,1978-12-10,15,0,0,LAC,SEA,37,10,LAC,San Diego Chargers,Seattle Seahawks
1978,1978-12-10,15,0,0,NE,BUF,26,24,NE,New England Patriots,Buffalo Bills
1978,1978-12-10,15,0,0,CHI,GB,14,0,CHI,Chicago Bears,Green Bay Packers
1978,1978-12-11,15,0,0,LAR,CIN,19,20,LAR,Los Angeles Rams,Cincinnati Bengals
1978,1978-12-16,16,0,0,DEN,PIT,17,21,DEN,Denver Broncos,Pittsburgh Steelers
1978,1978-12-16,16,0,0,WSH,CHI,10,14,WSH,Washington Redskins,Chicago Bears
1978,1978-12-17,16,0,0,DET,SF,33,14,DET,Detroit Lions,San Francisco 49ers
1978,1978-12-17,16,0,0,NYJ,DAL,7,30,NYJ,New York Jets,Dallas Cowboys
1978,1978-12-17,16,0,0,PHI,NYG,20,3,PHI,Philadelphia Eagles,New York Giants
1978,1978-12-17,16,0,0,TEN,LAC,24,45,TEN,Houston Oilers,San Diego Chargers
1978,1978-12-17,16,0,0,ARI,ATL,42,21,ARI,St. Louis Cardinals,Atlanta Falcons
1978,1978-12-17,16,0,0,IND,BUF,14,21,IND,Baltimore Colts,Buffalo Bills
1978,1978-12-17,16,0,0,TB,NO,10,17,TB,Tampa Bay Buccaneers,New Orleans Saints
1978,1978-12-17,16,0,0,LAR,GB,31,14,LAR,Los Angeles Rams,Green Bay Packers
1978,1978-12-17,16,0,0,SEA,KC,23,19,SEA,Seattle Seahawks,Kansas City Chiefs
1978,1978-12-17,16,0,0,OAK,MIN,27,20,OAK,Oakland Raiders,Minnesota Vikings
1978,1978-12-17,16,0,0,CIN,CLE,48,16,CIN,Cincinnati Bengals,Cleveland Browns
1978,1978-12-18,16,0,0,MIA,NE,23,3,MIA,Miami Dolphins,New England Patriots
1978,1978-12-24,Wildcard,1,0,MIA,TEN,9,17,MIA,Miami Dolphins,Houston Oilers
1978,1978-12-24,Wildcard,1,0,ATL,PHI,14,13,ATL,Atlanta Falcons,Philadelphia Eagles
1978,1978-12-30,Division,1,0,PIT,DEN,33,10,PIT,Pittsburgh Steelers,Denver Broncos
1978,1978-12-30,Division,1,0,DAL,ATL,27,20,DAL,Dallas Cowboys,Atlanta Falcons
1978,1978-12-31,Division,1,0,LAR,MIN,34,10,LAR,Los Angeles Rams,Minnesota Vikings
1978,1978-12-31,Division,1,0,NE,TEN,14,31,NE,New England Patriots,Houston Oilers
1978,1979-01-07,Conference,1,0,LAR,DAL,0,28,LAR,Los Angeles Rams,Dallas Cowboys
1978,1979-01-07,Conference,1,0,PIT,TEN,34,5,PIT,Pittsburgh Steelers,Houston Oilers
1978,1979-01-21,Superbowl,1,1,PIT,DAL,35,31,DAL,Dallas Cowboys,Pittsburgh Steelers
1979,1979-09-01,1,0,0,TB,DET,31,16,TB,Tampa Bay Buccaneers,Detroit Lions
1979,1979-09-02,1,0,0,MIN,SF,28,22,MIN,Minnesota Vikings,San Francisco 49ers
1979,1979-09-02,1,0,0,PHI,NYG,23,17,PHI,Philadelphia Eagles,New York Giants
1979,1979-09-02,1,0,0,SEA,LAC,16,33,SEA,Seattle Seahawks,San Diego Chargers
1979,1979-09-02,1,0,0,LAR,OAK,17,24,LAR,Los Angeles Rams,Oakland Raiders
1979,1979-09-02,1,0,0,WSH,TEN,27,29,WSH,Washington Redskins,Houston Oilers
1979,1979-09-02,1,0,0,NYJ,CLE,22,25,NYJ,New York Jets,Cleveland Browns
1979,1979-09-02,1,0,0,NO,ATL,34,40,NO,New Orleans Saints,Atlanta Falcons
1979,1979-09-02,1,0,0,KC,IND,14,0,KC,Kansas City Chiefs,Baltimore Colts
1979,1979-09-02,1,0,0,DEN,CIN,10,0,DEN,Denver Broncos,Cincinnati Bengals
1979,1979-09-02,1,0,0,ARI,DAL,21,22,ARI,St. Louis Cardinals,Dallas Cowboys
1979,1979-09-02,1,0,0,CHI,GB,6,3,CHI,Chicago Bears,Green Bay Packers
1979,1979-09-02,1,0,0,BUF,MIA,7,9,BUF,Buffalo Bills,Miami Dolphins
1979,1979-09-03,1,0,0,NE,PIT,13,16,NE,New England Patriots,Pittsburgh Steelers
1979,1979-09-06,2,0,0,DEN,LAR,9,13,DEN,Denver Broncos,Los Angeles Rams
1979,1979-09-09,2,0,0,NE,NYJ,56,3,NE,New England Patriots,New York Jets
1979,1979-09-09,2,0,0,MIA,SEA,19,10,MIA,Miami Dolphins,Seattle Seahawks
1979,1979-09-09,2,0,0,SF,DAL,13,21,SF,San Francisco 49ers,Dallas Cowboys
1979,1979-09-09,2,0,0,KC,CLE,24,27,KC,Kansas City Chiefs,Cleveland Browns
1979,1979-09-09,2,0,0,GB,NO,28,19,GB,Green Bay Packers,New Orleans Saints
1979,1979-09-09,2,0,0,DET,WSH,24,27,DET,Detroit Lions,Washington Redskins
1979,1979-09-09,2,0,0,CHI,MIN,26,7,CHI,Chicago Bears,Minnesota Vikings
1979,1979-09-09,2,0,0,BUF,CIN,51,24,BUF,Buffalo Bills,Cincinnati Bengals
1979,1979-09-09,2,0,0,PIT,TEN,38,7,PIT,Pittsburgh Steelers,Houston Oilers
1979,1979-09-09,2,0,0,IND,TB,26,29,IND,Baltimore Colts,Tampa Bay Buccaneers
1979,1979-09-09,2,0,0,LAC,OAK,30,10,LAC,San Diego Chargers,Oakland Raiders
1979,1979-09-09,2,0,0,NYG,ARI,14,27,NYG,New York Giants,St. Louis Cardinals
1979,1979-09-10,2,0,0,PHI,ATL,10,14,PHI,Philadelphia Eagles,Atlanta Falcons
1979,1979-09-16,3,0,0,LAR,SF,27,24,LAR,Los Angeles Rams,San Francisco 49ers
1979,1979-09-16,3,0,0,ARI,PIT,21,24,ARI,St. Louis Cardinals,Pittsburgh Steelers
1979,1979-09-16,3,0,0,MIN,MIA,12,27,MIN,Minnesota Vikings,Miami Dolphins
1979,1979-09-16,3,0,0,GB,TB,10,21,GB,Green Bay Packers,Tampa Bay Buccaneers
1979,1979-09-16,3,0,0,DAL,CHI,24,20,DAL,Dallas Cowboys,Chicago Bears
1979,1979-09-16,3,0,0,CIN,NE,14,20,CIN,Cincinnati Bengals,New England Patriots
1979,1979-09-16,3,0,0,CLE,IND,13,10,CLE,Cleveland Browns,Baltimore Colts
1979,1979-09-16,3,0,0,LAC,BUF,27,19,LAC,San Diego Chargers,Buffalo Bills
1979,1979-09-16,3,0,0,NO,PHI,14,26,NO,New Orleans Saints,Philadelphia Eagles
1979,1979-09-16,3,0,0,NYJ,DET,31,10,NYJ,New York Jets,Detroit Lions
1979,1979-09-16,3,0,0,TEN,KC,20,6,TEN,Houston Oilers,Kansas City Chiefs
1979,1979-09-16,3,0,0,SEA,OAK,27,10,SEA,Seattle Seahawks,Oakland Raiders
1979,1979-09-16,3,0,0,ATL,DEN,17,20,ATL,Atlanta Falcons,Denver Broncos
1979,1979-09-17,3,0,0,WSH,NYG,27,0,WSH,Washington Redskins,New York Giants
1979,1979-09-23,4,0,0,ARI,WSH,7,17,ARI,St. Louis Cardinals,Washington Redskins
1979,1979-09-23,4,0,0,NYG,PHI,13,17,NYG,New York Giants,Philadelphia Eagles
1979,1979-09-23,4,0,0,NE,LAC,27,21,NE,New England Patriots,San Diego Chargers
1979,1979-09-23,4,0,0,MIN,GB,27,21,MIN,Minnesota Vikings,Green Bay Packers
1979,1979-09-23,4,0,0,TB,LAR,21,6,TB,Tampa Bay Buccaneers,Los Angeles Rams
1979,1979-09-23,4,0,0,DEN,SEA,37,34,DEN,Denver Broncos,Seattle Seahawks
1979,1979-09-23,4,0,0,DET,ATL,24,23,DET,Detroit Lions,Atlanta Falcons
1979,1979-09-23,4,0,0,KC,OAK,35,7,KC,Kansas City Chiefs,Oakland Raiders
1979,1979-09-23,4,0,0,SF,NO,21,30,SF,San Francisco 49ers,New Orleans Saints
1979,1979-09-23,4,0,0,PIT,IND,17,13,PIT,Pittsburgh Steelers,Baltimore Colts
1979,1979-09-23,4,0,0,CIN,TEN,27,30,CIN,Cincinnati Bengals,Houston Oilers
1979,1979-09-23,4,0,0,BUF,NYJ,46,31,BUF,Buffalo Bills,New York Jets
1979,1979-09-23,4,0,0,MIA,CHI,31,16,MIA,Miami Dolphins,Chicago Bears
1979,1979-09-24,4,0,0,CLE,DAL,26,7,CLE,Cleveland Browns,Dallas Cowboys
1979,1979-09-30,5,0,0,ATL,WSH,7,16,ATL,Atlanta Falcons,Washington Redskins
1979,1979-09-30,5,0,0,NO,NYG,24,14,NO,New Orleans Saints,New York Giants
1979,1979-09-30,5,0,0,DAL,CIN,38,13,DAL,Dallas Cowboys,Cincinnati Bengals
1979,1979-09-30,5,0,0,LAC,SF,31,9,LAC,San Diego Chargers,San Francisco 49ers
1979,1979-09-30,5,0,0,SEA,KC,6,24,SEA,Seattle Seahawks,Kansas City Chiefs
1979,1979-09-30,5,0,0,OAK,DEN,27,3,OAK,Oakland Raiders,Denver Broncos
1979,1979-09-30,5,0,0,LAR,ARI,21,0,LAR,Los Angeles Rams,St. Louis Cardinals
1979,1979-09-30,5,0,0,PHI,PIT,17,14,PHI,Philadelphia Eagles,Pittsburgh Steelers
1979,1979-09-30,5,0,0,TEN,CLE,31,10,TEN,Houston Oilers,Cleveland Browns
1979,1979-09-30,5,0,0,NYJ,MIA,33,27,NYJ,New York Jets,Miami Dolphins
1979,1979-09-30,5,0,0,DET,MIN,10,13,DET,Detroit Lions,Minnesota Vikings
1979,1979-09-30,5,0,0,CHI,TB,13,17,CHI,Chicago Bears,Tampa Bay Buccaneers
1979,1979-09-30,5,0,0,IND,BUF,13,31,IND,Baltimore Colts,Buffalo Bills
1979,1979-10-01,5,0,0,GB,NE,27,14,GB,Green Bay Packers,New England Patriots
1979,1979-10-07,6,0,0,NE,DET,24,17,NE,New England Patriots,Detroit Lions
1979,1979-10-07,6,0,0,PHI,WSH,28,17,PHI,Philadelphia Eagles,Washington Redskins
1979,1979-10-07,6,0,0,SF,SEA,24,35,SF,San Francisco 49ers,Seattle Seahawks
1979,1979-10-07,6,0,0,NYG,TB,17,14,NYG,New York Giants,Tampa Bay Buccaneers
1979,1979-10-07,6,0,0,MIN,DAL,20,36,MIN,Minnesota Vikings,Dallas Cowboys
1979,1979-10-07,6,0,0,IND,NYJ,10,8,IND,Baltimore Colts,New York Jets
1979,1979-10-07,6,0,0,CLE,PIT,35,51,CLE,Cleveland Browns,Pittsburgh Steelers
1979,1979-10-07,6,0,0,DEN,LAC,7,0,DEN,Denver Broncos,San Diego Chargers
1979,1979-10-07,6,0,0,CIN,KC,7,10,CIN,Cincinnati Bengals,Kansas City Chiefs
1979,1979-10-07,6,0,0,BUF,CHI,0,7,BUF,Buffalo Bills,Chicago Bears
1979,1979-10-07,6,0,0,ATL,GB,25,7,ATL,Atlanta Falcons,Green Bay Packers
1979,1979-10-07,6,0,0,NO,LAR,17,35,NO,New Orleans Saints,Los Angeles Rams
1979,1979-10-07,6,0,0,TEN,ARI,17,24,TEN,Houston Oilers,St. Louis Cardinals
1979,1979-10-08,6,0,0,OAK,MIA,13,3,OAK,Oakland Raiders,Miami Dolphins
1979,1979-10-14,7,0,0,OAK,ATL,50,19,OAK,Oakland Raiders,Atlanta Falcons
1979,1979-10-14,7,0,0,LAC,SEA,20,10,LAC,San Diego Chargers,Seattle Seahawks
1979,1979-10-14,7,0,0,TB,NO,14,42,TB,Tampa Bay Buccaneers,New Orleans Saints
1979,1979-10-14,7,0,0,NYG,SF,32,16,NYG,New York Giants,San Francisco 49ers
1979,1979-10-14,7,0,0,MIA,BUF,17,7,MIA,Miami Dolphins,Buffalo Bills
1979,1979-10-14,7,0,0,KC,DEN,10,24,KC,Kansas City Chiefs,Denver Broncos
1979,1979-10-14,7,0,0,GB,DET,24,16,GB,Green Bay Packers,Detroit Lions
1979,1979-10-14,7,0,0,ARI,PHI,20,24,ARI,St. Louis Cardinals,Philadelphia Eagles
1979,1979-10-14,7,0,0,IND,TEN,16,28,IND,Baltimore Colts,Houston Oilers
1979,1979-10-14,7,0,0,CLE,WSH,9,13,CLE,Cleveland Browns,Washington Redskins
1979,1979-10-14,7,0,0,CIN,PIT,34,10,CIN,Cincinnati Bengals,Pittsburgh Steelers
1979,1979-10-14,7,0,0,DAL,LAR,30,6,DAL,Dallas Cowboys,Los Angeles Rams
1979,1979-10-14,7,0,0,CHI,NE,7,27,CHI,Chicago Bears,New England Patriots
1979,1979-10-15,7,0,0,NYJ,MIN,14,7,NYJ,New York Jets,Minnesota Vikings
1979,1979-10-21,8,0,0,TB,GB,21,3,TB,Tampa Bay Buccaneers,Green Bay Packers
1979,1979-10-21,8,0,0,SEA,TEN,34,14,SEA,Seattle Seahawks,Houston Oilers
1979,1979-10-21,8,0,0,NYJ,OAK,28,19,NYJ,New York Jets,Oakland Raiders
1979,1979-10-21,8,0,0,NE,MIA,28,13,NE,New England Patriots,Miami Dolphins
1979,1979-10-21,8,0,0,SF,ATL,20,15,SF,San Francisco 49ers,Atlanta Falcons
1979,1979-10-21,8,0,0,NO,DET,17,7,NO,New Orleans Saints,Detroit Lions
1979,1979-10-21,8,0,0,MIN,CHI,30,27,MIN,Minnesota Vikings,Chicago Bears
1979,1979-10-21,8,0,0,KC,NYG,17,21,KC,Kansas City Chiefs,New York Giants
1979,1979-10-21,8,0,0,CLE,CIN,28,27,CLE,Cleveland Browns,Cincinnati Bengals
1979,1979-10-21,8,0,0,DAL,ARI,22,13,DAL,Dallas Cowboys,St. Louis Cardinals
1979,1979-10-21,8,0,0,BUF,IND,13,14,BUF,Buffalo Bills,Baltimore Colts
1979,1979-10-21,8,0,0,LAR,LAC,16,40,LAR,Los Angeles Rams,San Diego Chargers
1979,1979-10-21,8,0,0,WSH,PHI,17,7,WSH,Washington Redskins,Philadelphia Eagles
1979,1979-10-22,8,0,0,PIT,DEN,42,7,PIT,Pittsburgh Steelers,Denver Broncos
1979,1979-10-25,9,0,0,OAK,LAC,45,22,OAK,Oakland Raiders,San Diego Chargers
1979,1979-10-28,9,0,0,MIN,TB,10,12,MIN,Minnesota Vikings,Tampa Bay Buccaneers
1979,1979-10-28,9,0,0,TEN,NYJ,27,24,TEN,Houston Oilers,New York Jets
1979,1979-10-28,9,0,0,ARI,CLE,20,38,ARI,St. Louis Cardinals,Cleveland Browns
1979,1979-10-28,9,0,0,SF,CHI,27,28,SF,San Francisco 49ers,Chicago Bears
1979,1979-10-28,9,0,0,WSH,NO,10,14,WSH,Washington Redskins,New Orleans Saints
1979,1979-10-28,9,0,0,DET,BUF,17,20,DET,Detroit Lions,Buffalo Bills
1979,1979-10-28,9,0,0,DEN,KC,20,3,DEN,Denver Broncos,Kansas City Chiefs
1979,1979-10-28,9,0,0,LAR,NYG,14,20,LAR,Los Angeles Rams,New York Giants
1979,1979-10-28,9,0,0,IND,NE,31,26,IND,Baltimore Colts,New England Patriots
1979,1979-10-28,9,0,0,PIT,DAL,14,3,PIT,Pittsburgh Steelers,Dallas Cowboys
1979,1979-10-28,9,0,0,MIA,GB,27,7,MIA,Miami Dolphins,Green Bay Packers
1979,1979-10-28,9,0,0,CIN,PHI,37,13,CIN,Cincinnati Bengals,Philadelphia Eagles
1979,1979-10-29,9,0,0,ATL,SEA,28,31,ATL,Atlanta Falcons,Seattle Seahawks
1979,1979-11-04,10,0,0,KC,LAC,14,20,KC,Kansas City Chiefs,San Diego Chargers
1979,1979-11-04,10,0,0,PHI,CLE,19,24,PHI,Philadelphia Eagles,Cleveland Browns
1979,1979-11-04,10,0,0,PIT,WSH,38,7,PIT,Pittsburgh Steelers,Washington Redskins
1979,1979-11-04,10,0,0,OAK,SF,23,10,OAK,Oakland Raiders,San Francisco 49ers
1979,1979-11-04,10,0,0,GB,NYJ,22,27,GB,Green Bay Packers,New York Jets
1979,1979-11-04,10,0,0,SEA,LAR,0,24,SEA,Seattle Seahawks,Los Angeles Rams
1979,1979-11-04,10,0,0,ATL,TB,17,14,ATL,Atlanta Falcons,Tampa Bay Buccaneers
1979,1979-11-04,10,0,0,BUF,NE,6,26,BUF,Buffalo Bills,New England Patriots
1979,1979-11-04,10,0,0,CHI,DET,35,7,CHI,Chicago Bears,Detroit Lions
1979,1979-11-04,10,0,0,IND,CIN,38,28,IND,Baltimore Colts,Cincinnati Bengals
1979,1979-11-04,10,0,0,ARI,MIN,37,7,ARI,St. Louis Cardinals,Minnesota Vikings
1979,1979-11-04,10,0,0,DEN,NO,10,3,DEN,Denver Broncos,New Orleans Saints
1979,1979-11-04,10,0,0,NYG,DAL,14,16,NYG,New York Giants,Dallas Cowboys
1979,1979-11-05,10,0,0,MIA,TEN,6,9,MIA,Miami Dolphins,Houston Oilers
1979,1979-11-11,11,0,0,WSH,ARI,30,28,WSH,Washington Redskins,St. Louis Cardinals
1979,1979-11-11,11,0,0,CIN,LAC,24,26,CIN,Cincinnati Bengals,San Diego Chargers
1979,1979-11-11,11,0,0,NYG,ATL,24,3,NYG,New York Giants,Atlanta Falcons
1979,1979-11-11,11,0,0,CHI,LAR,27,23,CHI,Chicago Bears,Los Angeles Rams
1979,1979-11-11,11,0,0,CLE,SEA,24,29,CLE,Cleveland Browns,Seattle Seahawks
1979,1979-11-11,11,0,0,DEN,NE,45,10,DEN,Denver Broncos,New England Patriots
1979,1979-11-11,11,0,0,DET,TB,14,16,DET,Detroit Lions,Tampa Bay Buccaneers
1979,1979-11-11,11,0,0,GB,MIN,19,7,GB,Green Bay Packers,Minnesota Vikings
1979,1979-11-11,11,0,0,KC,PIT,3,30,KC,Kansas City Chiefs,Pittsburgh Steelers
1979,1979-11-11,11,0,0,MIA,IND,19,0,MIA,Miami Dolphins,Baltimore Colts
1979,1979-11-11,11,0,0,NO,SF,31,20,NO,New Orleans Saints,San Francisco 49ers
1979,1979-11-11,11,0,0,NYJ,BUF,12,14,NYJ,New York Jets,Buffalo Bills
1979,1979-11-11,11,0,0,TEN,OAK,31,17,TEN,Houston Oilers,Oakland Raiders
1979,1979-11-12,11,0,0,DAL,PHI,21,31,DAL,Dallas Cowboys,Philadelphia Eagles
1979,1979-11-18,12,0,0,TB,NYG,31,3,TB,Tampa Bay Buccaneers,New York Giants
1979,1979-11-18,12,0,0,CHI,NYJ,23,13,CHI,Chicago Bears,New York Jets
1979,1979-11-18,12,0,0,SF,DEN,28,38,SF,San Francisco 49ers,Denver Broncos
1979,1979-11-18,12,0,0,LAC,PIT,35,7,LAC,San Diego Chargers,Pittsburgh Steelers
1979,1979-11-18,12,0,0,PHI,ARI,16,13,PHI,Philadelphia Eagles,St. Louis Cardinals
1979,1979-11-18,12,0,0,OAK,KC,21,24,OAK,Oakland Raiders,Kansas City Chiefs
1979,1979-11-18,12,0,0,SEA,NO,38,24,SEA,Seattle Seahawks,New Orleans Saints
1979,1979-11-18,12,0,0,TEN,CIN,42,21,TEN,Houston Oilers,Cincinnati Bengals
1979,1979-11-18,12,0,0,MIN,DET,14,7,MIN,Minnesota Vikings,Detroit Lions
1979,1979-11-18,12,0,0,WSH,DAL,34,20,WSH,Washington Redskins,Dallas Cowboys
1979,1979-11-18,12,0,0,NE,IND,50,21,NE,New England Patriots,Baltimore Colts
1979,1979-11-18,12,0,0,BUF,GB,19,12,BUF,Buffalo Bills,Green Bay Packers
1979,1979-11-18,12,0,0,CLE,MIA,30,24,CLE,Cleveland Browns,Miami Dolphins
1979,1979-11-19,12,0,0,LAR,ATL,20,14,LAR,Los Angeles Rams,Atlanta Falcons
1979,1979-11-22,13,0,0,DAL,TEN,24,30,DAL,Dallas Cowboys,Houston Oilers
1979,1979-11-22,13,0,0,DET,CHI,20,0,DET,Detroit Lions,Chicago Bears
1979,1979-11-25,13,0,0,NE,BUF,13,16,NE,New England Patriots,Buffalo Bills
1979,1979-11-25,13,0,0,ATL,NO,6,37,ATL,Atlanta Falcons,New Orleans Saints
1979,1979-11-25,13,0,0,CIN,ARI,34,28,CIN,Cincinnati Bengals,St. Louis Cardinals
1979,1979-11-25,13,0,0,IND,MIA,24,28,IND,Baltimore Colts,Miami Dolphins
1979,1979-11-25,13,0,0,GB,PHI,10,21,GB,Green Bay Packers,Philadelphia Eagles
1979,1979-11-25,13,0,0,NYG,WSH,14,6,NYG,New York Giants,Washington Redskins
1979,1979-11-25,13,0,0,PIT,CLE,33,30,PIT,Pittsburgh Steelers,Cleveland Browns
1979,1979-11-25,13,0,0,TB,MIN,22,23,TB,Tampa Bay Buccaneers,Minnesota Vikings
1979,1979-11-25,13,0,0,LAC,KC,28,7,LAC,San Diego Chargers,Kansas City Chiefs
1979,1979-11-25,13,0,0,SF,LAR,20,26,SF,San Francisco 49ers,Los Angeles Rams
1979,1979-11-25,13,0,0,DEN,OAK,10,14,DEN,Denver Broncos,Oakland Raiders
1979,1979-11-26,13,0,0,SEA,NYJ,30,7,SEA,Seattle Seahawks,New York Jets
1979,1979-11-29,14,0,0,MIA,NE,39,24,MIA,Miami Dolphins,New England Patriots
1979,1979-12-02,14,0,0,LAC,ATL,26,28,LAC,San Diego Chargers,Atlanta Falcons
1979,1979-12-02,14,0,0,PHI,DET,44,7,PHI,Philadelphia Eagles,Detroit Lions
1979,1979-12-02,14,0,0,PIT,CIN,37,17,PIT,Pittsburgh Steelers,Cincinnati Bengals
1979,1979-12-02,14,0,0,LAR,MIN,27,21,LAR,Los Angeles Rams,Minnesota Vikings
1979,1979-12-02,14,0,0,BUF,DEN,16,19,BUF,Buffalo Bills,Denver Broncos
1979,1979-12-02,14,0,0,WSH,GB,38,21,WSH,Washington Redskins,Green Bay Packers
1979,1979-12-02,14,0,0,TB,CHI,0,14,TB,Tampa Bay Buccaneers,Chicago Bears
1979,1979-12-02,14,0,0,CLE,TEN,14,7,CLE,Cleveland Browns,Houston Oilers
1979,1979-12-02,14,0,0,ARI,SF,13,10,ARI,St. Louis Cardinals,San Francisco 49ers
1979,1979-12-02,14,0,0,DAL,NYG,28,7,DAL,Dallas Cowboys,New York Giants
1979,1979-12-02,14,0,0,KC,SEA,37,21,KC,Kansas City Chiefs,Seattle Seahawks
1979,1979-12-02,14,0,0,NYJ,IND,30,17,NYJ,New York Jets,Baltimore Colts
1979,1979-12-03,14,0,0,NO,OAK,35,42,NO,New Orleans Saints,Oakland Raiders
1979,1979-12-08,15,0,0,PHI,DAL,17,24,PHI,Philadelphia Eagles,Dallas Cowboys
1979,1979-12-08,15,0,0,SEA,DEN,28,23,SEA,Seattle Seahawks,Denver Broncos
1979,1979-12-09,15,0,0,NYJ,NE,27,26,NYJ,New York Jets,New England Patriots
1979,1979-12-09,15,0,0,DET,MIA,10,28,DET,Detroit Lions,Miami Dolphins
1979,1979-12-09,15,0,0,IND,KC,7,10,IND,Baltimore Colts,Kansas City Chiefs
1979,1979-12-09,15,0,0,ARI,NYG,29,20,ARI,St. Louis Cardinals,New York Giants
1979,1979-12-09,15,0,0,GB,CHI,14,15,GB,Green Bay Packers,Chicago Bears
1979,1979-12-09,15,0,0,MIN,BUF,10,3,MIN,Minnesota Vikings,Buffalo Bills
1979,1979-12-09,15,0,0,OAK,CLE,19,14,OAK,Oakland Raiders,Cleveland Browns
1979,1979-12-09,15,0,0,SF,TB,23,7,SF,San Francisco 49ers,Tampa Bay Buccaneers
1979,1979-12-09,15,0,0,WSH,CIN,28,14,WSH,Washington Redskins,Cincinnati Bengals
1979,1979-12-09,15,0,0,NO,LAC,0,35,NO,New Orleans Saints,San Diego Chargers
1979,1979-12-09,15,0,0,ATL,LAR,13,34,ATL,Atlanta Falcons,Los Angeles Rams
1979,1979-12-10,15,0,0,TEN,PIT,20,17,TEN,Houston Oilers,Pittsburgh Steelers
1979,1979-12-15,16,0,0,DET,GB,13,18,DET,Detroit Lions,Green Bay Packers
1979,1979-12-15,16,0,0,MIA,NYJ,24,27,MIA,Miami Dolphins,New York Jets
1979,1979-12-16,16,0,0,TEN,PHI,20,26,TEN,Houston Oilers,Philadelphia Eagles
1979,1979-12-16,16,0,0,LAR,NO,14,29,LAR,Los Angeles Rams,New Orleans Saints
1979,1979-12-16,16,0,0,PIT,BUF,28,0,PIT,Pittsburgh Steelers,Buffalo Bills
1979,1979-12-16,16,0,0,ATL,SF,31,21,ATL,Atlanta Falcons,San Francisco 49ers
1979,1979-12-16,16,0,0,DAL,WSH,35,34,DAL,Dallas Cowboys,Washington Redskins
1979,1979-12-16,16,0,0,NE,MIN,27,23,NE,New England Patriots,Minnesota Vikings
1979,1979-12-16,16,0,0,CIN,CLE,16,12,CIN,Cincinnati Bengals,Cleveland Browns
1979,1979-12-16,16,0,0,OAK,SEA,24,29,OAK,Oakland Raiders,Seattle Seahawks
1979,1979-12-16,16,0,0,TB,KC,3,0,TB,Tampa Bay Buccaneers,Kansas City Chiefs
1979,1979-12-16,16,0,0,NYG,IND,7,31,NYG,New York Giants,Baltimore Colts
1979,1979-12-16,16,0,0,CHI,ARI,42,6,CHI,Chicago Bears,St. Louis Cardinals
1979,1979-12-17,16,0,0,LAC,DEN,17,7,LAC,San Diego Chargers,Denver Broncos
1979,1979-12-23,Wildcard,1,0,PHI,CHI,27,17,PHI,Philadelphia Eagles,Chicago Bears
1979,1979-12-23,Wildcard,1,0,TEN,DEN,13,7,TEN,Houston Oilers,Denver Broncos
1979,1979-12-29,Division,1,0,TB,PHI,24,17,TB,Tampa Bay Buccaneers,Philadelphia Eagles
1979,1979-12-29,Division,1,0,LAC,TEN,14,17,LAC,San Diego Chargers,Houston Oilers
1979,1979-12-30,Division,1,0,PIT,MIA,34,14,PIT,Pittsburgh Steelers,Miami Dolphins
1979,1979-12-30,Division,1,0,DAL,LAR,19,21,DAL,Dallas Cowboys,Los Angeles Rams
1979,1980-01-06,Conference,1,0,TB,LAR,0,9,TB,Tampa Bay Buccaneers,Los Angeles Rams
1979,1980-01-06,Conference,1,0,PIT,TEN,27,13,PIT,Pittsburgh Steelers,Houston Oilers
1979,1980-01-20,Superbowl,1,1,LAR,PIT,19,31,LAR,Los Angeles Rams,Pittsburgh Steelers
1980,1980-09-07,1,0,0,KC,OAK,14,27,KC,Kansas City Chiefs,Oakland Raiders
1980,1980-09-07,1,0,0,MIN,ATL,24,23,MIN,Minnesota Vikings,Atlanta Falcons
1980,1980-09-07,1,0,0,PIT,TEN,31,17,PIT,Pittsburgh Steelers,Houston Oilers
1980,1980-09-07,1,0,0,LAR,DET,20,41,LAR,Los Angeles Rams,Detroit Lions
1980,1980-09-07,1,0,0,NO,SF,23,26,NO,New Orleans Saints,San Francisco 49ers
1980,1980-09-07,1,0,0,PHI,DEN,27,6,PHI,Philadelphia Eagles,Denver Broncos
1980,1980-09-07,1,0,0,SEA,LAC,13,34,SEA,Seattle Seahawks,San Diego Chargers
1980,1980-09-07,1,0,0,NYJ,IND,14,17,NYJ,New York Jets,Baltimore Colts
1980,1980-09-07,1,0,0,NE,CLE,34,17,NE,New England Patriots,Cleveland Browns
1980,1980-09-07,1,0,0,ARI,NYG,35,41,ARI,St. Louis Cardinals,New York Giants
1980,1980-09-07,1,0,0,CIN,TB,12,17,CIN,Cincinnati Bengals,Tampa Bay Buccaneers
1980,1980-09-07,1,0,0,BUF,MIA,17,7,BUF,Buffalo Bills,Miami Dolphins
1980,1980-09-07,1,0,0,GB,CHI,12,6,GB,Green Bay Packers,Chicago Bears
1980,1980-09-08,1,0,0,WSH,DAL,3,17,WSH,Washington Redskins,Dallas Cowboys
1980,1980-09-11,2,0,0,TB,LAR,10,9,TB,Tampa Bay Buccaneers,Los Angeles Rams
1980,1980-09-14,2,0,0,GB,DET,7,29,GB,Green Bay Packers,Detroit Lions
1980,1980-09-14,2,0,0,IND,PIT,17,20,IND,Baltimore Colts,Pittsburgh Steelers
1980,1980-09-14,2,0,0,MIA,CIN,17,16,MIA,Miami Dolphins,Cincinnati Bengals
1980,1980-09-14,2,0,0,DEN,DAL,41,20,DEN,Denver Broncos,Dallas Cowboys
1980,1980-09-14,2,0,0,BUF,NYJ,20,10,BUF,Buffalo Bills,New York Jets
1980,1980-09-14,2,0,0,LAC,OAK,30,24,LAC,San Diego Chargers,Oakland Raiders
1980,1980-09-14,2,0,0,CHI,NO,22,3,CHI,Chicago Bears,New Orleans Saints
1980,1980-09-14,2,0,0,NE,ATL,21,37,NE,New England Patriots,Atlanta Falcons
1980,1980-09-14,2,0,0,KC,SEA,16,17,KC,Kansas City Chiefs,Seattle Seahawks
1980,1980-09-14,2,0,0,MIN,PHI,7,42,MIN,Minnesota Vikings,Philadelphia Eagles
1980,1980-09-14,2,0,0,SF,ARI,24,21,SF,San Francisco 49ers,St. Louis Cardinals
1980,1980-09-14,2,0,0,NYG,WSH,21,23,NYG,New York Giants,Washington Redskins
1980,1980-09-15,2,0,0,CLE,TEN,7,16,CLE,Cleveland Browns,Houston Oilers
1980,1980-09-21,3,0,0,ATL,MIA,17,20,ATL,Atlanta Falcons,Miami Dolphins
1980,1980-09-21,3,0,0,LAR,GB,51,21,LAR,Los Angeles Rams,Green Bay Packers
1980,1980-09-21,3,0,0,DET,ARI,20,7,DET,Detroit Lions,St. Louis Cardinals
1980,1980-09-21,3,0,0,CHI,MIN,14,34,CHI,Chicago Bears,Minnesota Vikings
1980,1980-09-21,3,0,0,CIN,PIT,30,28,CIN,Cincinnati Bengals,Pittsburgh Steelers
1980,1980-09-21,3,0,0,CLE,KC,20,13,CLE,Cleveland Browns,Kansas City Chiefs
1980,1980-09-21,3,0,0,DAL,TB,28,17,DAL,Dallas Cowboys,Tampa Bay Buccaneers
1980,1980-09-21,3,0,0,NO,BUF,26,35,NO,New Orleans Saints,Buffalo Bills
1980,1980-09-21,3,0,0,NYJ,SF,27,37,NYJ,New York Jets,San Francisco 49ers
1980,1980-09-21,3,0,0,TEN,IND,21,16,TEN,Houston Oilers,Baltimore Colts
1980,1980-09-21,3,0,0,OAK,WSH,24,21,OAK,Oakland Raiders,Washington Redskins
1980,1980-09-21,3,0,0,SEA,NE,31,37,SEA,Seattle Seahawks,New England Patriots
1980,1980-09-21,3,0,0,DEN,LAC,13,30,DEN,Denver Broncos,San Diego Chargers
1980,1980-09-22,3,0,0,PHI,NYG,35,3,PHI,Philadelphia Eagles,New York Giants
1980,1980-09-28,4,0,0,PIT,CHI,38,3,PIT,Pittsburgh Steelers,Chicago Bears
1980,1980-09-28,4,0,0,TB,CLE,27,34,TB,Tampa Bay Buccaneers,Cleveland Browns
1980,1980-09-28,4,0,0,SF,ATL,17,20,SF,San Francisco 49ers,Atlanta Falcons
1980,1980-09-28,4,0,0,MIA,NO,21,16,MIA,Miami Dolphins,New Orleans Saints
1980,1980-09-28,4,0,0,GB,DAL,7,28,GB,Green Bay Packers,Dallas Cowboys
1980,1980-09-28,4,0,0,WSH,SEA,0,14,WSH,Washington Redskins,Seattle Seahawks
1980,1980-09-28,4,0,0,CIN,TEN,10,13,CIN,Cincinnati Bengals,Houston Oilers
1980,1980-09-28,4,0,0,NYG,LAR,7,28,NYG,New York Giants,Los Angeles Rams
1980,1980-09-28,4,0,0,BUF,OAK,24,7,BUF,Buffalo Bills,Oakland Raiders
1980,1980-09-28,4,0,0,ARI,PHI,24,14,ARI,St. Louis Cardinals,Philadelphia Eagles
1980,1980-09-28,4,0,0,IND,NYJ,35,21,IND,Baltimore Colts,New York Jets
1980,1980-09-28,4,0,0,KC,LAC,7,24,KC,Kansas City Chiefs,San Diego Chargers
1980,1980-09-28,4,0,0,DET,MIN,27,7,DET,Detroit Lions,Minnesota Vikings
1980,1980-09-29,4,0,0,NE,DEN,23,14,NE,New England Patriots,Denver Broncos
1980,1980-10-05,5,0,0,MIA,IND,17,30,MIA,Miami Dolphins,Baltimore Colts
1980,1980-10-05,5,0,0,LAC,BUF,24,26,LAC,San Diego Chargers,Buffalo Bills
1980,1980-10-05,5,0,0,ATL,DET,43,28,ATL,Atlanta Falcons,Detroit Lions
1980,1980-10-05,5,0,0,DAL,NYG,24,3,DAL,Dallas Cowboys,New York Giants
1980,1980-10-05,5,0,0,GB,CIN,14,9,GB,Green Bay Packers,Cincinnati Bengals
1980,1980-10-05,5,0,0,MIN,PIT,17,23,MIN,Minnesota Vikings,Pittsburgh Steelers
1980,1980-10-05,5,0,0,NO,ARI,7,40,NO,New Orleans Saints,St. Louis Cardinals
1980,1980-10-05,5,0,0,NYJ,NE,11,21,NYJ,New York Jets,New England Patriots
1980,1980-10-05,5,0,0,TEN,SEA,7,26,TEN,Houston Oilers,Seattle Seahawks
1980,1980-10-05,5,0,0,PHI,WSH,24,14,PHI,Philadelphia Eagles,Washington Redskins
1980,1980-10-05,5,0,0,OAK,KC,17,31,OAK,Oakland Raiders,Kansas City Chiefs
1980,1980-10-05,5,0,0,LAR,SF,48,26,LAR,Los Angeles Rams,San Francisco 49ers
1980,1980-10-05,5,0,0,CLE,DEN,16,19,CLE,Cleveland Browns,Denver Broncos
1980,1980-10-06,5,0,0,CHI,TB,23,0,CHI,Chicago Bears,Tampa Bay Buccaneers
1980,1980-10-12,6,0,0,TB,GB,14,14,TB,Tampa Bay Buccaneers,Green Bay Packers
1980,1980-10-12,6,0,0,SEA,CLE,3,27,SEA,Seattle Seahawks,Cleveland Browns
1980,1980-10-12,6,0,0,PIT,CIN,16,17,PIT,Pittsburgh Steelers,Cincinnati Bengals
1980,1980-10-12,6,0,0,NYG,PHI,16,31,NYG,New York Giants,Philadelphia Eagles
1980,1980-10-12,6,0,0,NE,MIA,34,0,NE,New England Patriots,Miami Dolphins
1980,1980-10-12,6,0,0,MIN,CHI,13,7,MIN,Minnesota Vikings,Chicago Bears
1980,1980-10-12,6,0,0,DET,NO,24,13,DET,Detroit Lions,New Orleans Saints
1980,1980-10-12,6,0,0,DAL,SF,59,14,DAL,Dallas Cowboys,San Francisco 49ers
1980,1980-10-12,6,0,0,BUF,IND,12,17,BUF,Buffalo Bills,Baltimore Colts
1980,1980-10-12,6,0,0,KC,TEN,21,20,KC,Kansas City Chiefs,Houston Oilers
1980,1980-10-12,6,0,0,OAK,LAC,38,24,OAK,Oakland Raiders,San Diego Chargers
1980,1980-10-12,6,0,0,ATL,NYJ,7,14,ATL,Atlanta Falcons,New York Jets
1980,1980-10-12,6,0,0,ARI,LAR,13,21,ARI,St. Louis Cardinals,Los Angeles Rams
1980,1980-10-13,6,0,0,DEN,WSH,20,17,DEN,Denver Broncos,Washington Redskins
1980,1980-10-19,7,0,0,CIN,MIN,14,0,CIN,Cincinnati Bengals,Minnesota Vikings
1980,1980-10-19,7,0,0,SF,LAR,17,31,SF,San Francisco 49ers,Los Angeles Rams
1980,1980-10-19,7,0,0,NYJ,SEA,17,27,NYJ,New York Jets,Seattle Seahawks
1980,1980-10-19,7,0,0,IND,NE,21,37,IND,Baltimore Colts,New England Patriots
1980,1980-10-19,7,0,0,CHI,DET,24,7,CHI,Chicago Bears,Detroit Lions
1980,1980-10-19,7,0,0,LAC,NYG,44,7,LAC,San Diego Chargers,New York Giants
1980,1980-10-19,7,0,0,WSH,ARI,23,0,WSH,Washington Redskins,St. Louis Cardinals
1980,1980-10-19,7,0,0,PHI,DAL,17,10,PHI,Philadelphia Eagles,Dallas Cowboys
1980,1980-10-19,7,0,0,TEN,TB,20,14,TEN,Houston Oilers,Tampa Bay Buccaneers
1980,1980-10-19,7,0,0,NO,ATL,14,41,NO,New Orleans Saints,Atlanta Falcons
1980,1980-10-19,7,0,0,MIA,BUF,17,14,MIA,Miami Dolphins,Buffalo Bills
1980,1980-10-19,7,0,0,DEN,KC,17,23,DEN,Denver Broncos,Kansas City Chiefs
1980,1980-10-19,7,0,0,CLE,GB,26,21,CLE,Cleveland Browns,Green Bay Packers
1980,1980-10-20,7,0,0,PIT,OAK,34,45,PIT,Pittsburgh Steelers,Oakland Raiders
1980,1980-10-26,8,0,0,PHI,CHI,17,14,PHI,Philadelphia Eagles,Chicago Bears
1980,1980-10-26,8,0,0,OAK,SEA,33,14,OAK,Oakland Raiders,Seattle Seahawks
1980,1980-10-26,8,0,0,CLE,PIT,27,26,CLE,Cleveland Browns,Pittsburgh Steelers
1980,1980-10-26,8,0,0,BUF,NE,31,13,BUF,Buffalo Bills,New England Patriots
1980,1980-10-26,8,0,0,GB,MIN,16,3,GB,Green Bay Packers,Minnesota Vikings
1980,1980-10-26,8,0,0,DAL,LAC,42,31,DAL,Dallas Cowboys,San Diego Chargers
1980,1980-10-26,8,0,0,ATL,LAR,13,10,ATL,Atlanta Falcons,Los Angeles Rams
1980,1980-10-26,8,0,0,IND,ARI,10,17,IND,Baltimore Colts,St. Louis Cardinals
1980,1980-10-26,8,0,0,NYG,DEN,9,14,NYG,New York Giants,Denver Broncos
1980,1980-10-26,8,0,0,SF,TB,23,24,SF,San Francisco 49ers,Tampa Bay Buccaneers
1980,1980-10-26,8,0,0,WSH,NO,22,14,WSH,Washington Redskins,New Orleans Saints
1980,1980-10-26,8,0,0,TEN,CIN,23,3,TEN,Houston Oilers,Cincinnati Bengals
1980,1980-10-26,8,0,0,KC,DET,20,17,KC,Kansas City Chiefs,Detroit Lions
1980,1980-10-27,8,0,0,NYJ,MIA,17,14,NYJ,New York Jets,Miami Dolphins
1980,1980-11-02,9,0,0,SEA,PHI,20,27,SEA,Seattle Seahawks,Philadelphia Eagles
1980,1980-11-02,9,0,0,LAR,NO,45,31,LAR,Los Angeles Rams,New Orleans Saints
1980,1980-11-02,9,0,0,DEN,TEN,16,20,DEN,Denver Broncos,Houston Oilers
1980,1980-11-02,9,0,0,DET,SF,17,13,DET,Detroit Lions,San Francisco 49ers
1980,1980-11-02,9,0,0,BUF,ATL,14,30,BUF,Buffalo Bills,Atlanta Falcons
1980,1980-11-02,9,0,0,ARI,DAL,24,27,ARI,St. Louis Cardinals,Dallas Cowboys
1980,1980-11-02,9,0,0,OAK,MIA,16,10,OAK,Oakland Raiders,Miami Dolphins
1980,1980-11-02,9,0,0,WSH,MIN,14,39,WSH,Washington Redskins,Minnesota Vikings
1980,1980-11-02,9,0,0,CIN,LAC,14,31,CIN,Cincinnati Bengals,San Diego Chargers
1980,1980-11-02,9,0,0,KC,IND,24,31,KC,Kansas City Chiefs,Baltimore Colts
1980,1980-11-02,9,0,0,PIT,GB,22,20,PIT,Pittsburgh Steelers,Green Bay Packers
1980,1980-11-02,9,0,0,TB,NYG,30,13,TB,Tampa Bay Buccaneers,New York Giants
1980,1980-11-02,9,0,0,NE,NYJ,34,21,NE,New England Patriots,New York Jets
1980,1980-11-03,9,0,0,CLE,CHI,27,21,CLE,Cleveland Browns,Chicago Bears
1980,1980-11-09,10,0,0,IND,CLE,27,28,IND,Baltimore Colts,Cleveland Browns
1980,1980-11-09,10,0,0,LAR,MIA,14,35,LAR,Los Angeles Rams,Miami Dolphins
1980,1980-11-09,10,0,0,OAK,CIN,28,17,OAK,Oakland Raiders,Cincinnati Bengals
1980,1980-11-09,10,0,0,CHI,WSH,35,21,CHI,Chicago Bears,Washington Redskins
1980,1980-11-09,10,0,0,ARI,ATL,27,33,ARI,St. Louis Cardinals,Atlanta Falcons
1980,1980-11-09,10,0,0,GB,SF,23,16,GB,Green Bay Packers,San Francisco 49ers
1980,1980-11-09,10,0,0,MIN,DET,34,0,MIN,Minnesota Vikings,Detroit Lions
1980,1980-11-09,10,0,0,NO,PHI,21,34,NO,New Orleans Saints,Philadelphia Eagles
1980,1980-11-09,10,0,0,NYG,DAL,38,35,NYG,New York Giants,Dallas Cowboys
1980,1980-11-09,10,0,0,NYJ,BUF,24,31,NYJ,New York Jets,Buffalo Bills
1980,1980-11-09,10,0,0,SEA,KC,30,31,SEA,Seattle Seahawks,Kansas City Chiefs
1980,1980-11-09,10,0,0,LAC,DEN,13,20,LAC,San Diego Chargers,Denver Broncos
1980,1980-11-09,10,0,0,TB,PIT,21,24,TB,Tampa Bay Buccaneers,Pittsburgh Steelers
1980,1980-11-10,10,0,0,TEN,NE,38,34,TEN,Houston Oilers,New England Patriots
1980,1980-11-16,11,0,0,NYG,GB,27,21,NYG,New York Giants,Green Bay Packers
1980,1980-11-16,11,0,0,CHI,TEN,6,10,CHI,Chicago Bears,Houston Oilers
1980,1980-11-16,11,0,0,MIN,TB,38,30,MIN,Minnesota Vikings,Tampa Bay Buccaneers
1980,1980-11-16,11,0,0,MIA,SF,17,13,MIA,Miami Dolphins,San Francisco 49ers
1980,1980-11-16,11,0,0,NE,LAR,14,17,NE,New England Patriots,Los Angeles Rams
1980,1980-11-16,11,0,0,DET,IND,9,10,DET,Detroit Lions,Baltimore Colts
1980,1980-11-16,11,0,0,DEN,NYJ,31,24,DEN,Denver Broncos,New York Jets
1980,1980-11-16,11,0,0,DAL,ARI,31,21,DAL,Dallas Cowboys,St. Louis Cardinals
1980,1980-11-16,11,0,0,CIN,BUF,0,14,CIN,Cincinnati Bengals,Buffalo Bills
1980,1980-11-16,11,0,0,ATL,NO,31,13,ATL,Atlanta Falcons,New Orleans Saints
1980,1980-11-16,11,0,0,LAC,KC,20,7,LAC,San Diego Chargers,Kansas City Chiefs
1980,1980-11-16,11,0,0,PIT,CLE,16,13,PIT,Pittsburgh Steelers,Cleveland Browns
1980,1980-11-16,11,0,0,WSH,PHI,0,24,WSH,Washington Redskins,Philadelphia Eagles
1980,1980-11-17,11,0,0,SEA,OAK,17,19,SEA,Seattle Seahawks,Oakland Raiders
1980,1980-11-20,12,0,0,MIA,LAC,24,27,MIA,Miami Dolphins,San Diego Chargers
1980,1980-11-23,12,0,0,MIN,GB,13,25,MIN,Minnesota Vikings,Green Bay Packers
1980,1980-11-23,12,0,0,TB,DET,10,24,TB,Tampa Bay Buccaneers,Detroit Lions
1980,1980-11-23,12,0,0,DEN,SEA,36,20,DEN,Denver Broncos,Seattle Seahawks
1980,1980-11-23,12,0,0,SF,NYG,12,0,SF,San Francisco 49ers,New York Giants
1980,1980-11-23,12,0,0,BUF,PIT,28,13,BUF,Buffalo Bills,Pittsburgh Steelers
1980,1980-11-23,12,0,0,ATL,CHI,28,17,ATL,Atlanta Falcons,Chicago Bears
1980,1980-11-23,12,0,0,ARI,KC,13,21,ARI,St. Louis Cardinals,Kansas City Chiefs
1980,1980-11-23,12,0,0,DAL,WSH,14,10,DAL,Dallas Cowboys,Washington Redskins
1980,1980-11-23,12,0,0,PHI,OAK,10,7,PHI,Philadelphia Eagles,Oakland Raiders
1980,1980-11-23,12,0,0,NYJ,TEN,31,28,NYJ,New York Jets,Houston Oilers
1980,1980-11-23,12,0,0,NE,IND,47,21,NE,New England Patriots,Baltimore Colts
1980,1980-11-23,12,0,0,CLE,CIN,31,7,CLE,Cleveland Browns,Cincinnati Bengals
1980,1980-11-24,12,0,0,NO,LAR,7,27,NO,New Orleans Saints,Los Angeles Rams
1980,1980-11-27,13,0,0,DAL,SEA,51,7,DAL,Dallas Cowboys,Seattle Seahawks
1980,1980-11-27,13,0,0,DET,CHI,17,23,DET,Detroit Lions,Chicago Bears
1980,1980-11-30,13,0,0,LAC,PHI,22,21,LAC,San Diego Chargers,Philadelphia Eagles
1980,1980-11-30,13,0,0,SF,NE,21,17,SF,San Francisco 49ers,New England Patriots
1980,1980-11-30,13,0,0,NYG,ARI,7,23,NYG,New York Giants,St. Louis Cardinals
1980,1980-11-30,13,0,0,NO,MIN,20,23,NO,New Orleans Saints,Minnesota Vikings
1980,1980-11-30,13,0,0,KC,CIN,6,20,KC,Kansas City Chiefs,Cincinnati Bengals
1980,1980-11-30,13,0,0,GB,TB,17,20,GB,Green Bay Packers,Tampa Bay Buccaneers
1980,1980-11-30,13,0,0,IND,BUF,28,24,IND,Baltimore Colts,Buffalo Bills
1980,1980-11-30,13,0,0,ATL,WSH,10,6,ATL,Atlanta Falcons,Washington Redskins
1980,1980-11-30,13,0,0,LAR,NYJ,38,13,LAR,Los Angeles Rams,New York Jets
1980,1980-11-30,13,0,0,PIT,MIA,23,10,PIT,Pittsburgh Steelers,Miami Dolphins
1980,1980-11-30,13,0,0,TEN,CLE,14,17,TEN,Houston Oilers,Cleveland Browns
1980,1980-12-01,13,0,0,OAK,DEN,9,3,OAK,Oakland Raiders,Denver Broncos
1980,1980-12-04,14,0,0,TEN,PIT,6,0,TEN,Houston Oilers,Pittsburgh Steelers
1980,1980-12-07,14,0,0,CIN,IND,34,33,CIN,Cincinnati Bengals,Baltimore Colts
1980,1980-12-07,14,0,0,ARI,DET,24,23,ARI,St. Louis Cardinals,Detroit Lions
1980,1980-12-07,14,0,0,BUF,LAR,10,7,BUF,Buffalo Bills,Los Angeles Rams
1980,1980-12-07,14,0,0,KC,DEN,31,14,KC,Kansas City Chiefs,Denver Broncos
1980,1980-12-07,14,0,0,PHI,ATL,17,20,PHI,Philadelphia Eagles,Atlanta Falcons
1980,1980-12-07,14,0,0,OAK,DAL,13,19,OAK,Oakland Raiders,Dallas Cowboys
1980,1980-12-07,14,0,0,SEA,NYG,21,27,SEA,Seattle Seahawks,New York Giants
1980,1980-12-07,14,0,0,SF,NO,38,35,SF,San Francisco 49ers,New Orleans Saints
1980,1980-12-07,14,0,0,TB,MIN,10,21,TB,Tampa Bay Buccaneers,Minnesota Vikings
1980,1980-12-07,14,0,0,WSH,LAC,40,17,WSH,Washington Redskins,San Diego Chargers
1980,1980-12-07,14,0,0,CHI,GB,61,7,CHI,Chicago Bears,Green Bay Packers
1980,1980-12-07,14,0,0,CLE,NYJ,17,14,CLE,Cleveland Browns,New York Jets
1980,1980-12-08,14,0,0,MIA,NE,16,13,MIA,Miami Dolphins,New England Patriots
1980,1980-12-13,15,0,0,WSH,NYG,16,13,WSH,Washington Redskins,New York Giants
1980,1980-12-13,15,0,0,LAC,SEA,21,14,LAC,San Diego Chargers,Seattle Seahawks
1980,1980-12-14,15,0,0,ATL,SF,35,10,ATL,Atlanta Falcons,San Francisco 49ers
1980,1980-12-14,15,0,0,NE,BUF,24,2,NE,New England Patriots,Buffalo Bills
1980,1980-12-14,15,0,0,PIT,KC,21,16,PIT,Pittsburgh Steelers,Kansas City Chiefs
1980,1980-12-14,15,0,0,PHI,ARI,17,3,PHI,Philadelphia Eagles,St. Louis Cardinals
1980,1980-12-14,15,0,0,NYJ,NO,20,21,NYJ,New York Jets,New Orleans Saints
1980,1980-12-14,15,0,0,MIN,CLE,28,23,MIN,Minnesota Vikings,Cleveland Browns
1980,1980-12-14,15,0,0,GB,TEN,3,22,GB,Green Bay Packers,Houston Oilers
1980,1980-12-14,15,0,0,DET,TB,27,14,DET,Detroit Lions,Tampa Bay Buccaneers
1980,1980-12-14,15,0,0,DEN,OAK,21,24,DEN,Denver Broncos,Oakland Raiders
1980,1980-12-14,15,0,0,IND,MIA,14,24,IND,Baltimore Colts,Miami Dolphins
1980,1980-12-14,15,0,0,CHI,CIN,14,17,CHI,Chicago Bears,Cincinnati Bengals
1980,1980-12-15,15,0,0,LAR,DAL,38,14,LAR,Los Angeles Rams,Dallas Cowboys
1980,1980-12-20,16,0,0,TB,CHI,13,14,TB,Tampa Bay Buccaneers,Chicago Bears
1980,1980-12-20,16,0,0,MIA,NYJ,17,24,MIA,Miami Dolphins,New York Jets
1980,1980-12-21,16,0,0,NYG,OAK,17,33,NYG,New York Giants,Oakland Raiders
1980,1980-12-21,16,0,0,TEN,MIN,20,16,TEN,Houston Oilers,Minnesota Vikings
1980,1980-12-21,16,0,0,SF,BUF,13,18,SF,San Francisco 49ers,Buffalo Bills
1980,1980-12-21,16,0,0,CIN,CLE,24,27,CIN,Cincinnati Bengals,Cleveland Browns
1980,1980-12-21,16,0,0,IND,KC,28,38,IND,Baltimore Colts,Kansas City Chiefs
1980,1980-12-21,16,0,0,ARI,WSH,7,31,ARI,St. Louis Cardinals,Washington Redskins
1980,1980-12-21,16,0,0,LAR,ATL,20,17,LAR,Los Angeles Rams,Atlanta Falcons
1980,1980-12-21,16,0,0,DAL,PHI,35,27,DAL,Dallas Cowboys,Philadelphia Eagles
1980,1980-12-21,16,0,0,DET,GB,24,3,DET,Detroit Lions,Green Bay Packers
1980,1980-12-21,16,0,0,SEA,DEN,17,25,SEA,Seattle Seahawks,Denver Broncos
1980,1980-12-21,16,0,0,NO,NE,27,38,NO,New Orleans Saints,New England Patriots
1980,1980-12-22,16,0,0,LAC,PIT,26,17,LAC,San Diego Chargers,Pittsburgh Steelers
1980,1980-12-28,Wildcard,1,0,OAK,TEN,27,7,OAK,Oakland Raiders,Houston Oilers
1980,1980-12-28,Wildcard,1,0,DAL,LAR,34,13,DAL,Dallas Cowboys,Los Angeles Rams
1980,1981-01-03,Division,1,0,PHI,MIN,31,16,PHI,Philadelphia Eagles,Minnesota Vikings
1980,1981-01-03,Division,1,0,LAC,BUF,20,14,LAC,San Diego Chargers,Buffalo Bills
1980,1981-01-04,Division,1,0,ATL,DAL,27,30,ATL,Atlanta Falcons,Dallas Cowboys
1980,1981-01-04,Division,1,0,CLE,OAK,12,14,CLE,Cleveland Browns,Oakland Raiders
1980,1981-01-11,Conference,1,0,PHI,DAL,20,7,PHI,Philadelphia Eagles,Dallas Cowboys
1980,1981-01-11,Conference,1,0,LAC,OAK,27,34,LAC,San Diego Chargers,Oakland Raiders
1980,1981-01-25,Superbowl,1,1,OAK,PHI,27,10,OAK,Oakland Raiders,Philadelphia Eagles
1981,1981-09-05,1,0,0,TB,MIN,21,13,TB,Tampa Bay Buccaneers,Minnesota Vikings
1981,1981-09-06,1,0,0,ARI,MIA,7,20,ARI,St. Louis Cardinals,Miami Dolphins
1981,1981-09-06,1,0,0,PIT,KC,33,37,PIT,Pittsburgh Steelers,Kansas City Chiefs
1981,1981-09-06,1,0,0,CIN,SEA,27,21,CIN,Cincinnati Bengals,Seattle Seahawks
1981,1981-09-06,1,0,0,NYG,PHI,10,24,NYG,New York Giants,Philadelphia Eagles
1981,1981-09-06,1,0,0,LAR,TEN,20,27,LAR,Los Angeles Rams,Houston Oilers
1981,1981-09-06,1,0,0,WSH,DAL,10,26,WSH,Washington Redskins,Dallas Cowboys
1981,1981-09-06,1,0,0,DET,SF,24,17,DET,Detroit Lions,San Francisco 49ers
1981,1981-09-06,1,0,0,NE,IND,28,29,NE,New England Patriots,Baltimore Colts
1981,1981-09-06,1,0,0,CHI,GB,9,16,CHI,Chicago Bears,Green Bay Packers
1981,1981-09-06,1,0,0,DEN,OAK,9,7,DEN,Denver Broncos,Oakland Raiders
1981,1981-09-06,1,0,0,ATL,NO,27,0,ATL,Atlanta Falcons,New Orleans Saints
1981,1981-09-06,1,0,0,BUF,NYJ,31,0,BUF,Buffalo Bills,New York Jets
1981,1981-09-07,1,0,0,CLE,LAC,14,44,CLE,Cleveland Browns,San Diego Chargers
1981,1981-09-10,2,0,0,MIA,PIT,30,10,MIA,Miami Dolphins,Pittsburgh Steelers
1981,1981-09-13,2,0,0,WSH,NYG,7,17,WSH,Washington Redskins,New York Giants
1981,1981-09-13,2,0,0,LAC,DET,28,23,LAC,San Diego Chargers,Detroit Lions
1981,1981-09-13,2,0,0,NO,LAR,23,17,NO,New Orleans Saints,Los Angeles Rams
1981,1981-09-13,2,0,0,CLE,TEN,3,9,CLE,Cleveland Browns,Houston Oilers
1981,1981-09-13,2,0,0,IND,BUF,3,35,IND,Baltimore Colts,Buffalo Bills
1981,1981-09-13,2,0,0,DAL,ARI,30,17,DAL,Dallas Cowboys,St. Louis Cardinals
1981,1981-09-13,2,0,0,GB,ATL,17,31,GB,Green Bay Packers,Atlanta Falcons
1981,1981-09-13,2,0,0,KC,TB,19,10,KC,Kansas City Chiefs,Tampa Bay Buccaneers
1981,1981-09-13,2,0,0,NYJ,CIN,30,31,NYJ,New York Jets,Cincinnati Bengals
1981,1981-09-13,2,0,0,SF,CHI,28,17,SF,San Francisco 49ers,Chicago Bears
1981,1981-09-13,2,0,0,SEA,DEN,13,10,SEA,Seattle Seahawks,Denver Broncos
1981,1981-09-13,2,0,0,PHI,NE,13,3,PHI,Philadelphia Eagles,New England Patriots
1981,1981-09-14,2,0,0,MIN,OAK,10,36,MIN,Minnesota Vikings,Oakland Raiders
1981,1981-09-17,3,0,0,BUF,PHI,14,20,BUF,Buffalo Bills,Philadelphia Eagles
1981,1981-09-20,3,0,0,ATL,SF,34,17,ATL,Atlanta Falcons,San Francisco 49ers
1981,1981-09-20,3,0,0,MIN,DET,26,24,MIN,Minnesota Vikings,Detroit Lions
1981,1981-09-20,3,0,0,PIT,NYJ,38,10,PIT,Pittsburgh Steelers,New York Jets
1981,1981-09-20,3,0,0,CHI,TB,28,17,CHI,Chicago Bears,Tampa Bay Buccaneers
1981,1981-09-20,3,0,0,DEN,IND,28,10,DEN,Denver Broncos,Baltimore Colts
1981,1981-09-20,3,0,0,ARI,WSH,40,30,ARI,St. Louis Cardinals,Washington Redskins
1981,1981-09-20,3,0,0,CIN,CLE,17,20,CIN,Cincinnati Bengals,Cleveland Browns
1981,1981-09-20,3,0,0,KC,LAC,31,42,KC,Kansas City Chiefs,San Diego Chargers
1981,1981-09-20,3,0,0,LAR,GB,35,23,LAR,Los Angeles Rams,Green Bay Packers
1981,1981-09-20,3,0,0,OAK,SEA,20,10,OAK,Oakland Raiders,Seattle Seahawks
1981,1981-09-20,3,0,0,TEN,MIA,10,16,TEN,Houston Oilers,Miami Dolphins
1981,1981-09-20,3,0,0,NYG,NO,20,7,NYG,New York Giants,New Orleans Saints
1981,1981-09-21,3,0,0,NE,DAL,21,35,NE,New England Patriots,Dallas Cowboys
1981,1981-09-27,4,0,0,DEN,LAC,42,24,DEN,Denver Broncos,San Diego Chargers
1981,1981-09-27,4,0,0,CIN,BUF,27,24,CIN,Cincinnati Bengals,Buffalo Bills
1981,1981-09-27,4,0,0,CLE,ATL,28,17,CLE,Cleveland Browns,Atlanta Falcons
1981,1981-09-27,4,0,0,IND,MIA,28,31,IND,Baltimore Colts,Miami Dolphins
1981,1981-09-27,4,0,0,DET,OAK,16,0,DET,Detroit Lions,Oakland Raiders
1981,1981-09-27,4,0,0,GB,MIN,13,30,GB,Green Bay Packers,Minnesota Vikings
1981,1981-09-27,4,0,0,NYJ,TEN,33,17,NYJ,New York Jets,Houston Oilers
1981,1981-09-27,4,0,0,PHI,WSH,36,13,PHI,Philadelphia Eagles,Washington Redskins
1981,1981-09-27,4,0,0,PIT,NE,27,21,PIT,Pittsburgh Steelers,New England Patriots
1981,1981-09-27,4,0,0,SEA,KC,14,20,SEA,Seattle Seahawks,Kansas City Chiefs
1981,1981-09-27,4,0,0,SF,NO,21,14,SF,San Francisco 49ers,New Orleans Saints
1981,1981-09-27,4,0,0,DAL,NYG,18,10,DAL,Dallas Cowboys,New York Giants
1981,1981-09-27,4,0,0,TB,ARI,20,10,TB,Tampa Bay Buccaneers,St. Louis Cardinals
1981,1981-09-28,4,0,0,CHI,LAR,7,24,CHI,Chicago Bears,Los Angeles Rams
1981,1981-10-04,5,0,0,NE,KC,33,17,NE,New England Patriots,Kansas City Chiefs
1981,1981-10-04,5,0,0,BUF,IND,23,17,BUF,Buffalo Bills,Baltimore Colts
1981,1981-10-04,5,0,0,MIN,CHI,24,21,MIN,Minnesota Vikings,Chicago Bears
1981,1981-10-04,5,0,0,MIA,NYJ,28,28,MIA,Miami Dolphins,New York Jets
1981,1981-10-04,5,0,0,TEN,CIN,17,10,TEN,Houston Oilers,Cincinnati Bengals
1981,1981-10-04,5,0,0,OAK,DEN,0,17,OAK,Oakland Raiders,Denver Broncos
1981,1981-10-04,5,0,0,TB,DET,28,10,TB,Tampa Bay Buccaneers,Detroit Lions
1981,1981-10-04,5,0,0,ARI,DAL,20,17,ARI,St. Louis Cardinals,Dallas Cowboys
1981,1981-10-04,5,0,0,LAR,CLE,27,16,LAR,Los Angeles Rams,Cleveland Browns
1981,1981-10-04,5,0,0,WSH,SF,17,30,WSH,Washington Redskins,San Francisco 49ers
1981,1981-10-04,5,0,0,LAC,SEA,24,10,LAC,San Diego Chargers,Seattle Seahawks
1981,1981-10-04,5,0,0,NO,PIT,6,20,NO,New Orleans Saints,Pittsburgh Steelers
1981,1981-10-04,5,0,0,NYG,GB,14,27,NYG,New York Giants,Green Bay Packers
1981,1981-10-05,5,0,0,PHI,ATL,16,13,PHI,Philadelphia Eagles,Atlanta Falcons
1981,1981-10-11,6,0,0,IND,CIN,19,41,IND,Baltimore Colts,Cincinnati Bengals
1981,1981-10-11,6,0,0,LAC,MIN,31,33,LAC,San Diego Chargers,Minnesota Vikings
1981,1981-10-11,6,0,0,TEN,SEA,35,17,TEN,Houston Oilers,Seattle Seahawks
1981,1981-10-11,6,0,0,ATL,LAR,35,37,ATL,Atlanta Falcons,Los Angeles Rams
1981,1981-10-11,6,0,0,NO,PHI,14,31,NO,New Orleans Saints,Philadelphia Eagles
1981,1981-10-11,6,0,0,SF,DAL,45,14,SF,San Francisco 49ers,Dallas Cowboys
1981,1981-10-11,6,0,0,PIT,CLE,13,7,PIT,Pittsburgh Steelers,Cleveland Browns
1981,1981-10-11,6,0,0,NYJ,NE,28,24,NYJ,New York Jets,New England Patriots
1981,1981-10-11,6,0,0,NYG,ARI,34,14,NYG,New York Giants,St. Louis Cardinals
1981,1981-10-11,6,0,0,KC,OAK,27,0,KC,Kansas City Chiefs,Oakland Raiders
1981,1981-10-11,6,0,0,GB,TB,10,21,GB,Green Bay Packers,Tampa Bay Buccaneers
1981,1981-10-11,6,0,0,DEN,DET,27,21,DEN,Denver Broncos,Detroit Lions
1981,1981-10-11,6,0,0,CHI,WSH,7,24,CHI,Chicago Bears,Washington Redskins
1981,1981-10-12,6,0,0,BUF,MIA,31,21,BUF,Buffalo Bills,Miami Dolphins
1981,1981-10-18,7,0,0,GB,SF,3,13,GB,Green Bay Packers,San Francisco 49ers
1981,1981-10-18,7,0,0,CLE,NO,20,17,CLE,Cleveland Browns,New Orleans Saints
1981,1981-10-18,7,0,0,CIN,PIT,34,7,CIN,Cincinnati Bengals,Pittsburgh Steelers
1981,1981-10-18,7,0,0,ATL,ARI,41,20,ATL,Atlanta Falcons,St. Louis Cardinals
1981,1981-10-18,7,0,0,MIA,WSH,13,10,MIA,Miami Dolphins,Washington Redskins
1981,1981-10-18,7,0,0,MIN,PHI,35,23,MIN,Minnesota Vikings,Philadelphia Eagles
1981,1981-10-18,7,0,0,NE,TEN,38,10,NE,New England Patriots,Houston Oilers
1981,1981-10-18,7,0,0,NYJ,BUF,33,14,NYJ,New York Jets,Buffalo Bills
1981,1981-10-18,7,0,0,OAK,TB,18,16,OAK,Oakland Raiders,Tampa Bay Buccaneers
1981,1981-10-18,7,0,0,SEA,NYG,0,32,SEA,Seattle Seahawks,New York Giants
1981,1981-10-18,7,0,0,KC,DEN,28,14,KC,Kansas City Chiefs,Denver Broncos
1981,1981-10-18,7,0,0,IND,LAC,14,43,IND,Baltimore Colts,San Diego Chargers
1981,1981-10-18,7,0,0,DAL,LAR,29,17,DAL,Dallas Cowboys,Los Angeles Rams
1981,1981-10-19,7,0,0,DET,CHI,48,17,DET,Detroit Lions,Chicago Bears
1981,1981-10-25,8,0,0,WSH,NE,24,22,WSH,Washington Redskins,New England Patriots
1981,1981-10-25,8,0,0,CHI,LAC,20,17,CHI,Chicago Bears,San Diego Chargers
1981,1981-10-25,8,0,0,SF,LAR,20,17,SF,San Francisco 49ers,Los Angeles Rams
1981,1981-10-25,8,0,0,ATL,NYG,24,27,ATL,Atlanta Falcons,New York Giants
1981,1981-10-25,8,0,0,BUF,DEN,9,7,BUF,Buffalo Bills,Denver Broncos
1981,1981-10-25,8,0,0,CLE,IND,42,28,CLE,Cleveland Browns,Baltimore Colts
1981,1981-10-25,8,0,0,ARI,MIN,30,17,ARI,St. Louis Cardinals,Minnesota Vikings
1981,1981-10-25,8,0,0,NYJ,SEA,3,19,NYJ,New York Jets,Seattle Seahawks
1981,1981-10-25,8,0,0,DAL,MIA,28,27,DAL,Dallas Cowboys,Miami Dolphins
1981,1981-10-25,8,0,0,DET,GB,31,27,DET,Detroit Lions,Green Bay Packers
1981,1981-10-25,8,0,0,NO,CIN,17,7,NO,New Orleans Saints,Cincinnati Bengals
1981,1981-10-25,8,0,0,PHI,TB,20,10,PHI,Philadelphia Eagles,Tampa Bay Buccaneers
1981,1981-10-25,8,0,0,OAK,KC,17,28,OAK,Oakland Raiders,Kansas City Chiefs
1981,1981-10-26,8,0,0,PIT,TEN,26,13,PIT,Pittsburgh Steelers,Houston Oilers
1981,1981-11-01,9,0,0,NO,ATL,10,41,NO,New Orleans Saints,Atlanta Falcons
1981,1981-11-01,9,0,0,CIN,TEN,34,21,CIN,Cincinnati Bengals,Houston Oilers
1981,1981-11-01,9,0,0,GB,SEA,34,24,GB,Green Bay Packers,Seattle Seahawks
1981,1981-11-01,9,0,0,PIT,SF,14,17,PIT,Pittsburgh Steelers,San Francisco 49ers
1981,1981-11-01,9,0,0,LAR,DET,20,13,LAR,Los Angeles Rams,Detroit Lions
1981,1981-11-01,9,0,0,OAK,NE,27,17,OAK,Oakland Raiders,New England Patriots
1981,1981-11-01,9,0,0,TB,CHI,20,10,TB,Tampa Bay Buccaneers,Chicago Bears
1981,1981-11-01,9,0,0,MIA,IND,27,10,MIA,Miami Dolphins,Baltimore Colts
1981,1981-11-01,9,0,0,NYG,NYJ,7,26,NYG,New York Giants,New York Jets
1981,1981-11-01,9,0,0,BUF,CLE,22,13,BUF,Buffalo Bills,Cleveland Browns
1981,1981-11-01,9,0,0,LAC,KC,22,20,LAC,San Diego Chargers,Kansas City Chiefs
1981,1981-11-01,9,0,0,WSH,ARI,42,21,WSH,Washington Redskins,St. Louis Cardinals
1981,1981-11-01,9,0,0,PHI,DAL,14,17,PHI,Philadelphia Eagles,Dallas Cowboys
1981,1981-11-02,9,0,0,DEN,MIN,19,17,DEN,Denver Broncos,Minnesota Vikings
1981,1981-11-08,10,0,0,NE,MIA,27,30,NE,New England Patriots,Miami Dolphins
1981,1981-11-08,10,0,0,SEA,PIT,24,21,SEA,Seattle Seahawks,Pittsburgh Steelers
1981,1981-11-08,10,0,0,DEN,CLE,23,20,DEN,Denver Broncos,Cleveland Browns
1981,1981-11-08,10,0,0,LAR,NO,13,21,LAR,Los Angeles Rams,New Orleans Saints
1981,1981-11-08,10,0,0,LAC,CIN,17,40,LAC,San Diego Chargers,Cincinnati Bengals
1981,1981-11-08,10,0,0,IND,NYJ,14,41,IND,Baltimore Colts,New York Jets
1981,1981-11-08,10,0,0,ARI,PHI,10,52,ARI,St. Louis Cardinals,Philadelphia Eagles
1981,1981-11-08,10,0,0,GB,NYG,26,24,GB,Green Bay Packers,New York Giants
1981,1981-11-08,10,0,0,KC,CHI,13,16,KC,Kansas City Chiefs,Chicago Bears
1981,1981-11-08,10,0,0,MIN,TB,25,10,MIN,Minnesota Vikings,Tampa Bay Buccaneers
1981,1981-11-08,10,0,0,SF,ATL,17,14,SF,San Francisco 49ers,Atlanta Falcons
1981,1981-11-08,10,0,0,TEN,OAK,17,16,TEN,Houston Oilers,Oakland Raiders
1981,1981-11-08,10,0,0,WSH,DET,33,31,WSH,Washington Redskins,Detroit Lions
1981,1981-11-09,10,0,0,DAL,BUF,27,14,DAL,Dallas Cowboys,Buffalo Bills
1981,1981-11-15,11,0,0,SF,CLE,12,15,SF,San Francisco 49ers,Cleveland Browns
1981,1981-11-15,11,0,0,PHI,IND,38,13,PHI,Philadelphia Eagles,Baltimore Colts
1981,1981-11-15,11,0,0,CIN,LAR,24,10,CIN,Cincinnati Bengals,Los Angeles Rams
1981,1981-11-15,11,0,0,NYG,WSH,27,30,NYG,New York Giants,Washington Redskins
1981,1981-11-15,11,0,0,NE,NYJ,6,17,NE,New England Patriots,New York Jets
1981,1981-11-15,11,0,0,GB,CHI,21,17,GB,Green Bay Packers,Chicago Bears
1981,1981-11-15,11,0,0,TB,DEN,7,24,TB,Tampa Bay Buccaneers,Denver Broncos
1981,1981-11-15,11,0,0,KC,TEN,23,10,KC,Kansas City Chiefs,Houston Oilers
1981,1981-11-15,11,0,0,DET,DAL,27,24,DET,Detroit Lions,Dallas Cowboys
1981,1981-11-15,11,0,0,ARI,BUF,24,0,ARI,St. Louis Cardinals,Buffalo Bills
1981,1981-11-15,11,0,0,ATL,PIT,20,34,ATL,Atlanta Falcons,Pittsburgh Steelers
1981,1981-11-15,11,0,0,MIN,NO,20,10,MIN,Minnesota Vikings,New Orleans Saints
1981,1981-11-15,11,0,0,MIA,OAK,17,33,MIA,Miami Dolphins,Oakland Raiders
1981,1981-11-16,11,0,0,SEA,LAC,44,23,SEA,Seattle Seahawks,San Diego Chargers
1981,1981-11-22,12,0,0,PHI,NYG,10,20,PHI,Philadelphia Eagles,New York Giants
1981,1981-11-22,12,0,0,LAR,SF,31,33,LAR,Los Angeles Rams,San Francisco 49ers
1981,1981-11-22,12,0,0,OAK,LAC,21,55,OAK,Oakland Raiders,San Diego Chargers
1981,1981-11-22,12,0,0,TB,GB,37,3,TB,Tampa Bay Buccaneers,Green Bay Packers
1981,1981-11-22,12,0,0,TEN,NO,24,27,TEN,Houston Oilers,New Orleans Saints
1981,1981-11-22,12,0,0,NYJ,MIA,16,15,NYJ,New York Jets,Miami Dolphins
1981,1981-11-22,12,0,0,KC,SEA,40,13,KC,Kansas City Chiefs,Seattle Seahawks
1981,1981-11-22,12,0,0,DAL,WSH,24,10,DAL,Dallas Cowboys,Washington Redskins
1981,1981-11-22,12,0,0,IND,ARI,24,35,IND,Baltimore Colts,St. Louis Cardinals
1981,1981-11-22,12,0,0,CIN,DEN,38,21,CIN,Cincinnati Bengals,Denver Broncos
1981,1981-11-22,12,0,0,CHI,DET,7,23,CHI,Chicago Bears,Detroit Lions
1981,1981-11-22,12,0,0,BUF,NE,20,17,BUF,Buffalo Bills,New England Patriots
1981,1981-11-22,12,0,0,CLE,PIT,10,32,CLE,Cleveland Browns,Pittsburgh Steelers
1981,1981-11-23,12,0,0,ATL,MIN,31,30,ATL,Atlanta Falcons,Minnesota Vikings
1981,1981-11-26,13,0,0,DAL,CHI,10,9,DAL,Dallas Cowboys,Chicago Bears
1981,1981-11-26,13,0,0,DET,KC,27,10,DET,Detroit Lions,Kansas City Chiefs
1981,1981-11-29,13,0,0,BUF,WSH,21,14,BUF,Buffalo Bills,Washington Redskins
1981,1981-11-29,13,0,0,CLE,CIN,21,41,CLE,Cleveland Browns,Cincinnati Bengals
1981,1981-11-29,13,0,0,PIT,LAR,24,0,PIT,Pittsburgh Steelers,Los Angeles Rams
1981,1981-11-29,13,0,0,NO,TB,14,31,NO,New Orleans Saints,Tampa Bay Buccaneers
1981,1981-11-29,13,0,0,NE,ARI,20,27,NE,New England Patriots,St. Louis Cardinals
1981,1981-11-29,13,0,0,NYJ,IND,25,0,NYJ,New York Jets,Baltimore Colts
1981,1981-11-29,13,0,0,SEA,OAK,31,32,SEA,Seattle Seahawks,Oakland Raiders
1981,1981-11-29,13,0,0,SF,NYG,17,10,SF,San Francisco 49ers,New York Giants
1981,1981-11-29,13,0,0,MIN,GB,23,35,MIN,Minnesota Vikings,Green Bay Packers
1981,1981-11-29,13,0,0,TEN,ATL,27,31,TEN,Houston Oilers,Atlanta Falcons
1981,1981-11-29,13,0,0,LAC,DEN,34,17,LAC,San Diego Chargers,Denver Broncos
1981,1981-11-30,13,0,0,MIA,PHI,13,10,MIA,Miami Dolphins,Philadelphia Eagles
1981,1981-12-03,14,0,0,TEN,CLE,17,13,TEN,Houston Oilers,Cleveland Browns
1981,1981-12-06,14,0,0,LAC,BUF,27,28,LAC,San Diego Chargers,Buffalo Bills
1981,1981-12-06,14,0,0,NYG,LAR,10,7,NYG,New York Giants,Los Angeles Rams
1981,1981-12-06,14,0,0,SEA,NYJ,27,23,SEA,Seattle Seahawks,New York Jets
1981,1981-12-06,14,0,0,WSH,PHI,15,13,WSH,Washington Redskins,Philadelphia Eagles
1981,1981-12-06,14,0,0,TB,ATL,24,23,TB,Tampa Bay Buccaneers,Atlanta Falcons
1981,1981-12-06,14,0,0,MIA,NE,24,14,MIA,Miami Dolphins,New England Patriots
1981,1981-12-06,14,0,0,GB,DET,31,17,GB,Green Bay Packers,Detroit Lions
1981,1981-12-06,14,0,0,DEN,KC,16,13,DEN,Denver Broncos,Kansas City Chiefs
1981,1981-12-06,14,0,0,ARI,NO,30,3,ARI,St. Louis Cardinals,New Orleans Saints
1981,1981-12-06,14,0,0,IND,DAL,13,37,IND,Baltimore Colts,Dallas Cowboys
1981,1981-12-06,14,0,0,CIN,SF,3,21,CIN,Cincinnati Bengals,San Francisco 49ers
1981,1981-12-06,14,0,0,CHI,MIN,10,9,CHI,Chicago Bears,Minnesota Vikings
1981,1981-12-07,14,0,0,OAK,PIT,30,27,OAK,Oakland Raiders,Pittsburgh Steelers
1981,1981-12-12,15,0,0,DET,MIN,45,7,DET,Detroit Lions,Minnesota Vikings
1981,1981-12-12,15,0,0,CLE,NYJ,13,14,CLE,Cleveland Browns,New York Jets
1981,1981-12-13,15,0,0,DEN,SEA,23,13,DEN,Denver Broncos,Seattle Seahawks
1981,1981-12-13,15,0,0,TB,LAC,23,24,TB,Tampa Bay Buccaneers,San Diego Chargers
1981,1981-12-13,15,0,0,WSH,IND,38,14,WSH,Washington Redskins,Baltimore Colts
1981,1981-12-13,15,0,0,SF,TEN,28,6,SF,San Francisco 49ers,Houston Oilers
1981,1981-12-13,15,0,0,OAK,CHI,6,23,OAK,Oakland Raiders,Chicago Bears
1981,1981-12-13,15,0,0,PIT,CIN,10,17,PIT,Pittsburgh Steelers,Cincinnati Bengals
1981,1981-12-13,15,0,0,NE,BUF,10,19,NE,New England Patriots,Buffalo Bills
1981,1981-12-13,15,0,0,NO,GB,7,35,NO,New Orleans Saints,Green Bay Packers
1981,1981-12-13,15,0,0,KC,MIA,7,17,KC,Kansas City Chiefs,Miami Dolphins
1981,1981-12-13,15,0,0,DAL,PHI,21,10,DAL,Dallas Cowboys,Philadelphia Eagles
1981,1981-12-13,15,0,0,ARI,NYG,10,20,ARI,St. Louis Cardinals,New York Giants
1981,1981-12-14,15,0,0,LAR,ATL,21,16,LAR,Los Angeles Rams,Atlanta Falcons
1981,1981-12-19,16,0,0,MIA,BUF,16,6,MIA,Miami Dolphins,Buffalo Bills
1981,1981-12-19,16,0,0,NYG,DAL,13,10,NYG,New York Giants,Dallas Cowboys
1981,1981-12-20,16,0,0,TEN,PIT,21,20,TEN,Houston Oilers,Pittsburgh Steelers
1981,1981-12-20,16,0,0,IND,NE,23,21,IND,Baltimore Colts,New England Patriots
1981,1981-12-20,16,0,0,NO,SF,17,21,NO,New Orleans Saints,San Francisco 49ers
1981,1981-12-20,16,0,0,LAR,WSH,7,30,LAR,Los Angeles Rams,Washington Redskins
1981,1981-12-20,16,0,0,MIN,KC,6,10,MIN,Minnesota Vikings,Kansas City Chiefs
1981,1981-12-20,16,0,0,SEA,CLE,42,21,SEA,Seattle Seahawks,Cleveland Browns
1981,1981-12-20,16,0,0,PHI,ARI,38,0,PHI,Philadelphia Eagles,St. Louis Cardinals
1981,1981-12-20,16,0,0,CHI,DEN,35,24,CHI,Chicago Bears,Denver Broncos
1981,1981-12-20,16,0,0,DET,TB,17,20,DET,Detroit Lions,Tampa Bay Buccaneers
1981,1981-12-20,16,0,0,NYJ,GB,28,3,NYJ,New York Jets,Green Bay Packers
1981,1981-12-20,16,0,0,ATL,CIN,28,30,ATL,Atlanta Falcons,Cincinnati Bengals
1981,1981-12-21,16,0,0,LAC,OAK,23,10,LAC,San Diego Chargers,Oakland Raiders
1981,1981-12-27,Wildcard,1,0,NYJ,BUF,27,31,NYJ,New York Jets,Buffalo Bills
1981,1981-12-27,Wildcard,1,0,PHI,NYG,21,27,PHI,Philadelphia Eagles,New York Giants
1981,1982-01-02,Division,1,0,MIA,LAC,38,41,MIA,Miami Dolphins,San Diego Chargers
1981,1982-01-02,Division,1,0,DAL,TB,38,0,DAL,Dallas Cowboys,Tampa Bay Buccaneers
1981,1982-01-03,Division,1,0,SF,NYG,38,24,SF,San Francisco 49ers,New York Giants
1981,1982-01-03,Division,1,0,CIN,BUF,28,21,CIN,Cincinnati Bengals,Buffalo Bills
1981,1982-01-10,Conference,1,0,SF,DAL,28,27,SF,San Francisco 49ers,Dallas Cowboys
1981,1982-01-10,Conference,1,0,CIN,LAC,27,7,CIN,Cincinnati Bengals,San Diego Chargers
1981,1982-01-24,Superbowl,1,1,SF,CIN,26,21,SF,San Francisco 49ers,Cincinnati Bengals
1982,1982-09-12,1,0,0,SF,OAK,17,23,SF,San Francisco 49ers,Los Angeles Raiders
1982,1982-09-12,1,0,0,CIN,TEN,27,6,CIN,Cincinnati Bengals,Houston Oilers
1982,1982-09-12,1,0,0,IND,NE,13,24,IND,Baltimore Colts,New England Patriots
1982,1982-09-12,1,0,0,DET,CHI,17,10,DET,Detroit Lions,Chicago Bears
1982,1982-09-12,1,0,0,MIN,TB,17,10,MIN,Minnesota Vikings,Tampa Bay Buccaneers
1982,1982-09-12,1,0,0,NO,ARI,7,21,NO,New Orleans Saints,St. Louis Cardinals
1982,1982-09-12,1,0,0,NYG,ATL,14,16,NYG,New York Giants,Atlanta Falcons
1982,1982-09-12,1,0,0,NYJ,MIA,28,45,NYJ,New York Jets,Miami Dolphins
1982,1982-09-12,1,0,0,SEA,CLE,7,21,SEA,Seattle Seahawks,Cleveland Browns
1982,1982-09-12,1,0,0,BUF,KC,14,9,BUF,Buffalo Bills,Kansas City Chiefs
1982,1982-09-12,1,0,0,PHI,WSH,34,37,PHI,Philadelphia Eagles,Washington Redskins
1982,1982-09-12,1,0,0,DEN,LAC,3,23,DEN,Denver Broncos,San Diego Chargers
1982,1982-09-12,1,0,0,GB,LAR,35,23,GB,Green Bay Packers,Los Angeles Rams
1982,1982-09-13,1,0,0,DAL,PIT,28,36,DAL,Dallas Cowboys,Pittsburgh Steelers
1982,1982-09-16,2,0,0,BUF,MIN,23,22,BUF,Buffalo Bills,Minnesota Vikings
1982,1982-09-19,2,0,0,ATL,OAK,14,38,ATL,Atlanta Falcons,Los Angeles Raiders
1982,1982-09-19,2,0,0,LAR,DET,14,19,LAR,Los Angeles Rams,Detroit Lions
1982,1982-09-19,2,0,0,CLE,PHI,21,24,CLE,Cleveland Browns,Philadelphia Eagles
1982,1982-09-19,2,0,0,DEN,SF,24,21,DEN,Denver Broncos,San Francisco 49ers
1982,1982-09-19,2,0,0,CHI,NO,0,10,CHI,Chicago Bears,New Orleans Saints
1982,1982-09-19,2,0,0,ARI,DAL,7,24,ARI,St. Louis Cardinals,Dallas Cowboys
1982,1982-09-19,2,0,0,TB,WSH,13,21,TB,Tampa Bay Buccaneers,Washington Redskins
1982,1982-09-19,2,0,0,PIT,CIN,26,20,PIT,Pittsburgh Steelers,Cincinnati Bengals
1982,1982-09-19,2,0,0,TEN,SEA,23,21,TEN,Houston Oilers,Seattle Seahawks
1982,1982-09-19,2,0,0,NE,NYJ,7,31,NE,New England Patriots,New York Jets
1982,1982-09-19,2,0,0,MIA,IND,24,20,MIA,Miami Dolphins,Baltimore Colts
1982,1982-09-19,2,0,0,KC,LAC,19,12,KC,Kansas City Chiefs,San Diego Chargers
1982,1982-09-20,2,0,0,NYG,GB,19,27,NYG,New York Giants,Green Bay Packers
1982,1982-11-21,11,0,0,CLE,NE,10,7,CLE,Cleveland Browns,New England Patriots
1982,1982-11-21,11,0,0,GB,MIN,26,7,GB,Green Bay Packers,Minnesota Vikings
1982,1982-11-21,11,0,0,ATL,LAR,34,17,ATL,Atlanta Falcons,Los Angeles Rams
1982,1982-11-21,11,0,0,PHI,CIN,14,18,PHI,Philadelphia Eagles,Cincinnati Bengals
1982,1982-11-21,11,0,0,TEN,PIT,10,24,TEN,Houston Oilers,Pittsburgh Steelers
1982,1982-11-21,11,0,0,NYJ,IND,37,0,NYJ,New York Jets,Baltimore Colts
1982,1982-11-21,11,0,0,NYG,WSH,17,27,NYG,New York Giants,Washington Redskins
1982,1982-11-21,11,0,0,NO,KC,27,17,NO,New Orleans Saints,Kansas City Chiefs
1982,1982-11-21,11,0,0,DEN,SEA,10,17,DEN,Denver Broncos,Seattle Seahawks
1982,1982-11-21,11,0,0,DAL,TB,14,9,DAL,Dallas Cowboys,Tampa Bay Buccaneers
1982,1982-11-21,11,0,0,ARI,SF,20,31,ARI,St. Louis Cardinals,San Francisco 49ers
1982,1982-11-21,11,0,0,CHI,DET,20,17,CHI,Chicago Bears,Detroit Lions
1982,1982-11-21,11,0,0,BUF,MIA,7,9,BUF,Buffalo Bills,Miami Dolphins
1982,1982-11-22,11,0,0,OAK,LAC,28,24,OAK,Los Angeles Raiders,San Diego Chargers
1982,1982-11-25,12,0,0,DET,NYG,6,13,DET,Detroit Lions,New York Giants
1982,1982-11-25,12,0,0,DAL,CLE,31,14,DAL,Dallas Cowboys,Cleveland Browns
1982,1982-11-28,12,0,0,SEA,PIT,16,0,SEA,Seattle Seahawks,Pittsburgh Steelers
1982,1982-11-28,12,0,0,WSH,PHI,13,9,WSH,Washington Redskins,Philadelphia Eagles
1982,1982-11-28,12,0,0,LAC,DEN,30,20,LAC,San Diego Chargers,Denver Broncos
1982,1982-11-28,12,0,0,NE,TEN,29,21,NE,New England Patriots,Houston Oilers
1982,1982-11-28,12,0,0,MIN,CHI,35,7,MIN,Minnesota Vikings,Chicago Bears
1982,1982-11-28,12,0,0,CIN,OAK,31,17,CIN,Cincinnati Bengals,Los Angeles Raiders
1982,1982-11-28,12,0,0,BUF,IND,20,0,BUF,Buffalo Bills,Baltimore Colts
1982,1982-11-28,12,0,0,ATL,ARI,20,23,ATL,Atlanta Falcons,St. Louis Cardinals
1982,1982-11-28,12,0,0,NYJ,GB,15,13,NYJ,New York Jets,Green Bay Packers
1982,1982-11-28,12,0,0,LAR,KC,20,14,LAR,Los Angeles Rams,Kansas City Chiefs
1982,1982-11-28,12,0,0,SF,NO,20,23,SF,San Francisco 49ers,New Orleans Saints
1982,1982-11-29,12,0,0,TB,MIA,23,17,TB,Tampa Bay Buccaneers,Miami Dolphins
1982,1982-12-02,13,0,0,LAR,SF,24,30,LAR,Los Angeles Rams,San Francisco 49ers
1982,1982-12-05,13,0,0,CLE,LAC,13,30,CLE,Cleveland Browns,San Diego Chargers
1982,1982-12-05,13,0,0,CHI,NE,26,13,CHI,Chicago Bears,New England Patriots
1982,1982-12-05,13,0,0,IND,CIN,17,20,IND,Baltimore Colts,Cincinnati Bengals
1982,1982-12-05,13,0,0,DEN,ATL,27,34,DEN,Denver Broncos,Atlanta Falcons
1982,1982-12-05,13,0,0,GB,BUF,33,21,GB,Green Bay Packers,Buffalo Bills
1982,1982-12-05,13,0,0,MIA,MIN,22,14,MIA,Miami Dolphins,Minnesota Vikings
1982,1982-12-05,13,0,0,NO,TB,10,13,NO,New Orleans Saints,Tampa Bay Buccaneers
1982,1982-12-05,13,0,0,NYG,TEN,17,14,NYG,New York Giants,Houston Oilers
1982,1982-12-05,13,0,0,OAK,SEA,28,23,OAK,Los Angeles Raiders,Seattle Seahawks
1982,1982-12-05,13,0,0,WSH,DAL,10,24,WSH,Washington Redskins,Dallas Cowboys
1982,1982-12-05,13,0,0,PIT,KC,35,14,PIT,Pittsburgh Steelers,Kansas City Chiefs
1982,1982-12-05,13,0,0,PHI,ARI,20,23,PHI,Philadelphia Eagles,St. Louis Cardinals
1982,1982-12-06,13,0,0,DET,NYJ,13,28,DET,Detroit Lions,New York Jets
1982,1982-12-11,14,0,0,SF,LAC,37,41,SF,San Francisco 49ers,San Diego Chargers
1982,1982-12-11,14,0,0,NYG,PHI,23,7,NYG,New York Giants,Philadelphia Eagles
1982,1982-12-12,14,0,0,NE,MIA,3,0,NE,New England Patriots,Miami Dolphins
1982,1982-12-12,14,0,0,NYJ,TB,32,17,NYJ,New York Jets,Tampa Bay Buccaneers
1982,1982-12-12,14,0,0,LAR,DEN,24,27,LAR,Los Angeles Rams,Denver Broncos
1982,1982-12-12,14,0,0,KC,OAK,16,21,KC,Kansas City Chiefs,Los Angeles Raiders
1982,1982-12-12,14,0,0,GB,DET,10,30,GB,Green Bay Packers,Detroit Lions
1982,1982-12-12,14,0,0,SEA,CHI,20,14,SEA,Seattle Seahawks,Chicago Bears
1982,1982-12-12,14,0,0,ARI,WSH,7,12,ARI,St. Louis Cardinals,Washington Redskins
1982,1982-12-12,14,0,0,CIN,CLE,23,10,CIN,Cincinnati Bengals,Cleveland Browns
1982,1982-12-12,14,0,0,BUF,PIT,13,0,BUF,Buffalo Bills,Pittsburgh Steelers
1982,1982-12-12,14,0,0,ATL,NO,35,0,ATL,Atlanta Falcons,New Orleans Saints
1982,1982-12-12,14,0,0,MIN,IND,13,10,MIN,Minnesota Vikings,Baltimore Colts
1982,1982-12-13,14,0,0,TEN,DAL,7,37,TEN,Houston Oilers,Dallas Cowboys
1982,1982-12-18,15,0,0,OAK,LAR,37,31,OAK,Los Angeles Raiders,Los Angeles Rams
1982,1982-12-18,15,0,0,MIA,NYJ,20,19,MIA,Miami Dolphins,New York Jets
1982,1982-12-19,15,0,0,DET,MIN,31,34,DET,Detroit Lions,Minnesota Vikings
1982,1982-12-19,15,0,0,SF,ATL,7,17,SF,San Francisco 49ers,Atlanta Falcons
1982,1982-12-19,15,0,0,SEA,NE,0,16,SEA,Seattle Seahawks,New England Patriots
1982,1982-12-19,15,0,0,PHI,TEN,35,14,PHI,Philadelphia Eagles,Houston Oilers
1982,1982-12-19,15,0,0,DAL,NO,21,7,DAL,Dallas Cowboys,New Orleans Saints
1982,1982-12-19,15,0,0,IND,GB,20,20,IND,Baltimore Colts,Green Bay Packers
1982,1982-12-19,15,0,0,CLE,PIT,10,9,CLE,Cleveland Browns,Pittsburgh Steelers
1982,1982-12-19,15,0,0,CHI,ARI,7,10,CHI,Chicago Bears,St. Louis Cardinals
1982,1982-12-19,15,0,0,DEN,KC,16,37,DEN,Denver Broncos,Kansas City Chiefs
1982,1982-12-19,15,0,0,WSH,NYG,15,14,WSH,Washington Redskins,New York Giants
1982,1982-12-19,15,0,0,TB,BUF,24,23,TB,Tampa Bay Buccaneers,Buffalo Bills
1982,1982-12-20,15,0,0,LAC,CIN,50,34,LAC,San Diego Chargers,Cincinnati Bengals
1982,1982-12-26,16,0,0,ARI,NYG,24,21,ARI,St. Louis Cardinals,New York Giants
1982,1982-12-26,16,0,0,CIN,SEA,24,10,CIN,Cincinnati Bengals,Seattle Seahawks
1982,1982-12-26,16,0,0,ATL,GB,7,38,ATL,Atlanta Falcons,Green Bay Packers
1982,1982-12-26,16,0,0,LAC,IND,44,26,LAC,San Diego Chargers,Baltimore Colts
1982,1982-12-26,16,0,0,TEN,CLE,14,20,TEN,Houston Oilers,Cleveland Browns
1982,1982-12-26,16,0,0,PIT,NE,37,14,PIT,Pittsburgh Steelers,New England Patriots
1982,1982-12-26,16,0,0,OAK,DEN,27,10,OAK,Los Angeles Raiders,Denver Broncos
1982,1982-12-26,16,0,0,TB,DET,23,21,TB,Tampa Bay Buccaneers,Detroit Lions
1982,1982-12-26,16,0,0,KC,SF,13,26,KC,Kansas City Chiefs,San Francisco 49ers
1982,1982-12-26,16,0,0,DAL,PHI,20,24,DAL,Dallas Cowboys,Philadelphia Eagles
1982,1982-12-26,16,0,0,LAR,CHI,26,34,LAR,Los Angeles Rams,Chicago Bears
1982,1982-12-26,16,0,0,NO,WSH,10,27,NO,New Orleans Saints,Washington Redskins
1982,1982-12-26,16,0,0,MIN,NYJ,14,42,MIN,Minnesota Vikings,New York Jets
1982,1982-12-27,16,0,0,MIA,BUF,27,10,MIA,Miami Dolphins,Buffalo Bills
1982,1983-01-02,17,0,0,IND,MIA,7,34,IND,Baltimore Colts,Miami Dolphins
1982,1983-01-02,17,0,0,SEA,DEN,13,11,SEA,Seattle Seahawks,Denver Broncos
1982,1983-01-02,17,0,0,SF,LAR,20,21,SF,San Francisco 49ers,Los Angeles Rams
1982,1983-01-02,17,0,0,WSH,ARI,28,0,WSH,Washington Redskins,St. Louis Cardinals
1982,1983-01-02,17,0,0,TB,CHI,26,23,TB,Tampa Bay Buccaneers,Chicago Bears
1982,1983-01-02,17,0,0,PIT,CLE,37,21,PIT,Pittsburgh Steelers,Cleveland Browns
1982,1983-01-02,17,0,0,PHI,NYG,24,26,PHI,Philadelphia Eagles,New York Giants
1982,1983-01-02,17,0,0,TEN,CIN,27,35,TEN,Houston Oilers,Cincinnati Bengals
1982,1983-01-02,17,0,0,NE,BUF,30,19,NE,New England Patriots,Buffalo Bills
1982,1983-01-02,17,0,0,NO,ATL,35,6,NO,New Orleans Saints,Atlanta Falcons
1982,1983-01-02,17,0,0,KC,NYJ,37,13,KC,Kansas City Chiefs,New York Jets
1982,1983-01-02,17,0,0,DET,GB,27,24,DET,Detroit Lions,Green Bay Packers
1982,1983-01-02,17,0,0,LAC,OAK,34,41,LAC,San Diego Chargers,Los Angeles Raiders
1982,1983-01-03,17,0,0,MIN,DAL,31,27,MIN,Minnesota Vikings,Dallas Cowboys
1982,1983-01-08,Wildcard,1,0,WSH,DET,31,7,WSH,Washington Redskins,Detroit Lions
1982,1983-01-08,Wildcard,1,0,GB,ARI,41,16,GB,Green Bay Packers,St. Louis Cardinals
1982,1983-01-08,Wildcard,1,0,MIA,NE,28,13,MIA,Miami Dolphins,New England Patriots
1982,1983-01-08,Wildcard,1,0,OAK,CLE,27,10,OAK,Los Angeles Raiders,Cleveland Browns
1982,1983-01-09,Wildcard,1,0,PIT,LAC,28,31,PIT,Pittsburgh Steelers,San Diego Chargers
1982,1983-01-09,Wildcard,1,0,DAL,TB,30,17,DAL,Dallas Cowboys,Tampa Bay Buccaneers
1982,1983-01-09,Wildcard,1,0,MIN,ATL,30,24,MIN,Minnesota Vikings,Atlanta Falcons
1982,1983-01-09,Wildcard,1,0,CIN,NYJ,17,44,CIN,Cincinnati Bengals,New York Jets
1982,1983-01-15,Division,1,0,WSH,MIN,21,7,WSH,Washington Redskins,Minnesota Vikings
1982,1983-01-15,Division,1,0,OAK,NYJ,14,17,OAK,Los Angeles Raiders,New York Jets
1982,1983-01-16,Division,1,0,DAL,GB,37,26,DAL,Dallas Cowboys,Green Bay Packers
1982,1983-01-16,Division,1,0,MIA,LAC,34,13,MIA,Miami Dolphins,San Diego Chargers
1982,1983-01-22,Conference,1,0,WSH,DAL,31,17,WSH,Washington Redskins,Dallas Cowboys
1982,1983-01-23,Conference,1,0,MIA,NYJ,14,0,MIA,Miami Dolphins,New York Jets
1982,1983-01-30,Superbowl,1,1,WSH,MIA,27,17,MIA,Miami Dolphins,Washington Redskins
1983,1983-09-03,1,0,0,SF,PHI,17,22,SF,San Francisco 49ers,Philadelphia Eagles
1983,1983-09-04,1,0,0,NO,ARI,28,17,NO,New Orleans Saints,St. Louis Cardinals
1983,1983-09-04,1,0,0,NE,IND,23,29,NE,New England Patriots,Baltimore Colts
1983,1983-09-04,1,0,0,TEN,GB,38,41,TEN,Houston Oilers,Green Bay Packers
1983,1983-09-04,1,0,0,PIT,DEN,10,14,PIT,Pittsburgh Steelers,Denver Broncos
1983,1983-09-04,1,0,0,LAC,NYJ,29,41,LAC,San Diego Chargers,New York Jets
1983,1983-09-04,1,0,0,KC,SEA,17,13,KC,Kansas City Chiefs,Seattle Seahawks
1983,1983-09-04,1,0,0,BUF,MIA,0,12,BUF,Buffalo Bills,Miami Dolphins
1983,1983-09-04,1,0,0,CHI,ATL,17,20,CHI,Chicago Bears,Atlanta Falcons
1983,1983-09-04,1,0,0,NYG,LAR,6,16,NYG,New York Giants,Los Angeles Rams
1983,1983-09-04,1,0,0,TB,DET,0,11,TB,Tampa Bay Buccaneers,Detroit Lions
1983,1983-09-04,1,0,0,CLE,MIN,21,27,CLE,Cleveland Browns,Minnesota Vikings
1983,1983-09-04,1,0,0,CIN,OAK,10,20,CIN,Cincinnati Bengals,Los Angeles Raiders
1983,1983-09-05,1,0,0,WSH,DAL,30,31,WSH,Washington Redskins,Dallas Cowboys
1983,1983-09-08,2,0,0,MIN,SF,17,48,MIN,Minnesota Vikings,San Francisco 49ers
1983,1983-09-11,2,0,0,LAR,NO,30,27,LAR,Los Angeles Rams,New Orleans Saints
1983,1983-09-11,2,0,0,GB,PIT,21,25,GB,Green Bay Packers,Pittsburgh Steelers
1983,1983-09-11,2,0,0,MIA,NE,34,24,MIA,Miami Dolphins,New England Patriots
1983,1983-09-11,2,0,0,NYJ,SEA,10,17,NYJ,New York Jets,Seattle Seahawks
1983,1983-09-11,2,0,0,IND,DEN,10,17,IND,Baltimore Colts,Denver Broncos
1983,1983-09-11,2,0,0,CHI,TB,17,10,CHI,Chicago Bears,Tampa Bay Buccaneers
1983,1983-09-11,2,0,0,ATL,NYG,13,16,ATL,Atlanta Falcons,New York Giants
1983,1983-09-11,2,0,0,DET,CLE,26,31,DET,Detroit Lions,Cleveland Browns
1983,1983-09-11,2,0,0,ARI,DAL,17,34,ARI,St. Louis Cardinals,Dallas Cowboys
1983,1983-09-11,2,0,0,CIN,BUF,6,10,CIN,Cincinnati Bengals,Buffalo Bills
1983,1983-09-11,2,0,0,PHI,WSH,13,23,PHI,Philadelphia Eagles,Washington Redskins
1983,1983-09-11,2,0,0,OAK,TEN,20,6,OAK,Los Angeles Raiders,Houston Oilers
1983,1983-09-12,2,0,0,KC,LAC,14,17,KC,Kansas City Chiefs,San Diego Chargers
1983,1983-09-15,3,0,0,CLE,CIN,17,7,CLE,Cleveland Browns,Cincinnati Bengals
1983,1983-09-18,3,0,0,WSH,KC,27,12,WSH,Washington Redskins,Kansas City Chiefs
1983,1983-09-18,3,0,0,SEA,LAC,34,31,SEA,Seattle Seahawks,San Diego Chargers
1983,1983-09-18,3,0,0,GB,LAR,27,24,GB,Green Bay Packers,Los Angeles Rams
1983,1983-09-18,3,0,0,BUF,IND,28,23,BUF,Buffalo Bills,Baltimore Colts
1983,1983-09-18,3,0,0,DET,ATL,14,30,DET,Detroit Lions,Atlanta Falcons
1983,1983-09-18,3,0,0,ARI,SF,27,42,ARI,St. Louis Cardinals,San Francisco 49ers
1983,1983-09-18,3,0,0,DAL,NYG,28,13,DAL,Dallas Cowboys,New York Giants
1983,1983-09-18,3,0,0,DEN,PHI,10,13,DEN,Denver Broncos,Philadelphia Eagles
1983,1983-09-18,3,0,0,NE,NYJ,23,13,NE,New England Patriots,New York Jets
1983,1983-09-18,3,0,0,TB,MIN,16,19,TB,Tampa Bay Buccaneers,Minnesota Vikings
1983,1983-09-18,3,0,0,NO,CHI,34,31,NO,New Orleans Saints,Chicago Bears
1983,1983-09-18,3,0,0,TEN,PIT,28,40,TEN,Houston Oilers,Pittsburgh Steelers
1983,1983-09-19,3,0,0,OAK,MIA,27,14,OAK,Los Angeles Raiders,Miami Dolphins
1983,1983-09-25,4,0,0,SEA,WSH,17,27,SEA,Seattle Seahawks,Washington Redskins
1983,1983-09-25,4,0,0,BUF,TEN,30,13,BUF,Buffalo Bills,Houston Oilers
1983,1983-09-25,4,0,0,IND,CHI,22,19,IND,Baltimore Colts,Chicago Bears
1983,1983-09-25,4,0,0,DAL,NO,21,20,DAL,Dallas Cowboys,New Orleans Saints
1983,1983-09-25,4,0,0,DEN,OAK,7,22,DEN,Denver Broncos,Los Angeles Raiders
1983,1983-09-25,4,0,0,MIA,KC,14,6,MIA,Miami Dolphins,Kansas City Chiefs
1983,1983-09-25,4,0,0,MIN,DET,20,17,MIN,Minnesota Vikings,Detroit Lions
1983,1983-09-25,4,0,0,PHI,ARI,11,14,PHI,Philadelphia Eagles,St. Louis Cardinals
1983,1983-09-25,4,0,0,PIT,NE,23,28,PIT,Pittsburgh Steelers,New England Patriots
1983,1983-09-25,4,0,0,SF,ATL,24,20,SF,San Francisco 49ers,Atlanta Falcons
1983,1983-09-25,4,0,0,TB,CIN,17,23,TB,Tampa Bay Buccaneers,Cincinnati Bengals
1983,1983-09-25,4,0,0,NYJ,LAR,27,24,NYJ,New York Jets,Los Angeles Rams
1983,1983-09-25,4,0,0,LAC,CLE,24,30,LAC,San Diego Chargers,Cleveland Browns
1983,1983-09-26,4,0,0,NYG,GB,27,3,NYG,New York Giants,Green Bay Packers
1983,1983-10-02,5,0,0,GB,TB,55,14,GB,Green Bay Packers,Tampa Bay Buccaneers
1983,1983-10-02,5,0,0,WSH,OAK,37,35,WSH,Washington Redskins,Los Angeles Raiders
1983,1983-10-02,5,0,0,LAR,DET,21,10,LAR,Los Angeles Rams,Detroit Lions
1983,1983-10-02,5,0,0,PIT,TEN,17,10,PIT,Pittsburgh Steelers,Houston Oilers
1983,1983-10-02,5,0,0,NE,SF,13,33,NE,New England Patriots,San Francisco 49ers
1983,1983-10-02,5,0,0,NO,MIA,17,7,NO,New Orleans Saints,Miami Dolphins
1983,1983-10-02,5,0,0,KC,ARI,38,14,KC,Kansas City Chiefs,St. Louis Cardinals
1983,1983-10-02,5,0,0,CLE,SEA,9,24,CLE,Cleveland Browns,Seattle Seahawks
1983,1983-10-02,5,0,0,CIN,IND,31,34,CIN,Cincinnati Bengals,Baltimore Colts
1983,1983-10-02,5,0,0,CHI,DEN,31,14,CHI,Chicago Bears,Denver Broncos
1983,1983-10-02,5,0,0,ATL,PHI,24,28,ATL,Atlanta Falcons,Philadelphia Eagles
1983,1983-10-02,5,0,0,MIN,DAL,24,37,MIN,Minnesota Vikings,Dallas Cowboys
1983,1983-10-02,5,0,0,NYG,LAC,34,41,NYG,New York Giants,San Diego Chargers
1983,1983-10-03,5,0,0,BUF,NYJ,10,34,BUF,Buffalo Bills,New York Jets
1983,1983-10-09,6,0,0,IND,NE,12,7,IND,Baltimore Colts,New England Patriots
1983,1983-10-09,6,0,0,ARI,WSH,14,38,ARI,St. Louis Cardinals,Washington Redskins
1983,1983-10-09,6,0,0,DAL,TB,27,24,DAL,Dallas Cowboys,Tampa Bay Buccaneers
1983,1983-10-09,6,0,0,SF,LAR,7,10,SF,San Francisco 49ers,Los Angeles Rams
1983,1983-10-09,6,0,0,DET,GB,38,14,DET,Detroit Lions,Green Bay Packers
1983,1983-10-09,6,0,0,MIA,BUF,35,38,MIA,Miami Dolphins,Buffalo Bills
1983,1983-10-09,6,0,0,LAC,SEA,28,21,LAC,San Diego Chargers,Seattle Seahawks
1983,1983-10-09,6,0,0,CLE,NYJ,10,7,CLE,Cleveland Browns,New York Jets
1983,1983-10-09,6,0,0,NYG,PHI,13,17,NYG,New York Giants,Philadelphia Eagles
1983,1983-10-09,6,0,0,TEN,DEN,14,26,TEN,Houston Oilers,Denver Broncos
1983,1983-10-09,6,0,0,OAK,KC,21,20,OAK,Los Angeles Raiders,Kansas City Chiefs
1983,1983-10-09,6,0,0,ATL,NO,17,19,ATL,Atlanta Falcons,New Orleans Saints
1983,1983-10-09,6,0,0,CHI,MIN,14,23,CHI,Chicago Bears,Minnesota Vikings
1983,1983-10-10,6,0,0,CIN,PIT,14,24,CIN,Cincinnati Bengals,Pittsburgh Steelers
1983,1983-10-16,7,0,0,DET,CHI,31,17,DET,Detroit Lions,Chicago Bears
1983,1983-10-16,7,0,0,TB,ARI,27,34,TB,Tampa Bay Buccaneers,St. Louis Cardinals
1983,1983-10-16,7,0,0,SEA,OAK,38,36,SEA,Seattle Seahawks,Los Angeles Raiders
1983,1983-10-16,7,0,0,PIT,CLE,44,17,PIT,Pittsburgh Steelers,Cleveland Browns
1983,1983-10-16,7,0,0,NYJ,MIA,14,32,NYJ,New York Jets,Miami Dolphins
1983,1983-10-16,7,0,0,NO,SF,13,32,NO,New Orleans Saints,San Francisco 49ers
1983,1983-10-16,7,0,0,KC,NYG,38,17,KC,Kansas City Chiefs,New York Giants
1983,1983-10-16,7,0,0,DEN,CIN,24,17,DEN,Denver Broncos,Cincinnati Bengals
1983,1983-10-16,7,0,0,DAL,PHI,37,7,DAL,Dallas Cowboys,Philadelphia Eagles
1983,1983-10-16,7,0,0,IND,BUF,7,30,IND,Baltimore Colts,Buffalo Bills
1983,1983-10-16,7,0,0,NE,LAC,37,21,NE,New England Patriots,San Diego Chargers
1983,1983-10-16,7,0,0,LAR,ATL,27,21,LAR,Los Angeles Rams,Atlanta Falcons
1983,1983-10-16,7,0,0,MIN,TEN,34,14,MIN,Minnesota Vikings,Houston Oilers
1983,1983-10-17,7,0,0,GB,WSH,48,47,GB,Green Bay Packers,Washington Redskins
1983,1983-10-23,8,0,0,TB,NO,21,24,TB,Tampa Bay Buccaneers,New Orleans Saints
1983,1983-10-23,8,0,0,WSH,DET,38,17,WSH,Washington Redskins,Detroit Lions
1983,1983-10-23,8,0,0,SEA,PIT,21,27,SEA,Seattle Seahawks,Pittsburgh Steelers
1983,1983-10-23,8,0,0,DEN,LAC,14,6,DEN,Denver Broncos,San Diego Chargers
1983,1983-10-23,8,0,0,BUF,NE,0,31,BUF,Buffalo Bills,New England Patriots
1983,1983-10-23,8,0,0,CIN,CLE,28,21,CIN,Cincinnati Bengals,Cleveland Browns
1983,1983-10-23,8,0,0,IND,MIA,7,21,IND,Baltimore Colts,Miami Dolphins
1983,1983-10-23,8,0,0,DAL,OAK,38,40,DAL,Dallas Cowboys,Los Angeles Raiders
1983,1983-10-23,8,0,0,GB,MIN,17,20,GB,Green Bay Packers,Minnesota Vikings
1983,1983-10-23,8,0,0,LAR,SF,35,45,LAR,Los Angeles Rams,San Francisco 49ers
1983,1983-10-23,8,0,0,NYJ,ATL,21,27,NYJ,New York Jets,Atlanta Falcons
1983,1983-10-23,8,0,0,PHI,CHI,6,7,PHI,Philadelphia Eagles,Chicago Bears
1983,1983-10-23,8,0,0,TEN,KC,10,13,TEN,Houston Oilers,Kansas City Chiefs
1983,1983-10-24,8,0,0,ARI,NYG,20,20,ARI,St. Louis Cardinals,New York Giants
1983,1983-10-30,9,0,0,DEN,KC,27,24,DEN,Denver Broncos,Kansas City Chiefs
1983,1983-10-30,9,0,0,BUF,NO,27,21,BUF,Buffalo Bills,New Orleans Saints
1983,1983-10-30,9,0,0,ARI,MIN,41,31,ARI,St. Louis Cardinals,Minnesota Vikings
1983,1983-10-30,9,0,0,ATL,NE,24,13,ATL,Atlanta Falcons,New England Patriots
1983,1983-10-30,9,0,0,NYG,DAL,20,38,NYG,New York Giants,Dallas Cowboys
1983,1983-10-30,9,0,0,PHI,IND,21,22,PHI,Philadelphia Eagles,Baltimore Colts
1983,1983-10-30,9,0,0,CLE,TEN,25,19,CLE,Cleveland Browns,Houston Oilers
1983,1983-10-30,9,0,0,CIN,GB,34,14,CIN,Cincinnati Bengals,Green Bay Packers
1983,1983-10-30,9,0,0,CHI,DET,17,38,CHI,Chicago Bears,Detroit Lions
1983,1983-10-30,9,0,0,OAK,SEA,21,34,OAK,Los Angeles Raiders,Seattle Seahawks
1983,1983-10-30,9,0,0,MIA,LAR,30,14,MIA,Miami Dolphins,Los Angeles Rams
1983,1983-10-30,9,0,0,PIT,TB,17,12,PIT,Pittsburgh Steelers,Tampa Bay Buccaneers
1983,1983-10-30,9,0,0,SF,NYJ,13,27,SF,San Francisco 49ers,New York Jets
1983,1983-10-31,9,0,0,LAC,WSH,24,27,LAC,San Diego Chargers,Washington Redskins
1983,1983-11-06,10,0,0,SEA,DEN,27,19,SEA,Seattle Seahawks,Denver Broncos
1983,1983-11-06,10,0,0,LAR,CHI,21,14,LAR,Los Angeles Rams,Chicago Bears
1983,1983-11-06,10,0,0,PIT,LAC,26,3,PIT,Pittsburgh Steelers,San Diego Chargers
1983,1983-11-06,10,0,0,SF,MIA,17,20,SF,San Francisco 49ers,Miami Dolphins
1983,1983-11-06,10,0,0,WSH,ARI,45,7,WSH,Washington Redskins,St. Louis Cardinals
1983,1983-11-06,10,0,0,NYJ,IND,14,17,NYJ,New York Jets,Baltimore Colts
1983,1983-11-06,10,0,0,TEN,CIN,14,55,TEN,Houston Oilers,Cincinnati Bengals
1983,1983-11-06,10,0,0,MIN,TB,12,17,MIN,Minnesota Vikings,Tampa Bay Buccaneers
1983,1983-11-06,10,0,0,GB,CLE,35,21,GB,Green Bay Packers,Cleveland Browns
1983,1983-11-06,10,0,0,NO,ATL,27,10,NO,New Orleans Saints,Atlanta Falcons
1983,1983-11-06,10,0,0,PHI,DAL,20,27,PHI,Philadelphia Eagles,Dallas Cowboys
1983,1983-11-06,10,0,0,KC,OAK,20,28,KC,Kansas City Chiefs,Los Angeles Raiders
1983,1983-11-06,10,0,0,NE,BUF,21,7,NE,New England Patriots,Buffalo Bills
1983,1983-11-07,10,0,0,DET,NYG,15,9,DET,Detroit Lions,New York Giants
1983,1983-11-13,11,0,0,MIN,GB,21,29,MIN,Minnesota Vikings,Green Bay Packers
1983,1983-11-13,11,0,0,ARI,SEA,33,28,ARI,St. Louis Cardinals,Seattle Seahawks
1983,1983-11-13,11,0,0,CHI,PHI,17,14,CHI,Chicago Bears,Philadelphia Eagles
1983,1983-11-13,11,0,0,LAC,DAL,24,23,LAC,San Diego Chargers,Dallas Cowboys
1983,1983-11-13,11,0,0,KC,CIN,20,15,KC,Kansas City Chiefs,Cincinnati Bengals
1983,1983-11-13,11,0,0,NE,MIA,17,6,NE,New England Patriots,Miami Dolphins
1983,1983-11-13,11,0,0,NYG,WSH,17,33,NYG,New York Giants,Washington Redskins
1983,1983-11-13,11,0,0,NYJ,BUF,17,24,NYJ,New York Jets,Buffalo Bills
1983,1983-11-13,11,0,0,SF,NO,27,0,SF,San Francisco 49ers,New Orleans Saints
1983,1983-11-13,11,0,0,OAK,DEN,22,20,OAK,Los Angeles Raiders,Denver Broncos
1983,1983-11-13,11,0,0,TEN,DET,27,17,TEN,Houston Oilers,Detroit Lions
1983,1983-11-13,11,0,0,IND,PIT,13,24,IND,Baltimore Colts,Pittsburgh Steelers
1983,1983-11-13,11,0,0,CLE,TB,20,0,CLE,Cleveland Browns,Tampa Bay Buccaneers
1983,1983-11-14,11,0,0,ATL,LAR,13,36,ATL,Atlanta Falcons,Los Angeles Rams
1983,1983-11-20,12,0,0,TB,CHI,0,27,TB,Tampa Bay Buccaneers,Chicago Bears
1983,1983-11-20,12,0,0,ARI,LAC,44,14,ARI,St. Louis Cardinals,San Diego Chargers
1983,1983-11-20,12,0,0,ATL,SF,28,24,ATL,Atlanta Falcons,San Francisco 49ers
1983,1983-11-20,12,0,0,MIA,IND,37,0,MIA,Miami Dolphins,Baltimore Colts
1983,1983-11-20,12,0,0,BUF,OAK,24,27,BUF,Buffalo Bills,Los Angeles Raiders
1983,1983-11-20,12,0,0,CIN,TEN,38,10,CIN,Cincinnati Bengals,Houston Oilers
1983,1983-11-20,12,0,0,DAL,KC,41,21,DAL,Dallas Cowboys,Kansas City Chiefs
1983,1983-11-20,12,0,0,DEN,SEA,38,27,DEN,Denver Broncos,Seattle Seahawks
1983,1983-11-20,12,0,0,GB,DET,20,23,GB,Green Bay Packers,Detroit Lions
1983,1983-11-20,12,0,0,NE,CLE,0,30,NE,New England Patriots,Cleveland Browns
1983,1983-11-20,12,0,0,PHI,NYG,0,23,PHI,Philadelphia Eagles,New York Giants
1983,1983-11-20,12,0,0,PIT,MIN,14,17,PIT,Pittsburgh Steelers,Minnesota Vikings
1983,1983-11-20,12,0,0,LAR,WSH,20,42,LAR,Los Angeles Rams,Washington Redskins
1983,1983-11-21,12,0,0,NO,NYJ,28,31,NO,New Orleans Saints,New York Jets
1983,1983-11-24,13,0,0,DET,PIT,45,3,DET,Detroit Lions,Pittsburgh Steelers
1983,1983-11-24,13,0,0,DAL,ARI,35,17,DAL,Dallas Cowboys,St. Louis Cardinals
1983,1983-11-27,13,0,0,ATL,GB,47,41,ATL,Atlanta Falcons,Green Bay Packers
1983,1983-11-27,13,0,0,NO,MIN,17,16,NO,New Orleans Saints,Minnesota Vikings
1983,1983-11-27,13,0,0,CHI,SF,13,3,CHI,Chicago Bears,San Francisco 49ers
1983,1983-11-27,13,0,0,CLE,IND,41,23,CLE,Cleveland Browns,Baltimore Colts
1983,1983-11-27,13,0,0,LAR,BUF,41,17,LAR,Los Angeles Rams,Buffalo Bills
1983,1983-11-27,13,0,0,LAC,DEN,31,7,LAC,San Diego Chargers,Denver Broncos
1983,1983-11-27,13,0,0,NYJ,NE,26,3,NYJ,New York Jets,New England Patriots
1983,1983-11-27,13,0,0,WSH,PHI,28,24,WSH,Washington Redskins,Philadelphia Eagles
1983,1983-11-27,13,0,0,TB,TEN,33,24,TB,Tampa Bay Buccaneers,Houston Oilers
1983,1983-11-27,13,0,0,SEA,KC,51,48,SEA,Seattle Seahawks,Kansas City Chiefs
1983,1983-11-27,13,0,0,OAK,NYG,27,12,OAK,Los Angeles Raiders,New York Giants
1983,1983-11-28,13,0,0,MIA,CIN,38,14,MIA,Miami Dolphins,Cincinnati Bengals
1983,1983-12-01,14,0,0,LAC,OAK,10,42,LAC,San Diego Chargers,Los Angeles Raiders
1983,1983-12-04,14,0,0,IND,NYJ,6,10,IND,Baltimore Colts,New York Jets
1983,1983-12-04,14,0,0,DEN,CLE,27,6,DEN,Denver Broncos,Cleveland Browns
1983,1983-12-04,14,0,0,WSH,ATL,37,21,WSH,Washington Redskins,Atlanta Falcons
1983,1983-12-04,14,0,0,SF,TB,35,21,SF,San Francisco 49ers,Tampa Bay Buccaneers
1983,1983-12-04,14,0,0,SEA,DAL,10,35,SEA,Seattle Seahawks,Dallas Cowboys
1983,1983-12-04,14,0,0,PIT,CIN,10,23,PIT,Pittsburgh Steelers,Cincinnati Bengals
1983,1983-12-04,14,0,0,TEN,MIA,17,24,TEN,Houston Oilers,Miami Dolphins
1983,1983-12-04,14,0,0,NYG,ARI,6,10,NYG,New York Giants,St. Louis Cardinals
1983,1983-12-04,14,0,0,NE,NO,7,0,NE,New England Patriots,New Orleans Saints
1983,1983-12-04,14,0,0,KC,BUF,9,14,KC,Kansas City Chiefs,Buffalo Bills
1983,1983-12-04,14,0,0,GB,CHI,31,28,GB,Green Bay Packers,Chicago Bears
1983,1983-12-04,14,0,0,PHI,LAR,13,9,PHI,Philadelphia Eagles,Los Angeles Rams
1983,1983-12-05,14,0,0,DET,MIN,13,2,DET,Detroit Lions,Minnesota Vikings
1983,1983-12-10,15,0,0,NYJ,PIT,7,34,NYJ,New York Jets,Pittsburgh Steelers
1983,1983-12-10,15,0,0,MIA,ATL,31,24,MIA,Miami Dolphins,Atlanta Falcons
1983,1983-12-11,15,0,0,TEN,CLE,34,27,TEN,Houston Oilers,Cleveland Browns
1983,1983-12-11,15,0,0,NYG,SEA,12,17,NYG,New York Giants,Seattle Seahawks
1983,1983-12-11,15,0,0,DEN,IND,21,19,DEN,Denver Broncos,Baltimore Colts
1983,1983-12-11,15,0,0,DAL,WSH,10,31,DAL,Dallas Cowboys,Washington Redskins
1983,1983-12-11,15,0,0,LAR,NE,7,21,LAR,Los Angeles Rams,New England Patriots
1983,1983-12-11,15,0,0,OAK,ARI,24,34,OAK,Los Angeles Raiders,St. Louis Cardinals
1983,1983-12-11,15,0,0,PHI,NO,17,20,PHI,Philadelphia Eagles,New Orleans Saints
1983,1983-12-11,15,0,0,BUF,SF,10,23,BUF,Buffalo Bills,San Francisco 49ers
1983,1983-12-11,15,0,0,LAC,KC,41,38,LAC,San Diego Chargers,Kansas City Chiefs
1983,1983-12-11,15,0,0,MIN,CHI,13,19,MIN,Minnesota Vikings,Chicago Bears
1983,1983-12-11,15,0,0,CIN,DET,17,9,CIN,Cincinnati Bengals,Detroit Lions
1983,1983-12-12,15,0,0,TB,GB,9,12,TB,Tampa Bay Buccaneers,Green Bay Packers
1983,1983-12-16,16,0,0,MIA,NYJ,34,14,MIA,Miami Dolphins,New York Jets
1983,1983-12-17,16,0,0,WSH,NYG,31,22,WSH,Washington Redskins,New York Giants
1983,1983-12-17,16,0,0,MIN,CIN,20,14,MIN,Minnesota Vikings,Cincinnati Bengals
1983,1983-12-18,16,0,0,SEA,NE,24,6,SEA,Seattle Seahawks,New England Patriots
1983,1983-12-18,16,0,0,KC,DEN,48,17,KC,Kansas City Chiefs,Denver Broncos
1983,1983-12-18,16,0,0,DET,TB,23,20,DET,Detroit Lions,Tampa Bay Buccaneers
1983,1983-12-18,16,0,0,IND,TEN,20,10,IND,Baltimore Colts,Houston Oilers
1983,1983-12-18,16,0,0,CLE,PIT,30,17,CLE,Cleveland Browns,Pittsburgh Steelers
1983,1983-12-18,16,0,0,CHI,GB,23,21,CHI,Chicago Bears,Green Bay Packers
1983,1983-12-18,16,0,0,ARI,PHI,31,7,ARI,St. Louis Cardinals,Philadelphia Eagles
1983,1983-12-18,16,0,0,ATL,BUF,31,14,ATL,Atlanta Falcons,Buffalo Bills
1983,1983-12-18,16,0,0,OAK,LAC,30,14,OAK,Los Angeles Raiders,San Diego Chargers
1983,1983-12-18,16,0,0,NO,LAR,24,26,NO,New Orleans Saints,Los Angeles Rams
1983,1983-12-19,16,0,0,SF,DAL,42,17,SF,San Francisco 49ers,Dallas Cowboys
1983,1983-12-24,Wildcard,1,0,SEA,DEN,31,7,SEA,Seattle Seahawks,Denver Broncos
1983,1983-12-26,Wildcard,1,0,DAL,LAR,17,24,DAL,Dallas Cowboys,Los Angeles Rams
1983,1983-12-31,Division,1,0,MIA,SEA,20,27,MIA,Miami Dolphins,Seattle Seahawks
1983,1983-12-31,Division,1,0,SF,DET,24,23,SF,San Francisco 49ers,Detroit Lions
1983,1984-01-01,Division,1,0,OAK,PIT,38,10,OAK,Los Angeles Raiders,Pittsburgh Steelers
1983,1984-01-01,Division,1,0,WSH,LAR,51,7,WSH,Washington Redskins,Los Angeles Rams
1983,1984-01-08,Conference,1,0,OAK,SEA,30,14,OAK,Los Angeles Raiders,Seattle Seahawks
1983,1984-01-08,Conference,1,0,WSH,SF,24,21,WSH,Washington Redskins,San Francisco 49ers
1983,1984-01-22,Superbowl,1,1,WSH,OAK,9,38,WSH,Washington Redskins,Los Angeles Raiders
1984,1984-09-02,1,0,0,NYG,PHI,28,27,NYG,New York Giants,Philadelphia Eagles
1984,1984-09-02,1,0,0,TEN,OAK,14,24,TEN,Houston Oilers,Los Angeles Raiders
1984,1984-09-02,1,0,0,WSH,MIA,17,35,WSH,Washington Redskins,Miami Dolphins
1984,1984-09-02,1,0,0,MIN,LAC,13,42,MIN,Minnesota Vikings,San Diego Chargers
1984,1984-09-02,1,0,0,BUF,NE,17,21,BUF,Buffalo Bills,New England Patriots
1984,1984-09-02,1,0,0,CHI,TB,34,14,CHI,Chicago Bears,Tampa Bay Buccaneers
1984,1984-09-02,1,0,0,IND,NYJ,14,23,IND,Indianapolis Colts,New York Jets
1984,1984-09-02,1,0,0,DET,SF,27,30,DET,Detroit Lions,San Francisco 49ers
1984,1984-09-02,1,0,0,GB,ARI,24,23,GB,Green Bay Packers,St. Louis Cardinals
1984,1984-09-02,1,0,0,NO,ATL,28,36,NO,New Orleans Saints,Atlanta Falcons
1984,1984-09-02,1,0,0,DEN,CIN,20,17,DEN,Denver Broncos,Cincinnati Bengals
1984,1984-09-02,1,0,0,PIT,KC,27,37,PIT,Pittsburgh Steelers,Kansas City Chiefs
1984,1984-09-03,1,0,0,SEA,CLE,33,0,SEA,Seattle Seahawks,Cleveland Browns
1984,1984-09-03,1,0,0,LAR,DAL,13,20,LAR,Los Angeles Rams,Dallas Cowboys
1984,1984-09-06,2,0,0,NYJ,PIT,17,23,NYJ,New York Jets,Pittsburgh Steelers
1984,1984-09-09,2,0,0,OAK,GB,28,7,OAK,Los Angeles Raiders,Green Bay Packers
1984,1984-09-09,2,0,0,PHI,MIN,19,17,PHI,Philadelphia Eagles,Minnesota Vikings
1984,1984-09-09,2,0,0,LAR,CLE,20,17,LAR,Los Angeles Rams,Cleveland Browns
1984,1984-09-09,2,0,0,ATL,DET,24,27,ATL,Atlanta Falcons,Detroit Lions
1984,1984-09-09,2,0,0,CHI,DEN,27,0,CHI,Chicago Bears,Denver Broncos
1984,1984-09-09,2,0,0,SEA,LAC,31,17,SEA,Seattle Seahawks,San Diego Chargers
1984,1984-09-09,2,0,0,CIN,KC,22,27,CIN,Cincinnati Bengals,Kansas City Chiefs
1984,1984-09-09,2,0,0,ARI,BUF,37,7,ARI,St. Louis Cardinals,Buffalo Bills
1984,1984-09-09,2,0,0,MIA,NE,28,7,MIA,Miami Dolphins,New England Patriots
1984,1984-09-09,2,0,0,NO,TB,17,13,NO,New Orleans Saints,Tampa Bay Buccaneers
1984,1984-09-09,2,0,0,TEN,IND,21,35,TEN,Houston Oilers,Indianapolis Colts
1984,1984-09-09,2,0,0,NYG,DAL,28,7,NYG,New York Giants,Dallas Cowboys
1984,1984-09-10,2,0,0,SF,WSH,37,31,SF,San Francisco 49ers,Washington Redskins
1984,1984-09-16,3,0,0,TB,DET,21,17,TB,Tampa Bay Buccaneers,Detroit Lions
1984,1984-09-16,3,0,0,CLE,DEN,14,24,CLE,Cleveland Browns,Denver Broncos
1984,1984-09-16,3,0,0,WSH,NYG,30,14,WSH,Washington Redskins,New York Giants
1984,1984-09-16,3,0,0,SF,NO,30,20,SF,San Francisco 49ers,New Orleans Saints
1984,1984-09-16,3,0,0,NYJ,CIN,43,23,NYJ,New York Jets,Cincinnati Bengals
1984,1984-09-16,3,0,0,PIT,LAR,24,14,PIT,Pittsburgh Steelers,Los Angeles Rams
1984,1984-09-16,3,0,0,LAC,TEN,31,14,LAC,San Diego Chargers,Houston Oilers
1984,1984-09-16,3,0,0,MIN,ATL,27,20,MIN,Minnesota Vikings,Atlanta Falcons
1984,1984-09-16,3,0,0,KC,OAK,20,22,KC,Kansas City Chiefs,Los Angeles Raiders
1984,1984-09-16,3,0,0,GB,CHI,7,9,GB,Green Bay Packers,Chicago Bears
1984,1984-09-16,3,0,0,DAL,PHI,23,17,DAL,Dallas Cowboys,Philadelphia Eagles
1984,1984-09-16,3,0,0,IND,ARI,33,34,IND,Indianapolis Colts,St. Louis Cardinals
1984,1984-09-16,3,0,0,NE,SEA,38,23,NE,New England Patriots,Seattle Seahawks
1984,1984-09-17,3,0,0,BUF,MIA,17,21,BUF,Buffalo Bills,Miami Dolphins
1984,1984-09-23,4,0,0,DAL,GB,20,6,DAL,Dallas Cowboys,Green Bay Packers
1984,1984-09-23,4,0,0,SEA,CHI,38,9,SEA,Seattle Seahawks,Chicago Bears
1984,1984-09-23,4,0,0,PHI,SF,9,21,PHI,Philadelphia Eagles,San Francisco 49ers
1984,1984-09-23,4,0,0,NYG,TB,17,14,NYG,New York Giants,Tampa Bay Buccaneers
1984,1984-09-23,4,0,0,NE,WSH,10,26,NE,New England Patriots,Washington Redskins
1984,1984-09-23,4,0,0,NO,ARI,34,24,NO,New Orleans Saints,St. Louis Cardinals
1984,1984-09-23,4,0,0,CLE,PIT,20,10,CLE,Cleveland Browns,Pittsburgh Steelers
1984,1984-09-23,4,0,0,MIA,IND,44,7,MIA,Miami Dolphins,Indianapolis Colts
1984,1984-09-23,4,0,0,DET,MIN,28,29,DET,Detroit Lions,Minnesota Vikings
1984,1984-09-23,4,0,0,DEN,KC,21,0,DEN,Denver Broncos,Kansas City Chiefs
1984,1984-09-23,4,0,0,BUF,NYJ,26,28,BUF,Buffalo Bills,New York Jets
1984,1984-09-23,4,0,0,ATL,TEN,42,10,ATL,Atlanta Falcons,Houston Oilers
1984,1984-09-23,4,0,0,CIN,LAR,14,24,CIN,Cincinnati Bengals,Los Angeles Rams
1984,1984-09-24,4,0,0,OAK,LAC,33,30,OAK,Los Angeles Raiders,San Diego Chargers
1984,1984-09-30,5,0,0,CHI,DAL,14,23,CHI,Chicago Bears,Dallas Cowboys
1984,1984-09-30,5,0,0,LAR,NYG,33,12,LAR,Los Angeles Rams,New York Giants
1984,1984-09-30,5,0,0,LAC,DET,27,24,LAC,San Diego Chargers,Detroit Lions
1984,1984-09-30,5,0,0,ARI,MIA,28,36,ARI,St. Louis Cardinals,Miami Dolphins
1984,1984-09-30,5,0,0,IND,BUF,31,17,IND,Indianapolis Colts,Buffalo Bills
1984,1984-09-30,5,0,0,NYJ,NE,21,28,NYJ,New York Jets,New England Patriots
1984,1984-09-30,5,0,0,WSH,PHI,20,0,WSH,Washington Redskins,Philadelphia Eagles
1984,1984-09-30,5,0,0,TB,GB,30,27,TB,Tampa Bay Buccaneers,Green Bay Packers
1984,1984-09-30,5,0,0,SF,ATL,14,5,SF,San Francisco 49ers,Atlanta Falcons
1984,1984-09-30,5,0,0,TEN,NO,10,27,TEN,Houston Oilers,New Orleans Saints
1984,1984-09-30,5,0,0,MIN,SEA,12,20,MIN,Minnesota Vikings,Seattle Seahawks
1984,1984-09-30,5,0,0,KC,CLE,10,6,KC,Kansas City Chiefs,Cleveland Browns
1984,1984-09-30,5,0,0,DEN,OAK,16,13,DEN,Denver Broncos,Los Angeles Raiders
1984,1984-10-01,5,0,0,PIT,CIN,38,17,PIT,Pittsburgh Steelers,Cincinnati Bengals
1984,1984-10-07,6,0,0,BUF,PHI,17,27,BUF,Buffalo Bills,Philadelphia Eagles
1984,1984-10-07,6,0,0,LAR,ATL,28,30,LAR,Los Angeles Rams,Atlanta Falcons
1984,1984-10-07,6,0,0,PIT,MIA,7,31,PIT,Pittsburgh Steelers,Miami Dolphins
1984,1984-10-07,6,0,0,GB,LAC,28,34,GB,Green Bay Packers,San Diego Chargers
1984,1984-10-07,6,0,0,TB,MIN,35,31,TB,Tampa Bay Buccaneers,Minnesota Vikings
1984,1984-10-07,6,0,0,OAK,SEA,28,14,OAK,Los Angeles Raiders,Seattle Seahawks
1984,1984-10-07,6,0,0,KC,NYJ,16,17,KC,Kansas City Chiefs,New York Jets
1984,1984-10-07,6,0,0,DET,DEN,7,28,DET,Detroit Lions,Denver Broncos
1984,1984-10-07,6,0,0,DAL,ARI,20,31,DAL,Dallas Cowboys,St. Louis Cardinals
1984,1984-10-07,6,0,0,IND,WSH,7,35,IND,Indianapolis Colts,Washington Redskins
1984,1984-10-07,6,0,0,CLE,NE,16,17,CLE,Cleveland Browns,New England Patriots
1984,1984-10-07,6,0,0,CIN,TEN,13,3,CIN,Cincinnati Bengals,Houston Oilers
1984,1984-10-07,6,0,0,CHI,NO,20,7,CHI,Chicago Bears,New Orleans Saints
1984,1984-10-08,6,0,0,NYG,SF,10,31,NYG,New York Giants,San Francisco 49ers
1984,1984-10-14,7,0,0,PHI,IND,16,7,PHI,Philadelphia Eagles,Indianapolis Colts
1984,1984-10-14,7,0,0,ATL,NYG,7,19,ATL,Atlanta Falcons,New York Giants
1984,1984-10-14,7,0,0,CLE,NYJ,20,24,CLE,Cleveland Browns,New York Jets
1984,1984-10-14,7,0,0,ARI,CHI,38,21,ARI,St. Louis Cardinals,Chicago Bears
1984,1984-10-14,7,0,0,DET,TB,13,7,DET,Detroit Lions,Tampa Bay Buccaneers
1984,1984-10-14,7,0,0,MIA,TEN,28,10,MIA,Miami Dolphins,Houston Oilers
1984,1984-10-14,7,0,0,NE,CIN,20,14,NE,New England Patriots,Cincinnati Bengals
1984,1984-10-14,7,0,0,OAK,MIN,23,20,OAK,Los Angeles Raiders,Minnesota Vikings
1984,1984-10-14,7,0,0,SEA,BUF,31,28,SEA,Seattle Seahawks,Buffalo Bills
1984,1984-10-14,7,0,0,SF,PIT,17,20,SF,San Francisco 49ers,Pittsburgh Steelers
1984,1984-10-14,7,0,0,WSH,DAL,34,14,WSH,Washington Redskins,Dallas Cowboys
1984,1984-10-14,7,0,0,NO,LAR,10,28,NO,New Orleans Saints,Los Angeles Rams
1984,1984-10-14,7,0,0,KC,LAC,31,13,KC,Kansas City Chiefs,San Diego Chargers
1984,1984-10-15,7,0,0,DEN,GB,17,14,DEN,Denver Broncos,Green Bay Packers
1984,1984-10-21,8,0,0,LAC,OAK,37,44,LAC,San Diego Chargers,Los Angeles Raiders
1984,1984-10-21,8,0,0,NE,MIA,24,44,NE,New England Patriots,Miami Dolphins
1984,1984-10-21,8,0,0,CIN,CLE,12,9,CIN,Cincinnati Bengals,Cleveland Browns
1984,1984-10-21,8,0,0,BUF,DEN,7,37,BUF,Buffalo Bills,Denver Broncos
1984,1984-10-21,8,0,0,MIN,DET,14,16,MIN,Minnesota Vikings,Detroit Lions
1984,1984-10-21,8,0,0,GB,SEA,24,30,GB,Green Bay Packers,Seattle Seahawks
1984,1984-10-21,8,0,0,DAL,NO,30,27,DAL,Dallas Cowboys,New Orleans Saints
1984,1984-10-21,8,0,0,ARI,WSH,26,24,ARI,St. Louis Cardinals,Washington Redskins
1984,1984-10-21,8,0,0,IND,PIT,17,16,IND,Indianapolis Colts,Pittsburgh Steelers
1984,1984-10-21,8,0,0,TB,CHI,9,44,TB,Tampa Bay Buccaneers,Chicago Bears
1984,1984-10-21,8,0,0,PHI,NYG,24,10,PHI,Philadelphia Eagles,New York Giants
1984,1984-10-21,8,0,0,TEN,SF,21,34,TEN,Houston Oilers,San Francisco 49ers
1984,1984-10-21,8,0,0,NYJ,KC,28,7,NYJ,New York Jets,Kansas City Chiefs
1984,1984-10-22,8,0,0,ATL,LAR,10,24,ATL,Atlanta Falcons,Los Angeles Rams
1984,1984-10-28,9,0,0,PIT,ATL,35,10,PIT,Pittsburgh Steelers,Atlanta Falcons
1984,1984-10-28,9,0,0,LAR,SF,0,33,LAR,Los Angeles Rams,San Francisco 49ers
1984,1984-10-28,9,0,0,CHI,MIN,16,7,CHI,Chicago Bears,Minnesota Vikings
1984,1984-10-28,9,0,0,CLE,NO,14,16,CLE,Cleveland Browns,New Orleans Saints
1984,1984-10-28,9,0,0,GB,DET,41,9,GB,Green Bay Packers,Detroit Lions
1984,1984-10-28,9,0,0,KC,TB,24,20,KC,Kansas City Chiefs,Tampa Bay Buccaneers
1984,1984-10-28,9,0,0,MIA,BUF,38,7,MIA,Miami Dolphins,Buffalo Bills
1984,1984-10-28,9,0,0,DAL,IND,22,3,DAL,Dallas Cowboys,Indianapolis Colts
1984,1984-10-28,9,0,0,NE,NYJ,30,20,NE,New England Patriots,New York Jets
1984,1984-10-28,9,0,0,NYG,WSH,37,13,NYG,New York Giants,Washington Redskins
1984,1984-10-28,9,0,0,TEN,CIN,13,31,TEN,Houston Oilers,Cincinnati Bengals
1984,1984-10-28,9,0,0,PHI,ARI,14,34,PHI,Philadelphia Eagles,St. Louis Cardinals
1984,1984-10-28,9,0,0,OAK,DEN,19,22,OAK,Los Angeles Raiders,Denver Broncos
1984,1984-10-29,9,0,0,LAC,SEA,0,24,LAC,San Diego Chargers,Seattle Seahawks
1984,1984-11-04,10,0,0,ARI,LAR,13,16,ARI,St. Louis Cardinals,Los Angeles Rams
1984,1984-11-04,10,0,0,DET,PHI,23,23,DET,Detroit Lions,Philadelphia Eagles
1984,1984-11-04,10,0,0,DEN,NE,26,19,DEN,Denver Broncos,New England Patriots
1984,1984-11-04,10,0,0,NO,GB,13,23,NO,New Orleans Saints,Green Bay Packers
1984,1984-11-04,10,0,0,NYJ,MIA,17,31,NYJ,New York Jets,Miami Dolphins
1984,1984-11-04,10,0,0,PIT,TEN,35,7,PIT,Pittsburgh Steelers,Houston Oilers
1984,1984-11-04,10,0,0,SEA,KC,45,0,SEA,Seattle Seahawks,Kansas City Chiefs
1984,1984-11-04,10,0,0,MIN,TB,27,24,MIN,Minnesota Vikings,Tampa Bay Buccaneers
1984,1984-11-04,10,0,0,IND,LAC,10,38,IND,Indianapolis Colts,San Diego Chargers
1984,1984-11-04,10,0,0,SF,CIN,23,17,SF,San Francisco 49ers,Cincinnati Bengals
1984,1984-11-04,10,0,0,DAL,NYG,7,19,DAL,Dallas Cowboys,New York Giants
1984,1984-11-04,10,0,0,CHI,OAK,17,6,CHI,Chicago Bears,Los Angeles Raiders
1984,1984-11-04,10,0,0,BUF,CLE,10,13,BUF,Buffalo Bills,Cleveland Browns
1984,1984-11-05,10,0,0,WSH,ATL,27,14,WSH,Washington Redskins,Atlanta Falcons
1984,1984-11-11,11,0,0,LAC,DEN,13,16,LAC,San Diego Chargers,Denver Broncos
1984,1984-11-11,11,0,0,WSH,DET,28,14,WSH,Washington Redskins,Detroit Lions
1984,1984-11-11,11,0,0,TB,NYG,20,17,TB,Tampa Bay Buccaneers,New York Giants
1984,1984-11-11,11,0,0,NE,BUF,38,10,NE,New England Patriots,Buffalo Bills
1984,1984-11-11,11,0,0,MIA,PHI,24,23,MIA,Miami Dolphins,Philadelphia Eagles
1984,1984-11-11,11,0,0,KC,TEN,16,17,KC,Kansas City Chiefs,Houston Oilers
1984,1984-11-11,11,0,0,GB,MIN,45,17,GB,Green Bay Packers,Minnesota Vikings
1984,1984-11-11,11,0,0,ARI,DAL,17,24,ARI,St. Louis Cardinals,Dallas Cowboys
1984,1984-11-11,11,0,0,CLE,SF,7,41,CLE,Cleveland Browns,San Francisco 49ers
1984,1984-11-11,11,0,0,CIN,PIT,22,20,CIN,Cincinnati Bengals,Pittsburgh Steelers
1984,1984-11-11,11,0,0,ATL,NO,13,17,ATL,Atlanta Falcons,New Orleans Saints
1984,1984-11-11,11,0,0,NYJ,IND,5,9,NYJ,New York Jets,Indianapolis Colts
1984,1984-11-11,11,0,0,LAR,CHI,29,13,LAR,Los Angeles Rams,Chicago Bears
1984,1984-11-12,11,0,0,SEA,OAK,17,14,SEA,Seattle Seahawks,Los Angeles Raiders
1984,1984-11-18,12,0,0,IND,NE,17,50,IND,Indianapolis Colts,New England Patriots
1984,1984-11-18,12,0,0,CHI,DET,16,14,CHI,Chicago Bears,Detroit Lions
1984,1984-11-18,12,0,0,LAC,MIA,34,28,LAC,San Diego Chargers,Miami Dolphins
1984,1984-11-18,12,0,0,BUF,DAL,14,3,BUF,Buffalo Bills,Dallas Cowboys
1984,1984-11-18,12,0,0,ATL,CLE,7,23,ATL,Atlanta Falcons,Cleveland Browns
1984,1984-11-18,12,0,0,SF,TB,24,17,SF,San Francisco 49ers,Tampa Bay Buccaneers
1984,1984-11-18,12,0,0,OAK,KC,17,7,OAK,Los Angeles Raiders,Kansas City Chiefs
1984,1984-11-18,12,0,0,DEN,MIN,42,21,DEN,Denver Broncos,Minnesota Vikings
1984,1984-11-18,12,0,0,NYG,ARI,16,10,NYG,New York Giants,St. Louis Cardinals
1984,1984-11-18,12,0,0,TEN,NYJ,31,20,TEN,Houston Oilers,New York Jets
1984,1984-11-18,12,0,0,CIN,SEA,6,26,CIN,Cincinnati Bengals,Seattle Seahawks
1984,1984-11-18,12,0,0,GB,LAR,31,6,GB,Green Bay Packers,Los Angeles Rams
1984,1984-11-18,12,0,0,PHI,WSH,16,10,PHI,Philadelphia Eagles,Washington Redskins
1984,1984-11-19,12,0,0,NO,PIT,27,24,NO,New Orleans Saints,Pittsburgh Steelers
1984,1984-11-22,13,0,0,DAL,NE,20,17,DAL,Dallas Cowboys,New England Patriots
1984,1984-11-22,13,0,0,DET,GB,31,28,DET,Detroit Lions,Green Bay Packers
1984,1984-11-25,13,0,0,PIT,LAC,52,24,PIT,Pittsburgh Steelers,San Diego Chargers
1984,1984-11-25,13,0,0,WSH,BUF,41,14,WSH,Washington Redskins,Buffalo Bills
1984,1984-11-25,13,0,0,TB,LAR,33,34,TB,Tampa Bay Buccaneers,Los Angeles Rams
1984,1984-11-25,13,0,0,CLE,TEN,27,10,CLE,Cleveland Browns,Houston Oilers
1984,1984-11-25,13,0,0,ARI,PHI,17,16,ARI,St. Louis Cardinals,Philadelphia Eagles
1984,1984-11-25,13,0,0,OAK,IND,21,7,OAK,Los Angeles Raiders,Indianapolis Colts
1984,1984-11-25,13,0,0,NYG,KC,28,27,NYG,New York Giants,Kansas City Chiefs
1984,1984-11-25,13,0,0,NO,SF,3,35,NO,New Orleans Saints,San Francisco 49ers
1984,1984-11-25,13,0,0,MIN,CHI,3,34,MIN,Minnesota Vikings,Chicago Bears
1984,1984-11-25,13,0,0,DEN,SEA,24,27,DEN,Denver Broncos,Seattle Seahawks
1984,1984-11-25,13,0,0,CIN,ATL,35,14,CIN,Cincinnati Bengals,Atlanta Falcons
1984,1984-11-26,13,0,0,MIA,NYJ,28,17,MIA,Miami Dolphins,New York Jets
1984,1984-11-29,14,0,0,MIN,WSH,17,31,MIN,Minnesota Vikings,Washington Redskins
1984,1984-12-02,14,0,0,NYJ,NYG,10,20,NYJ,New York Jets,New York Giants
1984,1984-12-02,14,0,0,PHI,DAL,10,26,PHI,Philadelphia Eagles,Dallas Cowboys
1984,1984-12-02,14,0,0,NE,ARI,10,33,NE,New England Patriots,St. Louis Cardinals
1984,1984-12-02,14,0,0,LAR,NO,34,21,LAR,Los Angeles Rams,New Orleans Saints
1984,1984-12-02,14,0,0,SEA,DET,38,17,SEA,Seattle Seahawks,Detroit Lions
1984,1984-12-02,14,0,0,BUF,IND,21,15,BUF,Buffalo Bills,Indianapolis Colts
1984,1984-12-02,14,0,0,ATL,SF,17,35,ATL,Atlanta Falcons,San Francisco 49ers
1984,1984-12-02,14,0,0,CLE,CIN,17,20,CLE,Cleveland Browns,Cincinnati Bengals
1984,1984-12-02,14,0,0,GB,TB,27,14,GB,Green Bay Packers,Tampa Bay Buccaneers
1984,1984-12-02,14,0,0,KC,DEN,16,13,KC,Kansas City Chiefs,Denver Broncos
1984,1984-12-02,14,0,0,MIA,OAK,34,45,MIA,Miami Dolphins,Los Angeles Raiders
1984,1984-12-02,14,0,0,TEN,PIT,23,20,TEN,Houston Oilers,Pittsburgh Steelers
1984,1984-12-03,14,0,0,LAC,CHI,20,7,LAC,San Diego Chargers,Chicago Bears
1984,1984-12-08,15,0,0,SF,MIN,51,7,SF,San Francisco 49ers,Minnesota Vikings
1984,1984-12-08,15,0,0,NYJ,BUF,21,17,NYJ,New York Jets,Buffalo Bills
1984,1984-12-09,15,0,0,IND,MIA,17,35,IND,Indianapolis Colts,Miami Dolphins
1984,1984-12-09,15,0,0,NO,CIN,21,24,NO,New Orleans Saints,Cincinnati Bengals
1984,1984-12-09,15,0,0,KC,SEA,34,7,KC,Kansas City Chiefs,Seattle Seahawks
1984,1984-12-09,15,0,0,DAL,WSH,28,30,DAL,Dallas Cowboys,Washington Redskins
1984,1984-12-09,15,0,0,ARI,NYG,31,21,ARI,St. Louis Cardinals,New York Giants
1984,1984-12-09,15,0,0,TB,ATL,23,6,TB,Tampa Bay Buccaneers,Atlanta Falcons
1984,1984-12-09,15,0,0,DEN,LAC,16,13,DEN,Denver Broncos,San Diego Chargers
1984,1984-12-09,15,0,0,LAR,TEN,27,16,LAR,Los Angeles Rams,Houston Oilers
1984,1984-12-09,15,0,0,PIT,CLE,23,20,PIT,Pittsburgh Steelers,Cleveland Browns
1984,1984-12-09,15,0,0,PHI,NE,27,17,PHI,Philadelphia Eagles,New England Patriots
1984,1984-12-09,15,0,0,CHI,GB,14,20,CHI,Chicago Bears,Green Bay Packers
1984,1984-12-10,15,0,0,DET,OAK,3,24,DET,Detroit Lions,Los Angeles Raiders
1984,1984-12-14,16,0,0,SF,LAR,19,16,SF,San Francisco 49ers,Los Angeles Rams
1984,1984-12-15,16,0,0,NYG,NO,3,10,NYG,New York Giants,New Orleans Saints
1984,1984-12-15,16,0,0,SEA,DEN,14,31,SEA,Seattle Seahawks,Denver Broncos
1984,1984-12-16,16,0,0,TB,NYJ,41,21,TB,Tampa Bay Buccaneers,New York Jets
1984,1984-12-16,16,0,0,LAC,KC,21,42,LAC,San Diego Chargers,Kansas City Chiefs
1984,1984-12-16,16,0,0,ATL,PHI,26,10,ATL,Atlanta Falcons,Philadelphia Eagles
1984,1984-12-16,16,0,0,WSH,ARI,29,27,WSH,Washington Redskins,St. Louis Cardinals
1984,1984-12-16,16,0,0,MIN,GB,14,38,MIN,Minnesota Vikings,Green Bay Packers
1984,1984-12-16,16,0,0,NE,IND,16,10,NE,New England Patriots,Indianapolis Colts
1984,1984-12-16,16,0,0,TEN,CLE,20,27,TEN,Houston Oilers,Cleveland Browns
1984,1984-12-16,16,0,0,OAK,PIT,7,13,OAK,Los Angeles Raiders,Pittsburgh Steelers
1984,1984-12-16,16,0,0,DET,CHI,13,30,DET,Detroit Lions,Chicago Bears
1984,1984-12-16,16,0,0,CIN,BUF,52,21,CIN,Cincinnati Bengals,Buffalo Bills
1984,1984-12-17,16,0,0,MIA,DAL,28,21,MIA,Miami Dolphins,Dallas Cowboys
1984,1984-12-22,Wildcard,1,0,SEA,OAK,13,7,SEA,Seattle Seahawks,Los Angeles Raiders
1984,1984-12-23,Wildcard,1,0,LAR,NYG,13,16,LAR,Los Angeles Rams,New York Giants
1984,1984-12-29,Division,1,0,MIA,SEA,31,10,MIA,Miami Dolphins,Seattle Seahawks
1984,1984-12-29,Division,1,0,SF,NYG,21,10,SF,San Francisco 49ers,New York Giants
1984,1984-12-30,Division,1,0,WSH,CHI,19,23,WSH,Washington Redskins,Chicago Bears
1984,1984-12-30,Division,1,0,DEN,PIT,17,24,DEN,Denver Broncos,Pittsburgh Steelers
1984,1985-01-06,Conference,1,0,SF,CHI,23,0,SF,San Francisco 49ers,Chicago Bears
1984,1985-01-06,Conference,1,0,MIA,PIT,45,28,MIA,Miami Dolphins,Pittsburgh Steelers
1984,1985-01-20,Superbowl,1,1,SF,MIA,38,16,SF,San Francisco 49ers,Miami Dolphins
1985,1985-09-08,1,0,0,LAR,DEN,20,16,LAR,Los Angeles Rams,Denver Broncos
1985,1985-09-08,1,0,0,OAK,NYJ,31,0,OAK,Los Angeles Raiders,New York Jets
1985,1985-09-08,1,0,0,PIT,IND,45,3,PIT,Pittsburgh Steelers,Indianapolis Colts
1985,1985-09-08,1,0,0,TEN,MIA,26,23,TEN,Houston Oilers,Miami Dolphins
1985,1985-09-08,1,0,0,NYG,PHI,21,0,NYG,New York Giants,Philadelphia Eagles
1985,1985-09-08,1,0,0,NE,GB,26,20,NE,New England Patriots,Green Bay Packers
1985,1985-09-08,1,0,0,NO,KC,27,47,NO,New Orleans Saints,Kansas City Chiefs
1985,1985-09-08,1,0,0,MIN,SF,28,21,MIN,Minnesota Vikings,San Francisco 49ers
1985,1985-09-08,1,0,0,CLE,ARI,24,27,CLE,Cleveland Browns,St. Louis Cardinals
1985,1985-09-08,1,0,0,CIN,SEA,24,28,CIN,Cincinnati Bengals,Seattle Seahawks
1985,1985-09-08,1,0,0,CHI,TB,38,28,CHI,Chicago Bears,Tampa Bay Buccaneers
1985,1985-09-08,1,0,0,ATL,DET,27,28,ATL,Atlanta Falcons,Detroit Lions
1985,1985-09-08,1,0,0,BUF,LAC,9,14,BUF,Buffalo Bills,San Diego Chargers
1985,1985-09-09,1,0,0,DAL,WSH,44,14,DAL,Dallas Cowboys,Washington Redskins
1985,1985-09-12,2,0,0,KC,OAK,36,20,KC,Kansas City Chiefs,Los Angeles Raiders
1985,1985-09-15,2,0,0,NYJ,BUF,42,3,NYJ,New York Jets,Buffalo Bills
1985,1985-09-15,2,0,0,MIA,IND,30,13,MIA,Miami Dolphins,Indianapolis Colts
1985,1985-09-15,2,0,0,GB,NYG,23,20,GB,Green Bay Packers,New York Giants
1985,1985-09-15,2,0,0,DET,DAL,26,21,DET,Detroit Lions,Dallas Cowboys
1985,1985-09-15,2,0,0,DEN,NO,34,23,DEN,Denver Broncos,New Orleans Saints
1985,1985-09-15,2,0,0,ARI,CIN,41,27,ARI,St. Louis Cardinals,Cincinnati Bengals
1985,1985-09-15,2,0,0,CHI,NE,20,7,CHI,Chicago Bears,New England Patriots
1985,1985-09-15,2,0,0,WSH,TEN,16,13,WSH,Washington Redskins,Houston Oilers
1985,1985-09-15,2,0,0,LAC,SEA,35,49,LAC,San Diego Chargers,Seattle Seahawks
1985,1985-09-15,2,0,0,TB,MIN,16,31,TB,Tampa Bay Buccaneers,Minnesota Vikings
1985,1985-09-15,2,0,0,PHI,LAR,6,17,PHI,Philadelphia Eagles,Los Angeles Rams
1985,1985-09-15,2,0,0,SF,ATL,35,16,SF,San Francisco 49ers,Atlanta Falcons
1985,1985-09-16,2,0,0,CLE,PIT,17,7,CLE,Cleveland Browns,Pittsburgh Steelers
1985,1985-09-19,3,0,0,MIN,CHI,24,33,MIN,Minnesota Vikings,Chicago Bears
1985,1985-09-22,3,0,0,GB,NYJ,3,24,GB,Green Bay Packers,New York Jets
1985,1985-09-22,3,0,0,WSH,PHI,6,19,WSH,Washington Redskins,Philadelphia Eagles
1985,1985-09-22,3,0,0,OAK,SF,10,34,OAK,Los Angeles Raiders,San Francisco 49ers
1985,1985-09-22,3,0,0,PIT,TEN,20,0,PIT,Pittsburgh Steelers,Houston Oilers
1985,1985-09-22,3,0,0,NO,TB,20,13,NO,New Orleans Saints,Tampa Bay Buccaneers
1985,1985-09-22,3,0,0,MIA,KC,31,0,MIA,Miami Dolphins,Kansas City Chiefs
1985,1985-09-22,3,0,0,DAL,CLE,20,7,DAL,Dallas Cowboys,Cleveland Browns
1985,1985-09-22,3,0,0,IND,DET,14,6,IND,Indianapolis Colts,Detroit Lions
1985,1985-09-22,3,0,0,BUF,NE,14,17,BUF,Buffalo Bills,New England Patriots
1985,1985-09-22,3,0,0,ATL,DEN,28,44,ATL,Atlanta Falcons,Denver Broncos
1985,1985-09-22,3,0,0,NYG,ARI,27,17,NYG,New York Giants,St. Louis Cardinals
1985,1985-09-22,3,0,0,CIN,LAC,41,44,CIN,Cincinnati Bengals,San Diego Chargers
1985,1985-09-23,3,0,0,SEA,LAR,24,35,SEA,Seattle Seahawks,Los Angeles Rams
1985,1985-09-29,4,0,0,BUF,MIN,20,27,BUF,Buffalo Bills,Minnesota Vikings
1985,1985-09-29,4,0,0,KC,SEA,28,7,KC,Kansas City Chiefs,Seattle Seahawks
1985,1985-09-29,4,0,0,CHI,WSH,45,10,CHI,Chicago Bears,Washington Redskins
1985,1985-09-29,4,0,0,DEN,MIA,26,30,DEN,Denver Broncos,Miami Dolphins
1985,1985-09-29,4,0,0,NE,OAK,20,35,NE,New England Patriots,Los Angeles Raiders
1985,1985-09-29,4,0,0,DET,TB,30,9,DET,Detroit Lions,Tampa Bay Buccaneers
1985,1985-09-29,4,0,0,ARI,GB,43,28,ARI,St. Louis Cardinals,Green Bay Packers
1985,1985-09-29,4,0,0,SF,NO,17,20,SF,San Francisco 49ers,New Orleans Saints
1985,1985-09-29,4,0,0,LAR,ATL,17,6,LAR,Los Angeles Rams,Atlanta Falcons
1985,1985-09-29,4,0,0,LAC,CLE,7,21,LAC,San Diego Chargers,Cleveland Browns
1985,1985-09-29,4,0,0,NYJ,IND,25,20,NYJ,New York Jets,Indianapolis Colts
1985,1985-09-29,4,0,0,TEN,DAL,10,17,TEN,Houston Oilers,Dallas Cowboys
1985,1985-09-29,4,0,0,PHI,NYG,10,16,PHI,Philadelphia Eagles,New York Giants
1985,1985-09-30,4,0,0,PIT,CIN,24,37,PIT,Pittsburgh Steelers,Cincinnati Bengals
1985,1985-10-06,5,0,0,MIA,PIT,24,20,MIA,Miami Dolphins,Pittsburgh Steelers
1985,1985-10-06,5,0,0,NO,PHI,23,21,NO,New Orleans Saints,Philadelphia Eagles
1985,1985-10-06,5,0,0,LAR,MIN,13,10,LAR,Los Angeles Rams,Minnesota Vikings
1985,1985-10-06,5,0,0,GB,DET,43,10,GB,Green Bay Packers,Detroit Lions
1985,1985-10-06,5,0,0,CLE,NE,24,20,CLE,Cleveland Browns,New England Patriots
1985,1985-10-06,5,0,0,CIN,NYJ,20,29,CIN,Cincinnati Bengals,New York Jets
1985,1985-10-06,5,0,0,ATL,SF,17,38,ATL,Atlanta Falcons,San Francisco 49ers
1985,1985-10-06,5,0,0,IND,BUF,49,17,IND,Indianapolis Colts,Buffalo Bills
1985,1985-10-06,5,0,0,OAK,KC,19,10,OAK,Los Angeles Raiders,Kansas City Chiefs
1985,1985-10-06,5,0,0,TB,CHI,19,27,TB,Tampa Bay Buccaneers,Chicago Bears
1985,1985-10-06,5,0,0,NYG,DAL,29,30,NYG,New York Giants,Dallas Cowboys
1985,1985-10-06,5,0,0,SEA,LAC,26,21,SEA,Seattle Seahawks,San Diego Chargers
1985,1985-10-06,5,0,0,DEN,TEN,31,20,DEN,Denver Broncos,Houston Oilers
1985,1985-10-07,5,0,0,WSH,ARI,27,10,WSH,Washington Redskins,St. Louis Cardinals
1985,1985-10-13,6,0,0,DAL,PIT,27,13,DAL,Dallas Cowboys,Pittsburgh Steelers
1985,1985-10-13,6,0,0,CIN,NYG,35,30,CIN,Cincinnati Bengals,New York Giants
1985,1985-10-13,6,0,0,IND,DEN,10,15,IND,Indianapolis Colts,Denver Broncos
1985,1985-10-13,6,0,0,GB,MIN,20,17,GB,Green Bay Packers,Minnesota Vikings
1985,1985-10-13,6,0,0,NE,BUF,14,3,NE,New England Patriots,Buffalo Bills
1985,1985-10-13,6,0,0,TEN,CLE,6,21,TEN,Houston Oilers,Cleveland Browns
1985,1985-10-13,6,0,0,PHI,ARI,30,7,PHI,Philadelphia Eagles,St. Louis Cardinals
1985,1985-10-13,6,0,0,OAK,NO,23,13,OAK,Los Angeles Raiders,New Orleans Saints
1985,1985-10-13,6,0,0,SEA,ATL,30,26,SEA,Seattle Seahawks,Atlanta Falcons
1985,1985-10-13,6,0,0,SF,CHI,10,26,SF,San Francisco 49ers,Chicago Bears
1985,1985-10-13,6,0,0,WSH,DET,24,3,WSH,Washington Redskins,Detroit Lions
1985,1985-10-13,6,0,0,TB,LAR,27,31,TB,Tampa Bay Buccaneers,Los Angeles Rams
1985,1985-10-13,6,0,0,LAC,KC,31,20,LAC,San Diego Chargers,Kansas City Chiefs
1985,1985-10-14,6,0,0,NYJ,MIA,23,7,NYJ,New York Jets,Miami Dolphins
1985,1985-10-20,7,0,0,CLE,OAK,20,21,CLE,Cleveland Browns,Los Angeles Raiders
1985,1985-10-20,7,0,0,NE,NYJ,20,13,NE,New England Patriots,New York Jets
1985,1985-10-20,7,0,0,KC,LAR,0,16,KC,Kansas City Chiefs,Los Angeles Rams
1985,1985-10-20,7,0,0,NYG,WSH,17,3,NYG,New York Giants,Washington Redskins
1985,1985-10-20,7,0,0,TEN,CIN,44,27,TEN,Houston Oilers,Cincinnati Bengals
1985,1985-10-20,7,0,0,PHI,DAL,16,14,PHI,Philadelphia Eagles,Dallas Cowboys
1985,1985-10-20,7,0,0,PIT,ARI,23,10,PIT,Pittsburgh Steelers,St. Louis Cardinals
1985,1985-10-20,7,0,0,DEN,SEA,13,10,DEN,Denver Broncos,Seattle Seahawks
1985,1985-10-20,7,0,0,ATL,NO,31,24,ATL,Atlanta Falcons,New Orleans Saints
1985,1985-10-20,7,0,0,DET,SF,23,21,DET,Detroit Lions,San Francisco 49ers
1985,1985-10-20,7,0,0,MIN,LAC,21,17,MIN,Minnesota Vikings,San Diego Chargers
1985,1985-10-20,7,0,0,BUF,IND,21,9,BUF,Buffalo Bills,Indianapolis Colts
1985,1985-10-20,7,0,0,MIA,TB,41,38,MIA,Miami Dolphins,Tampa Bay Buccaneers
1985,1985-10-21,7,0,0,CHI,GB,23,7,CHI,Chicago Bears,Green Bay Packers
1985,1985-10-27,8,0,0,NYJ,SEA,17,14,NYJ,New York Jets,Seattle Seahawks
1985,1985-10-27,8,0,0,DET,MIA,31,21,DET,Detroit Lions,Miami Dolphins
1985,1985-10-27,8,0,0,LAR,SF,14,28,LAR,Los Angeles Rams,San Francisco 49ers
1985,1985-10-27,8,0,0,TB,NE,14,32,TB,Tampa Bay Buccaneers,New England Patriots
1985,1985-10-27,8,0,0,PHI,BUF,21,17,PHI,Philadelphia Eagles,Buffalo Bills
1985,1985-10-27,8,0,0,NO,NYG,13,21,NO,New Orleans Saints,New York Giants
1985,1985-10-27,8,0,0,KC,DEN,10,30,KC,Kansas City Chiefs,Denver Broncos
1985,1985-10-27,8,0,0,DAL,ATL,24,10,DAL,Dallas Cowboys,Atlanta Falcons
1985,1985-10-27,8,0,0,ARI,TEN,10,20,ARI,St. Louis Cardinals,Houston Oilers
1985,1985-10-27,8,0,0,IND,GB,37,10,IND,Indianapolis Colts,Green Bay Packers
1985,1985-10-27,8,0,0,CLE,WSH,7,14,CLE,Cleveland Browns,Washington Redskins
1985,1985-10-27,8,0,0,CIN,PIT,26,21,CIN,Cincinnati Bengals,Pittsburgh Steelers
1985,1985-10-27,8,0,0,CHI,MIN,27,9,CHI,Chicago Bears,Minnesota Vikings
1985,1985-10-28,8,0,0,OAK,LAC,34,21,OAK,Los Angeles Raiders,San Diego Chargers
1985,1985-11-03,9,0,0,IND,NYJ,17,35,IND,Indianapolis Colts,New York Jets
1985,1985-11-03,9,0,0,BUF,CIN,17,23,BUF,Buffalo Bills,Cincinnati Bengals
1985,1985-11-03,9,0,0,LAR,NO,28,10,LAR,Los Angeles Rams,New Orleans Saints
1985,1985-11-03,9,0,0,SF,PHI,24,13,SF,San Francisco 49ers,Philadelphia Eagles
1985,1985-11-03,9,0,0,PIT,CLE,10,9,PIT,Pittsburgh Steelers,Cleveland Browns
1985,1985-11-03,9,0,0,SEA,OAK,33,3,SEA,Seattle Seahawks,Los Angeles Raiders
1985,1985-11-03,9,0,0,ATL,WSH,10,44,ATL,Atlanta Falcons,Washington Redskins
1985,1985-11-03,9,0,0,MIN,DET,16,13,MIN,Minnesota Vikings,Detroit Lions
1985,1985-11-03,9,0,0,GB,CHI,10,16,GB,Green Bay Packers,Chicago Bears
1985,1985-11-03,9,0,0,LAC,DEN,30,10,LAC,San Diego Chargers,Denver Broncos
1985,1985-11-03,9,0,0,TEN,KC,23,20,TEN,Houston Oilers,Kansas City Chiefs
1985,1985-11-03,9,0,0,NYG,TB,22,20,NYG,New York Giants,Tampa Bay Buccaneers
1985,1985-11-03,9,0,0,NE,MIA,17,13,NE,New England Patriots,Miami Dolphins
1985,1985-11-04,9,0,0,ARI,DAL,21,10,ARI,St. Louis Cardinals,Dallas Cowboys
1985,1985-11-10,10,0,0,TB,ARI,16,0,TB,Tampa Bay Buccaneers,St. Louis Cardinals
1985,1985-11-10,10,0,0,PHI,ATL,23,17,PHI,Philadelphia Eagles,Atlanta Falcons
1985,1985-11-10,10,0,0,NE,IND,34,15,NE,New England Patriots,Indianapolis Colts
1985,1985-11-10,10,0,0,NO,SEA,3,27,NO,New Orleans Saints,Seattle Seahawks
1985,1985-11-10,10,0,0,MIN,GB,17,27,MIN,Minnesota Vikings,Green Bay Packers
1985,1985-11-10,10,0,0,MIA,NYJ,21,17,MIA,Miami Dolphins,New York Jets
1985,1985-11-10,10,0,0,CIN,CLE,27,10,CIN,Cincinnati Bengals,Cleveland Browns
1985,1985-11-10,10,0,0,CHI,DET,24,3,CHI,Chicago Bears,Detroit Lions
1985,1985-11-10,10,0,0,WSH,DAL,7,13,WSH,Washington Redskins,Dallas Cowboys
1985,1985-11-10,10,0,0,NYG,LAR,24,19,NYG,New York Giants,Los Angeles Rams
1985,1985-11-10,10,0,0,LAC,OAK,40,34,LAC,San Diego Chargers,Los Angeles Raiders
1985,1985-11-10,10,0,0,BUF,TEN,20,0,BUF,Buffalo Bills,Houston Oilers
1985,1985-11-10,10,0,0,KC,PIT,28,36,KC,Kansas City Chiefs,Pittsburgh Steelers
1985,1985-11-11,10,0,0,DEN,SF,17,16,DEN,Denver Broncos,San Francisco 49ers
1985,1985-11-17,11,0,0,CLE,BUF,17,7,CLE,Cleveland Browns,Buffalo Bills
1985,1985-11-17,11,0,0,DEN,LAC,30,24,DEN,Denver Broncos,San Diego Chargers
1985,1985-11-17,11,0,0,TEN,PIT,7,30,TEN,Houston Oilers,Pittsburgh Steelers
1985,1985-11-17,11,0,0,OAK,CIN,13,6,OAK,Los Angeles Raiders,Cincinnati Bengals
1985,1985-11-17,11,0,0,SEA,NE,13,20,SEA,Seattle Seahawks,New England Patriots
1985,1985-11-17,11,0,0,SF,KC,31,3,SF,San Francisco 49ers,Kansas City Chiefs
1985,1985-11-17,11,0,0,ARI,PHI,14,24,ARI,St. Louis Cardinals,Philadelphia Eagles
1985,1985-11-17,11,0,0,IND,MIA,20,34,IND,Indianapolis Colts,Miami Dolphins
1985,1985-11-17,11,0,0,ATL,LAR,30,14,ATL,Atlanta Falcons,Los Angeles Rams
1985,1985-11-17,11,0,0,NYJ,TB,62,28,NYJ,New York Jets,Tampa Bay Buccaneers
1985,1985-11-17,11,0,0,GB,NO,38,14,GB,Green Bay Packers,New Orleans Saints
1985,1985-11-17,11,0,0,DET,MIN,41,21,DET,Detroit Lions,Minnesota Vikings
1985,1985-11-17,11,0,0,DAL,CHI,0,44,DAL,Dallas Cowboys,Chicago Bears
1985,1985-11-18,11,0,0,WSH,NYG,23,21,WSH,Washington Redskins,New York Giants
1985,1985-11-24,12,0,0,NYJ,NE,16,13,NYJ,New York Jets,New England Patriots
1985,1985-11-24,12,0,0,TEN,LAC,37,35,TEN,Houston Oilers,San Diego Chargers
1985,1985-11-24,12,0,0,TB,DET,19,16,TB,Tampa Bay Buccaneers,Detroit Lions
1985,1985-11-24,12,0,0,OAK,DEN,31,28,OAK,Los Angeles Raiders,Denver Broncos
1985,1985-11-24,12,0,0,PIT,WSH,23,30,PIT,Pittsburgh Steelers,Washington Redskins
1985,1985-11-24,12,0,0,MIN,NO,23,30,MIN,Minnesota Vikings,New Orleans Saints
1985,1985-11-24,12,0,0,KC,IND,20,7,KC,Kansas City Chiefs,Indianapolis Colts
1985,1985-11-24,12,0,0,DAL,PHI,34,17,DAL,Dallas Cowboys,Philadelphia Eagles
1985,1985-11-24,12,0,0,ARI,NYG,3,34,ARI,St. Louis Cardinals,New York Giants
1985,1985-11-24,12,0,0,CLE,CIN,24,6,CLE,Cleveland Browns,Cincinnati Bengals
1985,1985-11-24,12,0,0,CHI,ATL,36,0,CHI,Chicago Bears,Atlanta Falcons
1985,1985-11-24,12,0,0,BUF,MIA,14,23,BUF,Buffalo Bills,Miami Dolphins
1985,1985-11-24,12,0,0,LAR,GB,34,17,LAR,Los Angeles Rams,Green Bay Packers
1985,1985-11-25,12,0,0,SF,SEA,19,6,SF,San Francisco 49ers,Seattle Seahawks
1985,1985-11-28,13,0,0,DAL,ARI,35,17,DAL,Dallas Cowboys,St. Louis Cardinals
1985,1985-11-28,13,0,0,DET,NYJ,31,20,DET,Detroit Lions,New York Jets
1985,1985-12-01,13,0,0,NYG,CLE,33,35,NYG,New York Giants,Cleveland Browns
1985,1985-12-01,13,0,0,GB,TB,21,0,GB,Green Bay Packers,Tampa Bay Buccaneers
1985,1985-12-01,13,0,0,LAC,BUF,40,7,LAC,San Diego Chargers,Buffalo Bills
1985,1985-12-01,13,0,0,NO,LAR,29,3,NO,New Orleans Saints,Los Angeles Rams
1985,1985-12-01,13,0,0,IND,NE,31,38,IND,Indianapolis Colts,New England Patriots
1985,1985-12-01,13,0,0,CIN,TEN,45,27,CIN,Cincinnati Bengals,Houston Oilers
1985,1985-12-01,13,0,0,ATL,OAK,24,34,ATL,Atlanta Falcons,Los Angeles Raiders
1985,1985-12-01,13,0,0,WSH,SF,8,35,WSH,Washington Redskins,San Francisco 49ers
1985,1985-12-01,13,0,0,SEA,KC,24,6,SEA,Seattle Seahawks,Kansas City Chiefs
1985,1985-12-01,13,0,0,PIT,DEN,23,31,PIT,Pittsburgh Steelers,Denver Broncos
1985,1985-12-01,13,0,0,PHI,MIN,23,28,PHI,Philadelphia Eagles,Minnesota Vikings
1985,1985-12-02,13,0,0,MIA,CHI,38,24,MIA,Miami Dolphins,Chicago Bears
1985,1985-12-08,14,0,0,LAC,PIT,54,44,LAC,San Diego Chargers,Pittsburgh Steelers
1985,1985-12-08,14,0,0,SEA,CLE,31,13,SEA,Seattle Seahawks,Cleveland Browns
1985,1985-12-08,14,0,0,CIN,DAL,50,24,CIN,Cincinnati Bengals,Dallas Cowboys
1985,1985-12-08,14,0,0,CHI,IND,17,10,CHI,Chicago Bears,Indianapolis Colts
1985,1985-12-08,14,0,0,BUF,NYJ,7,27,BUF,Buffalo Bills,New York Jets
1985,1985-12-08,14,0,0,NE,DET,23,6,NE,New England Patriots,Detroit Lions
1985,1985-12-08,14,0,0,MIN,TB,26,7,MIN,Minnesota Vikings,Tampa Bay Buccaneers
1985,1985-12-08,14,0,0,KC,ATL,38,10,KC,Kansas City Chiefs,Atlanta Falcons
1985,1985-12-08,14,0,0,GB,MIA,24,34,GB,Green Bay Packers,Miami Dolphins
1985,1985-12-08,14,0,0,DEN,OAK,14,17,DEN,Denver Broncos,Los Angeles Raiders
1985,1985-12-08,14,0,0,ARI,NO,28,16,ARI,St. Louis Cardinals,New Orleans Saints
1985,1985-12-08,14,0,0,TEN,NYG,14,35,TEN,Houston Oilers,New York Giants
1985,1985-12-08,14,0,0,PHI,WSH,12,17,PHI,Philadelphia Eagles,Washington Redskins
1985,1985-12-09,14,0,0,SF,LAR,20,27,SF,San Francisco 49ers,Los Angeles Rams
1985,1985-12-14,15,0,0,DEN,KC,14,13,DEN,Denver Broncos,Kansas City Chiefs
1985,1985-12-14,15,0,0,NYJ,CHI,6,19,NYJ,New York Jets,Chicago Bears
1985,1985-12-15,15,0,0,DAL,NYG,28,21,DAL,Dallas Cowboys,New York Giants
1985,1985-12-15,15,0,0,WSH,CIN,27,24,WSH,Washington Redskins,Cincinnati Bengals
1985,1985-12-15,15,0,0,TB,IND,23,31,TB,Tampa Bay Buccaneers,Indianapolis Colts
1985,1985-12-15,15,0,0,OAK,SEA,13,3,OAK,Los Angeles Raiders,Seattle Seahawks
1985,1985-12-15,15,0,0,PIT,BUF,30,24,PIT,Pittsburgh Steelers,Buffalo Bills
1985,1985-12-15,15,0,0,NO,SF,19,31,NO,New Orleans Saints,San Francisco 49ers
1985,1985-12-15,15,0,0,DET,GB,23,26,DET,Detroit Lions,Green Bay Packers
1985,1985-12-15,15,0,0,CLE,TEN,28,21,CLE,Cleveland Browns,Houston Oilers
1985,1985-12-15,15,0,0,ATL,MIN,14,13,ATL,Atlanta Falcons,Minnesota Vikings
1985,1985-12-15,15,0,0,LAR,ARI,46,14,LAR,Los Angeles Rams,St. Louis Cardinals
1985,1985-12-15,15,0,0,LAC,PHI,20,14,LAC,San Diego Chargers,Philadelphia Eagles
1985,1985-12-16,15,0,0,MIA,NE,30,27,MIA,Miami Dolphins,New England Patriots
1985,1985-12-20,16,0,0,SEA,DEN,24,27,SEA,Seattle Seahawks,Denver Broncos
1985,1985-12-21,16,0,0,NYG,PIT,28,10,NYG,New York Giants,Pittsburgh Steelers
1985,1985-12-21,16,0,0,ARI,WSH,16,27,ARI,St. Louis Cardinals,Washington Redskins
1985,1985-12-22,16,0,0,MIN,PHI,35,37,MIN,Minnesota Vikings,Philadelphia Eagles
1985,1985-12-22,16,0,0,MIA,BUF,28,0,MIA,Miami Dolphins,Buffalo Bills
1985,1985-12-22,16,0,0,DET,CHI,17,37,DET,Detroit Lions,Chicago Bears
1985,1985-12-22,16,0,0,IND,TEN,34,16,IND,Indianapolis Colts,Houston Oilers
1985,1985-12-22,16,0,0,TB,GB,17,20,TB,Tampa Bay Buccaneers,Green Bay Packers
1985,1985-12-22,16,0,0,SF,DAL,31,16,SF,San Francisco 49ers,Dallas Cowboys
1985,1985-12-22,16,0,0,NYJ,CLE,37,10,NYJ,New York Jets,Cleveland Browns
1985,1985-12-22,16,0,0,NE,CIN,34,23,NE,New England Patriots,Cincinnati Bengals
1985,1985-12-22,16,0,0,KC,LAC,38,34,KC,Kansas City Chiefs,San Diego Chargers
1985,1985-12-22,16,0,0,NO,ATL,10,16,NO,New Orleans Saints,Atlanta Falcons
1985,1985-12-23,16,0,0,LAR,OAK,6,16,LAR,Los Angeles Rams,Los Angeles Raiders
1985,1985-12-28,Wildcard,1,0,NYJ,NE,14,26,NYJ,New York Jets,New England Patriots
1985,1985-12-29,Wildcard,1,0,NYG,SF,17,3,NYG,New York Giants,San Francisco 49ers
1985,1986-01-04,Division,1,0,LAR,DAL,20,0,LAR,Los Angeles Rams,Dallas Cowboys
1985,1986-01-04,Division,1,0,MIA,CLE,24,21,MIA,Miami Dolphins,Cleveland Browns
1985,1986-01-05,Division,1,0,OAK,NE,20,27,OAK,Los Angeles Raiders,New England Patriots
1985,1986-01-05,Division,1,0,CHI,NYG,21,0,CHI,Chicago Bears,New York Giants
1985,1986-01-12,Conference,1,0,MIA,NE,14,31,MIA,Miami Dolphins,New England Patriots
1985,1986-01-12,Conference,1,0,CHI,LAR,24,0,CHI,Chicago Bears,Los Angeles Rams
1985,1986-01-26,Superbowl,1,1,NE,CHI,10,46,CHI,Chicago Bears,New England Patriots
1986,1986-09-07,1,0,0,DEN,OAK,38,36,DEN,Denver Broncos,Los Angeles Raiders
1986,1986-09-07,1,0,0,CHI,CLE,41,31,CHI,Chicago Bears,Cleveland Browns
1986,1986-09-07,1,0,0,BUF,NYJ,24,28,BUF,Buffalo Bills,New York Jets
1986,1986-09-07,1,0,0,WSH,PHI,41,14,WSH,Washington Redskins,Philadelphia Eagles
1986,1986-09-07,1,0,0,TB,SF,7,31,TB,Tampa Bay Buccaneers,San Francisco 49ers
1986,1986-09-07,1,0,0,SEA,PIT,30,0,SEA,Seattle Seahawks,Pittsburgh Steelers
1986,1986-09-07,1,0,0,NE,IND,33,3,NE,New England Patriots,Indianapolis Colts
1986,1986-09-07,1,0,0,NO,ATL,10,31,NO,New Orleans Saints,Atlanta Falcons
1986,1986-09-07,1,0,0,MIN,DET,10,13,MIN,Minnesota Vikings,Detroit Lions
1986,1986-09-07,1,0,0,KC,CIN,24,14,KC,Kansas City Chiefs,Cincinnati Bengals
1986,1986-09-07,1,0,0,GB,TEN,3,31,GB,Green Bay Packers,Houston Oilers
1986,1986-09-07,1,0,0,ARI,LAR,10,16,ARI,St. Louis Cardinals,Los Angeles Rams
1986,1986-09-07,1,0,0,LAC,MIA,50,28,LAC,San Diego Chargers,Miami Dolphins
1986,1986-09-08,1,0,0,DAL,NYG,31,28,DAL,Dallas Cowboys,New York Giants
1986,1986-09-11,2,0,0,NYJ,NE,6,20,NYJ,New York Jets,New England Patriots
1986,1986-09-14,2,0,0,SEA,KC,23,17,SEA,Seattle Seahawks,Kansas City Chiefs
1986,1986-09-14,2,0,0,TB,MIN,10,23,TB,Tampa Bay Buccaneers,Minnesota Vikings
1986,1986-09-14,2,0,0,TEN,CLE,20,23,TEN,Houston Oilers,Cleveland Browns
1986,1986-09-14,2,0,0,NO,GB,24,10,NO,New Orleans Saints,Green Bay Packers
1986,1986-09-14,2,0,0,MIA,IND,30,10,MIA,Miami Dolphins,Indianapolis Colts
1986,1986-09-14,2,0,0,DET,DAL,7,31,DET,Detroit Lions,Dallas Cowboys
1986,1986-09-14,2,0,0,CIN,BUF,36,33,CIN,Cincinnati Bengals,Buffalo Bills
1986,1986-09-14,2,0,0,CHI,PHI,13,10,CHI,Chicago Bears,Philadelphia Eagles
1986,1986-09-14,2,0,0,ATL,ARI,33,13,ATL,Atlanta Falcons,St. Louis Cardinals
1986,1986-09-14,2,0,0,LAR,SF,16,13,LAR,Los Angeles Rams,San Francisco 49ers
1986,1986-09-14,2,0,0,WSH,OAK,10,6,WSH,Washington Redskins,Los Angeles Raiders
1986,1986-09-14,2,0,0,NYG,LAC,20,7,NYG,New York Giants,San Diego Chargers
1986,1986-09-15,2,0,0,PIT,DEN,10,21,PIT,Pittsburgh Steelers,Denver Broncos
1986,1986-09-18,3,0,0,CLE,CIN,13,30,CLE,Cleveland Browns,Cincinnati Bengals
1986,1986-09-21,3,0,0,MIN,PIT,31,7,MIN,Minnesota Vikings,Pittsburgh Steelers
1986,1986-09-21,3,0,0,NE,SEA,31,38,NE,New England Patriots,Seattle Seahawks
1986,1986-09-21,3,0,0,OAK,NYG,9,14,OAK,Los Angeles Raiders,New York Giants
1986,1986-09-21,3,0,0,PHI,DEN,7,33,PHI,Philadelphia Eagles,Denver Broncos
1986,1986-09-21,3,0,0,NYJ,MIA,51,45,NYJ,New York Jets,Miami Dolphins
1986,1986-09-21,3,0,0,KC,TEN,27,13,KC,Kansas City Chiefs,Houston Oilers
1986,1986-09-21,3,0,0,LAC,WSH,27,30,LAC,San Diego Chargers,Washington Redskins
1986,1986-09-21,3,0,0,BUF,ARI,17,10,BUF,Buffalo Bills,St. Louis Cardinals
1986,1986-09-21,3,0,0,IND,LAR,7,24,IND,Indianapolis Colts,Los Angeles Rams
1986,1986-09-21,3,0,0,SF,NO,26,17,SF,San Francisco 49ers,New Orleans Saints
1986,1986-09-21,3,0,0,DET,TB,20,24,DET,Detroit Lions,Tampa Bay Buccaneers
1986,1986-09-21,3,0,0,DAL,ATL,35,37,DAL,Dallas Cowboys,Atlanta Falcons
1986,1986-09-22,3,0,0,GB,CHI,12,25,GB,Green Bay Packers,Chicago Bears
1986,1986-09-28,4,0,0,MIA,SF,16,31,MIA,Miami Dolphins,San Francisco 49ers
1986,1986-09-28,4,0,0,NYG,NO,20,17,NYG,New York Giants,New Orleans Saints
1986,1986-09-28,4,0,0,WSH,SEA,19,14,WSH,Washington Redskins,Seattle Seahawks
1986,1986-09-28,4,0,0,TB,ATL,20,23,TB,Tampa Bay Buccaneers,Atlanta Falcons
1986,1986-09-28,4,0,0,TEN,PIT,16,22,TEN,Houston Oilers,Pittsburgh Steelers
1986,1986-09-28,4,0,0,BUF,KC,17,20,BUF,Buffalo Bills,Kansas City Chiefs
1986,1986-09-28,4,0,0,PHI,LAR,34,20,PHI,Philadelphia Eagles,Los Angeles Rams
1986,1986-09-28,4,0,0,CIN,CHI,7,44,CIN,Cincinnati Bengals,Chicago Bears
1986,1986-09-28,4,0,0,CLE,DET,24,21,CLE,Cleveland Browns,Detroit Lions
1986,1986-09-28,4,0,0,OAK,LAC,17,13,OAK,Los Angeles Raiders,San Diego Chargers
1986,1986-09-28,4,0,0,MIN,GB,42,7,MIN,Minnesota Vikings,Green Bay Packers
1986,1986-09-28,4,0,0,IND,NYJ,7,26,IND,Indianapolis Colts,New York Jets
1986,1986-09-28,4,0,0,DEN,NE,27,20,DEN,Denver Broncos,New England Patriots
1986,1986-09-29,4,0,0,ARI,DAL,7,31,ARI,St. Louis Cardinals,Dallas Cowboys
1986,1986-10-05,5,0,0,PIT,CLE,24,27,PIT,Pittsburgh Steelers,Cleveland Browns
1986,1986-10-05,5,0,0,SF,IND,35,14,SF,San Francisco 49ers,Indianapolis Colts
1986,1986-10-05,5,0,0,LAR,TB,26,20,LAR,Los Angeles Rams,Tampa Bay Buccaneers
1986,1986-10-05,5,0,0,ATL,PHI,0,16,ATL,Atlanta Falcons,Philadelphia Eagles
1986,1986-10-05,5,0,0,CHI,MIN,23,0,CHI,Chicago Bears,Minnesota Vikings
1986,1986-10-05,5,0,0,ARI,NYG,6,13,ARI,St. Louis Cardinals,New York Giants
1986,1986-10-05,5,0,0,DEN,DAL,29,14,DEN,Denver Broncos,Dallas Cowboys
1986,1986-10-05,5,0,0,DET,TEN,24,13,DET,Detroit Lions,Houston Oilers
1986,1986-10-05,5,0,0,GB,CIN,28,34,GB,Green Bay Packers,Cincinnati Bengals
1986,1986-10-05,5,0,0,KC,OAK,17,24,KC,Kansas City Chiefs,Los Angeles Raiders
1986,1986-10-05,5,0,0,NYJ,BUF,14,13,NYJ,New York Jets,Buffalo Bills
1986,1986-10-05,5,0,0,NE,MIA,34,7,NE,New England Patriots,Miami Dolphins
1986,1986-10-05,5,0,0,NO,WSH,6,14,NO,New Orleans Saints,Washington Redskins
1986,1986-10-06,5,0,0,SEA,LAC,33,7,SEA,Seattle Seahawks,San Diego Chargers
1986,1986-10-12,6,0,0,DAL,WSH,30,6,DAL,Dallas Cowboys,Washington Redskins
1986,1986-10-12,6,0,0,ATL,LAR,26,14,ATL,Atlanta Falcons,Los Angeles Rams
1986,1986-10-12,6,0,0,IND,NO,14,17,IND,Indianapolis Colts,New Orleans Saints
1986,1986-10-12,6,0,0,TEN,CHI,7,20,TEN,Houston Oilers,Chicago Bears
1986,1986-10-12,6,0,0,OAK,SEA,14,10,OAK,Los Angeles Raiders,Seattle Seahawks
1986,1986-10-12,6,0,0,SF,MIN,24,27,SF,San Francisco 49ers,Minnesota Vikings
1986,1986-10-12,6,0,0,TB,ARI,19,30,TB,Tampa Bay Buccaneers,St. Louis Cardinals
1986,1986-10-12,6,0,0,CLE,KC,20,7,CLE,Cleveland Browns,Kansas City Chiefs
1986,1986-10-12,6,0,0,LAC,DEN,14,31,LAC,San Diego Chargers,Denver Broncos
1986,1986-10-12,6,0,0,NYG,PHI,35,3,NYG,New York Giants,Philadelphia Eagles
1986,1986-10-12,6,0,0,NE,NYJ,24,31,NE,New England Patriots,New York Jets
1986,1986-10-12,6,0,0,GB,DET,14,21,GB,Green Bay Packers,Detroit Lions
1986,1986-10-12,6,0,0,MIA,BUF,27,14,MIA,Miami Dolphins,Buffalo Bills
1986,1986-10-13,6,0,0,CIN,PIT,24,22,CIN,Cincinnati Bengals,Pittsburgh Steelers
1986,1986-10-19,7,0,0,WSH,ARI,28,21,WSH,Washington Redskins,St. Louis Cardinals
1986,1986-10-19,7,0,0,ATL,SF,10,10,ATL,Atlanta Falcons,San Francisco 49ers
1986,1986-10-19,7,0,0,BUF,IND,24,13,BUF,Buffalo Bills,Indianapolis Colts
1986,1986-10-19,7,0,0,CIN,TEN,31,28,CIN,Cincinnati Bengals,Houston Oilers
1986,1986-10-19,7,0,0,CLE,GB,14,17,CLE,Cleveland Browns,Green Bay Packers
1986,1986-10-19,7,0,0,KC,LAC,42,41,KC,Kansas City Chiefs,San Diego Chargers
1986,1986-10-19,7,0,0,MIN,CHI,23,7,MIN,Minnesota Vikings,Chicago Bears
1986,1986-10-19,7,0,0,MIA,OAK,28,30,MIA,Miami Dolphins,Los Angeles Raiders
1986,1986-10-19,7,0,0,NO,TB,38,7,NO,New Orleans Saints,Tampa Bay Buccaneers
1986,1986-10-19,7,0,0,PHI,DAL,14,17,PHI,Philadelphia Eagles,Dallas Cowboys
1986,1986-10-19,7,0,0,PIT,NE,0,34,PIT,Pittsburgh Steelers,New England Patriots
1986,1986-10-19,7,0,0,LAR,DET,14,10,LAR,Los Angeles Rams,Detroit Lions
1986,1986-10-19,7,0,0,SEA,NYG,17,12,SEA,Seattle Seahawks,New York Giants
1986,1986-10-20,7,0,0,NYJ,DEN,22,10,NYJ,New York Jets,Denver Broncos
1986,1986-10-26,8,0,0,KC,TB,27,20,KC,Kansas City Chiefs,Tampa Bay Buccaneers
1986,1986-10-26,8,0,0,MIN,CLE,20,23,MIN,Minnesota Vikings,Cleveland Browns
1986,1986-10-26,8,0,0,NYJ,NO,28,23,NYJ,New York Jets,New Orleans Saints
1986,1986-10-26,8,0,0,PIT,CIN,30,9,PIT,Pittsburgh Steelers,Cincinnati Bengals
1986,1986-10-26,8,0,0,PHI,LAC,23,7,PHI,Philadelphia Eagles,San Diego Chargers
1986,1986-10-26,8,0,0,BUF,NE,3,23,BUF,Buffalo Bills,New England Patriots
1986,1986-10-26,8,0,0,CHI,DET,13,7,CHI,Chicago Bears,Detroit Lions
1986,1986-10-26,8,0,0,IND,MIA,13,17,IND,Indianapolis Colts,Miami Dolphins
1986,1986-10-26,8,0,0,LAR,ATL,14,7,LAR,Los Angeles Rams,Atlanta Falcons
1986,1986-10-26,8,0,0,DAL,ARI,37,6,DAL,Dallas Cowboys,St. Louis Cardinals
1986,1986-10-26,8,0,0,DEN,SEA,20,13,DEN,Denver Broncos,Seattle Seahawks
1986,1986-10-26,8,0,0,GB,SF,17,31,GB,Green Bay Packers,San Francisco 49ers
1986,1986-10-26,8,0,0,TEN,OAK,17,28,TEN,Houston Oilers,Los Angeles Raiders
1986,1986-10-27,8,0,0,NYG,WSH,27,20,NYG,New York Giants,Washington Redskins
1986,1986-11-02,9,0,0,NE,ATL,25,17,NE,New England Patriots,Atlanta Falcons
1986,1986-11-02,9,0,0,NYG,DAL,17,14,NYG,New York Giants,Dallas Cowboys
1986,1986-11-02,9,0,0,PIT,GB,27,3,PIT,Pittsburgh Steelers,Green Bay Packers
1986,1986-11-02,9,0,0,LAC,KC,23,24,LAC,San Diego Chargers,Kansas City Chiefs
1986,1986-11-02,9,0,0,IND,CLE,9,24,IND,Indianapolis Colts,Cleveland Browns
1986,1986-11-02,9,0,0,OAK,DEN,10,21,OAK,Los Angeles Raiders,Denver Broncos
1986,1986-11-02,9,0,0,WSH,MIN,44,38,WSH,Washington Redskins,Minnesota Vikings
1986,1986-11-02,9,0,0,SEA,NYJ,7,38,SEA,Seattle Seahawks,New York Jets
1986,1986-11-02,9,0,0,TB,BUF,34,28,TB,Tampa Bay Buccaneers,Buffalo Bills
1986,1986-11-02,9,0,0,ARI,PHI,13,10,ARI,St. Louis Cardinals,Philadelphia Eagles
1986,1986-11-02,9,0,0,DET,CIN,17,24,DET,Detroit Lions,Cincinnati Bengals
1986,1986-11-02,9,0,0,MIA,TEN,28,7,MIA,Miami Dolphins,Houston Oilers
1986,1986-11-02,9,0,0,NO,SF,23,10,NO,New Orleans Saints,San Francisco 49ers
1986,1986-11-03,9,0,0,CHI,LAR,17,20,CHI,Chicago Bears,Los Angeles Rams
1986,1986-11-09,10,0,0,DET,MIN,10,24,DET,Detroit Lions,Minnesota Vikings
1986,1986-11-09,10,0,0,PHI,NYG,14,17,PHI,Philadelphia Eagles,New York Giants
1986,1986-11-09,10,0,0,TEN,CIN,32,28,TEN,Houston Oilers,Cincinnati Bengals
1986,1986-11-09,10,0,0,KC,SEA,27,7,KC,Kansas City Chiefs,Seattle Seahawks
1986,1986-11-09,10,0,0,GB,WSH,7,16,GB,Green Bay Packers,Washington Redskins
1986,1986-11-09,10,0,0,ATL,NYJ,14,28,ATL,Atlanta Falcons,New York Jets
1986,1986-11-09,10,0,0,TB,CHI,3,23,TB,Tampa Bay Buccaneers,Chicago Bears
1986,1986-11-09,10,0,0,DAL,OAK,13,17,DAL,Dallas Cowboys,Los Angeles Raiders
1986,1986-11-09,10,0,0,NO,LAR,6,0,NO,New Orleans Saints,Los Angeles Rams
1986,1986-11-09,10,0,0,SF,ARI,43,17,SF,San Francisco 49ers,St. Louis Cardinals
1986,1986-11-09,10,0,0,IND,NE,21,30,IND,Indianapolis Colts,New England Patriots
1986,1986-11-09,10,0,0,DEN,LAC,3,9,DEN,Denver Broncos,San Diego Chargers
1986,1986-11-09,10,0,0,BUF,PIT,16,12,BUF,Buffalo Bills,Pittsburgh Steelers
1986,1986-11-10,10,0,0,CLE,MIA,26,16,CLE,Cleveland Browns,Miami Dolphins
1986,1986-11-16,11,0,0,PIT,TEN,21,10,PIT,Pittsburgh Steelers,Houston Oilers
1986,1986-11-16,11,0,0,CIN,SEA,34,7,CIN,Cincinnati Bengals,Seattle Seahawks
1986,1986-11-16,11,0,0,ARI,NO,7,16,ARI,St. Louis Cardinals,New Orleans Saints
1986,1986-11-16,11,0,0,DEN,KC,38,17,DEN,Denver Broncos,Kansas City Chiefs
1986,1986-11-16,11,0,0,GB,TB,31,7,GB,Green Bay Packers,Tampa Bay Buccaneers
1986,1986-11-16,11,0,0,MIN,NYG,20,22,MIN,Minnesota Vikings,New York Giants
1986,1986-11-16,11,0,0,NYJ,IND,31,16,NYJ,New York Jets,Indianapolis Colts
1986,1986-11-16,11,0,0,PHI,DET,11,13,PHI,Philadelphia Eagles,Detroit Lions
1986,1986-11-16,11,0,0,OAK,CLE,27,14,OAK,Los Angeles Raiders,Cleveland Browns
1986,1986-11-16,11,0,0,ATL,CHI,10,13,ATL,Atlanta Falcons,Chicago Bears
1986,1986-11-16,11,0,0,BUF,MIA,24,34,BUF,Buffalo Bills,Miami Dolphins
1986,1986-11-16,11,0,0,LAR,NE,28,30,LAR,Los Angeles Rams,New England Patriots
1986,1986-11-16,11,0,0,LAC,DAL,21,24,LAC,San Diego Chargers,Dallas Cowboys
1986,1986-11-17,11,0,0,WSH,SF,14,6,WSH,Washington Redskins,San Francisco 49ers
1986,1986-11-20,12,0,0,LAC,OAK,31,37,LAC,San Diego Chargers,Los Angeles Raiders
1986,1986-11-23,12,0,0,LAR,NO,26,13,LAR,Los Angeles Rams,New Orleans Saints
1986,1986-11-23,12,0,0,CIN,MIN,24,20,CIN,Cincinnati Bengals,Minnesota Vikings
1986,1986-11-23,12,0,0,CHI,GB,12,10,CHI,Chicago Bears,Green Bay Packers
1986,1986-11-23,12,0,0,WSH,DAL,41,14,WSH,Washington Redskins,Dallas Cowboys
1986,1986-11-23,12,0,0,TB,DET,17,38,TB,Tampa Bay Buccaneers,Detroit Lions
1986,1986-11-23,12,0,0,CLE,PIT,37,31,CLE,Cleveland Browns,Pittsburgh Steelers
1986,1986-11-23,12,0,0,TEN,IND,31,17,TEN,Houston Oilers,Indianapolis Colts
1986,1986-11-23,12,0,0,NE,BUF,22,19,NE,New England Patriots,Buffalo Bills
1986,1986-11-23,12,0,0,ARI,KC,23,14,ARI,St. Louis Cardinals,Kansas City Chiefs
1986,1986-11-23,12,0,0,SF,ATL,20,0,SF,San Francisco 49ers,Atlanta Falcons
1986,1986-11-23,12,0,0,NYG,DEN,19,16,NYG,New York Giants,Denver Broncos
1986,1986-11-23,12,0,0,SEA,PHI,24,20,SEA,Seattle Seahawks,Philadelphia Eagles
1986,1986-11-24,12,0,0,MIA,NYJ,45,3,MIA,Miami Dolphins,New York Jets
1986,1986-11-27,13,0,0,DET,GB,40,44,DET,Detroit Lions,Green Bay Packers
1986,1986-11-27,13,0,0,DAL,SEA,14,31,DAL,Dallas Cowboys,Seattle Seahawks
1986,1986-11-30,13,0,0,ARI,WSH,17,20,ARI,St. Louis Cardinals,Washington Redskins
1986,1986-11-30,13,0,0,DEN,CIN,34,28,DEN,Denver Broncos,Cincinnati Bengals
1986,1986-11-30,13,0,0,CLE,TEN,13,10,CLE,Cleveland Browns,Houston Oilers
1986,1986-11-30,13,0,0,CHI,PIT,13,10,CHI,Chicago Bears,Pittsburgh Steelers
1986,1986-11-30,13,0,0,OAK,PHI,27,33,OAK,Los Angeles Raiders,Philadelphia Eagles
1986,1986-11-30,13,0,0,IND,LAC,3,17,IND,Indianapolis Colts,San Diego Chargers
1986,1986-11-30,13,0,0,KC,BUF,14,17,KC,Kansas City Chiefs,Buffalo Bills
1986,1986-11-30,13,0,0,MIA,ATL,14,20,MIA,Miami Dolphins,Atlanta Falcons
1986,1986-11-30,13,0,0,MIN,TB,45,13,MIN,Minnesota Vikings,Tampa Bay Buccaneers
1986,1986-11-30,13,0,0,NO,NE,20,21,NO,New Orleans Saints,New England Patriots
1986,1986-11-30,13,0,0,NYJ,LAR,3,17,NYJ,New York Jets,Los Angeles Rams
1986,1986-12-01,13,0,0,SF,NYG,17,21,SF,San Francisco 49ers,New York Giants
1986,1986-12-07,14,0,0,PIT,DET,27,17,PIT,Pittsburgh Steelers,Detroit Lions
1986,1986-12-07,14,0,0,SF,NYJ,24,10,SF,San Francisco 49ers,New York Jets
1986,1986-12-07,14,0,0,CHI,TB,48,14,CHI,Chicago Bears,Tampa Bay Buccaneers
1986,1986-12-07,14,0,0,GB,MIN,6,32,GB,Green Bay Packers,Minnesota Vikings
1986,1986-12-07,14,0,0,LAC,TEN,27,0,LAC,San Diego Chargers,Houston Oilers
1986,1986-12-07,14,0,0,NE,CIN,7,31,NE,New England Patriots,Cincinnati Bengals
1986,1986-12-07,14,0,0,KC,DEN,37,10,KC,Kansas City Chiefs,Denver Broncos
1986,1986-12-07,14,0,0,WSH,NYG,14,24,WSH,Washington Redskins,New York Giants
1986,1986-12-07,14,0,0,LAR,DAL,29,10,LAR,Los Angeles Rams,Dallas Cowboys
1986,1986-12-07,14,0,0,BUF,CLE,17,21,BUF,Buffalo Bills,Cleveland Browns
1986,1986-12-07,14,0,0,ATL,IND,23,28,ATL,Atlanta Falcons,Indianapolis Colts
1986,1986-12-07,14,0,0,NO,MIA,27,31,NO,New Orleans Saints,Miami Dolphins
1986,1986-12-07,14,0,0,PHI,ARI,10,10,PHI,Philadelphia Eagles,St. Louis Cardinals
1986,1986-12-08,14,0,0,SEA,OAK,37,0,SEA,Seattle Seahawks,Los Angeles Raiders
1986,1986-12-13,15,0,0,DEN,WSH,31,30,DEN,Denver Broncos,Washington Redskins
1986,1986-12-13,15,0,0,NYJ,PIT,24,45,NYJ,New York Jets,Pittsburgh Steelers
1986,1986-12-14,15,0,0,CIN,CLE,3,34,CIN,Cincinnati Bengals,Cleveland Browns
1986,1986-12-14,15,0,0,LAR,MIA,31,37,LAR,Los Angeles Rams,Miami Dolphins
1986,1986-12-14,15,0,0,OAK,KC,17,20,OAK,Los Angeles Raiders,Kansas City Chiefs
1986,1986-12-14,15,0,0,TEN,MIN,23,10,TEN,Houston Oilers,Minnesota Vikings
1986,1986-12-14,15,0,0,NYG,ARI,27,7,NYG,New York Giants,St. Louis Cardinals
1986,1986-12-14,15,0,0,ATL,NO,9,14,ATL,Atlanta Falcons,New Orleans Saints
1986,1986-12-14,15,0,0,NE,SF,24,29,NE,New England Patriots,San Francisco 49ers
1986,1986-12-14,15,0,0,DAL,PHI,21,23,DAL,Dallas Cowboys,Philadelphia Eagles
1986,1986-12-14,15,0,0,IND,BUF,24,14,IND,Indianapolis Colts,Buffalo Bills
1986,1986-12-14,15,0,0,TB,GB,7,21,TB,Tampa Bay Buccaneers,Green Bay Packers
1986,1986-12-14,15,0,0,LAC,SEA,24,34,LAC,San Diego Chargers,Seattle Seahawks
1986,1986-12-15,15,0,0,DET,CHI,13,16,DET,Detroit Lions,Chicago Bears
1986,1986-12-19,16,0,0,SF,LAR,24,14,SF,San Francisco 49ers,Los Angeles Rams
1986,1986-12-20,16,0,0,NYG,GB,55,24,NYG,New York Giants,Green Bay Packers
1986,1986-12-20,16,0,0,SEA,DEN,41,16,SEA,Seattle Seahawks,Denver Broncos
1986,1986-12-21,16,0,0,DAL,CHI,10,24,DAL,Dallas Cowboys,Chicago Bears
1986,1986-12-21,16,0,0,CLE,LAC,47,17,CLE,Cleveland Browns,San Diego Chargers
1986,1986-12-21,16,0,0,OAK,IND,24,30,OAK,Los Angeles Raiders,Indianapolis Colts
1986,1986-12-21,16,0,0,PIT,KC,19,24,PIT,Pittsburgh Steelers,Kansas City Chiefs
1986,1986-12-21,16,0,0,PHI,WSH,14,21,PHI,Philadelphia Eagles,Washington Redskins
1986,1986-12-21,16,0,0,TEN,BUF,16,7,TEN,Houston Oilers,Buffalo Bills
1986,1986-12-21,16,0,0,MIN,NO,33,17,MIN,Minnesota Vikings,New Orleans Saints
1986,1986-12-21,16,0,0,DET,ATL,6,20,DET,Detroit Lions,Atlanta Falcons
1986,1986-12-21,16,0,0,ARI,TB,21,17,ARI,St. Louis Cardinals,Tampa Bay Buccaneers
1986,1986-12-21,16,0,0,CIN,NYJ,52,21,CIN,Cincinnati Bengals,New York Jets
1986,1986-12-22,16,0,0,MIA,NE,27,34,MIA,Miami Dolphins,New England Patriots
1986,1986-12-28,Wildcard,1,0,WSH,LAR,19,7,WSH,Washington Redskins,Los Angeles Rams
1986,1986-12-28,Wildcard,1,0,NYJ,KC,35,15,NYJ,New York Jets,Kansas City Chiefs
1986,1987-01-03,Division,1,0,CHI,WSH,13,27,CHI,Chicago Bears,Washington Redskins
1986,1987-01-03,Division,1,0,CLE,NYJ,23,20,CLE,Cleveland Browns,New York Jets
1986,1987-01-04,Division,1,0,DEN,NE,22,17,DEN,Denver Broncos,New England Patriots
1986,1987-01-04,Division,1,0,NYG,SF,49,3,NYG,New York Giants,San Francisco 49ers
1986,1987-01-11,Conference,1,0,CLE,DEN,20,23,CLE,Cleveland Browns,Denver Broncos
1986,1987-01-11,Conference,1,0,NYG,WSH,17,0,NYG,New York Giants,Washington Redskins
1986,1987-01-25,Superbowl,1,1,NYG,DEN,39,20,NYG,New York Giants,Denver Broncos
1987,1987-09-13,1,0,0,NO,CLE,28,21,NO,New Orleans Saints,Cleveland Browns
1987,1987-09-13,1,0,0,MIN,DET,34,19,MIN,Minnesota Vikings,Detroit Lions
1987,1987-09-13,1,0,0,DEN,SEA,40,17,DEN,Denver Broncos,Seattle Seahawks
1987,1987-09-13,1,0,0,GB,OAK,0,20,GB,Green Bay Packers,Los Angeles Raiders
1987,1987-09-13,1,0,0,KC,LAC,20,13,KC,Kansas City Chiefs,San Diego Chargers
1987,1987-09-13,1,0,0,TEN,LAR,20,16,TEN,Houston Oilers,Los Angeles Rams
1987,1987-09-13,1,0,0,ARI,DAL,24,13,ARI,St. Louis Cardinals,Dallas Cowboys
1987,1987-09-13,1,0,0,BUF,NYJ,28,31,BUF,Buffalo Bills,New York Jets
1987,1987-09-13,1,0,0,WSH,PHI,34,24,WSH,Washington Redskins,Philadelphia Eagles
1987,1987-09-13,1,0,0,TB,ATL,48,10,TB,Tampa Bay Buccaneers,Atlanta Falcons
1987,1987-09-13,1,0,0,IND,CIN,21,23,IND,Indianapolis Colts,Cincinnati Bengals
1987,1987-09-13,1,0,0,PIT,SF,30,17,PIT,Pittsburgh Steelers,San Francisco 49ers
1987,1987-09-13,1,0,0,NE,MIA,28,21,NE,New England Patriots,Miami Dolphins
1987,1987-09-14,1,0,0,CHI,NYG,34,19,CHI,Chicago Bears,New York Giants
1987,1987-09-20,2,0,0,LAC,ARI,28,24,LAC,San Diego Chargers,St. Louis Cardinals
1987,1987-09-20,2,0,0,SEA,KC,43,14,SEA,Seattle Seahawks,Kansas City Chiefs
1987,1987-09-20,2,0,0,OAK,DET,27,7,OAK,Los Angeles Raiders,Detroit Lions
1987,1987-09-20,2,0,0,PHI,NO,27,17,PHI,Philadelphia Eagles,New Orleans Saints
1987,1987-09-20,2,0,0,NYG,DAL,14,16,NYG,New York Giants,Dallas Cowboys
1987,1987-09-20,2,0,0,IND,MIA,10,23,IND,Indianapolis Colts,Miami Dolphins
1987,1987-09-20,2,0,0,CLE,PIT,34,10,CLE,Cleveland Browns,Pittsburgh Steelers
1987,1987-09-20,2,0,0,CIN,SF,26,27,CIN,Cincinnati Bengals,San Francisco 49ers
1987,1987-09-20,2,0,0,CHI,TB,20,3,CHI,Chicago Bears,Tampa Bay Buccaneers
1987,1987-09-20,2,0,0,BUF,TEN,34,30,BUF,Buffalo Bills,Houston Oilers
1987,1987-09-20,2,0,0,ATL,WSH,21,20,ATL,Atlanta Falcons,Washington Redskins
1987,1987-09-20,2,0,0,GB,DEN,17,17,GB,Green Bay Packers,Denver Broncos
1987,1987-09-20,2,0,0,LAR,MIN,16,21,LAR,Los Angeles Rams,Minnesota Vikings
1987,1987-09-21,2,0,0,NYJ,NE,43,24,NYJ,New York Jets,New England Patriots
1987,1987-10-04,4,0,0,SEA,MIA,24,20,NA,NA,NA
1987,1987-10-04,4,0,0,WSH,ARI,28,21,NA,NA,NA
1987,1987-10-04,4,0,0,MIN,GB,16,23,NA,NA,NA
1987,1987-10-04,4,0,0,NE,CLE,10,20,NA,NA,NA
1987,1987-10-04,4,0,0,DET,TB,27,31,NA,NA,NA
1987,1987-10-04,4,0,0,CIN,LAC,9,10,NA,NA,NA
1987,1987-10-04,4,0,0,NYJ,DAL,24,38,NA,NA,NA
1987,1987-10-04,4,0,0,NO,LAR,37,10,NA,NA,NA
1987,1987-10-04,4,0,0,PHI,CHI,3,35,NA,NA,NA
1987,1987-10-04,4,0,0,OAK,KC,35,17,NA,NA,NA
1987,1987-10-04,4,0,0,DEN,TEN,10,40,NA,NA,NA
1987,1987-10-04,4,0,0,ATL,PIT,12,28,NA,NA,NA
1987,1987-10-04,4,0,0,BUF,IND,6,47,NA,NA,NA
1987,1987-10-05,4,0,0,NYG,SF,21,41,NA,NA,NA
1987,1987-10-11,5,0,0,ATL,SF,17,25,NA,NA,NA
1987,1987-10-11,5,0,0,LAR,PIT,31,21,NA,NA,NA
1987,1987-10-11,5,0,0,TB,LAC,13,17,NA,NA,NA
1987,1987-10-11,5,0,0,CHI,MIN,27,7,NA,NA,NA
1987,1987-10-11,5,0,0,CLE,TEN,10,15,NA,NA,NA
1987,1987-10-11,5,0,0,IND,NYJ,6,0,NA,NA,NA
1987,1987-10-11,5,0,0,ARI,NO,24,19,NA,NA,NA
1987,1987-10-11,5,0,0,DAL,PHI,41,22,NA,NA,NA
1987,1987-10-11,5,0,0,GB,DET,16,19,NA,NA,NA
1987,1987-10-11,5,0,0,MIA,KC,42,0,NA,NA,NA
1987,1987-10-11,5,0,0,NE,BUF,14,7,NA,NA,NA
1987,1987-10-11,5,0,0,NYG,WSH,12,38,NA,NA,NA
1987,1987-10-11,5,0,0,SEA,CIN,10,17,NA,NA,NA
1987,1987-10-12,5,0,0,DEN,OAK,30,14,NA,NA,NA
1987,1987-10-18,6,0,0,PIT,IND,21,7,NA,NA,NA
1987,1987-10-18,6,0,0,TEN,NE,7,21,NA,NA,NA
1987,1987-10-18,6,0,0,CHI,NO,17,19,NA,NA,NA
1987,1987-10-18,6,0,0,CIN,CLE,0,34,NA,NA,NA
1987,1987-10-18,6,0,0,BUF,NYG,6,3,NA,NA,NA
1987,1987-10-18,6,0,0,ATL,LAR,24,20,NA,NA,NA
1987,1987-10-18,6,0,0,TB,MIN,20,10,NA,NA,NA
1987,1987-10-18,6,0,0,NYJ,MIA,37,31,NA,NA,NA
1987,1987-10-18,6,0,0,SF,ARI,34,28,NA,NA,NA
1987,1987-10-18,6,0,0,OAK,LAC,17,23,NA,NA,NA
1987,1987-10-18,6,0,0,DET,SEA,14,37,NA,NA,NA
1987,1987-10-18,6,0,0,GB,PHI,16,10,NA,NA,NA
1987,1987-10-18,6,0,0,KC,DEN,17,26,NA,NA,NA
1987,1987-10-19,6,0,0,DAL,WSH,7,13,NA,NA,NA
1987,1987-10-25,7,0,0,TEN,ATL,37,33,TEN,Houston Oilers,Atlanta Falcons
1987,1987-10-25,7,0,0,NO,SF,22,24,NO,New Orleans Saints,San Francisco 49ers
1987,1987-10-25,7,0,0,MIA,BUF,31,34,MIA,Miami Dolphins,Buffalo Bills
1987,1987-10-25,7,0,0,DET,GB,33,34,DET,Detroit Lions,Green Bay Packers
1987,1987-10-25,7,0,0,IND,NE,30,16,IND,Indianapolis Colts,New England Patriots
1987,1987-10-25,7,0,0,LAC,KC,42,21,LAC,San Diego Chargers,Kansas City Chiefs
1987,1987-10-25,7,0,0,WSH,NYJ,17,16,WSH,Washington Redskins,New York Jets
1987,1987-10-25,7,0,0,NYG,ARI,30,7,NYG,New York Giants,St. Louis Cardinals
1987,1987-10-25,7,0,0,TB,CHI,26,27,TB,Tampa Bay Buccaneers,Chicago Bears
1987,1987-10-25,7,0,0,OAK,SEA,13,35,OAK,Los Angeles Raiders,Seattle Seahawks
1987,1987-10-25,7,0,0,PIT,CIN,23,20,PIT,Pittsburgh Steelers,Cincinnati Bengals
1987,1987-10-25,7,0,0,PHI,DAL,37,20,PHI,Philadelphia Eagles,Dallas Cowboys
1987,1987-10-26,7,0,0,MIN,DEN,34,27,MIN,Minnesota Vikings,Denver Broncos
1987,1987-10-26,7,0,0,CLE,LAR,30,17,CLE,Cleveland Browns,Los Angeles Rams
1987,1987-11-01,8,0,0,NYJ,IND,14,19,NYJ,New York Jets,Indianapolis Colts
1987,1987-11-01,8,0,0,LAR,SF,10,31,LAR,Los Angeles Rams,San Francisco 49ers
1987,1987-11-01,8,0,0,ATL,NO,0,38,ATL,Atlanta Falcons,New Orleans Saints
1987,1987-11-01,8,0,0,DEN,DET,34,0,DEN,Denver Broncos,Detroit Lions
1987,1987-11-01,8,0,0,LAC,CLE,27,24,LAC,San Diego Chargers,Cleveland Browns
1987,1987-11-01,8,0,0,GB,TB,17,23,GB,Green Bay Packers,Tampa Bay Buccaneers
1987,1987-11-01,8,0,0,SEA,MIN,28,17,SEA,Seattle Seahawks,Minnesota Vikings
1987,1987-11-01,8,0,0,CHI,KC,31,28,CHI,Chicago Bears,Kansas City Chiefs
1987,1987-11-01,8,0,0,MIA,PIT,35,24,MIA,Miami Dolphins,Pittsburgh Steelers
1987,1987-11-01,8,0,0,NE,OAK,26,23,NE,New England Patriots,Los Angeles Raiders
1987,1987-11-01,8,0,0,BUF,WSH,7,27,BUF,Buffalo Bills,Washington Redskins
1987,1987-11-01,8,0,0,CIN,TEN,29,31,CIN,Cincinnati Bengals,Houston Oilers
1987,1987-11-01,8,0,0,ARI,PHI,23,28,ARI,St. Louis Cardinals,Philadelphia Eagles
1987,1987-11-02,8,0,0,DAL,NYG,33,24,DAL,Dallas Cowboys,New York Giants
1987,1987-11-08,9,0,0,CLE,ATL,38,3,CLE,Cleveland Browns,Atlanta Falcons
1987,1987-11-08,9,0,0,SF,TEN,27,20,SF,San Francisco 49ers,Houston Oilers
1987,1987-11-08,9,0,0,ARI,TB,31,28,ARI,St. Louis Cardinals,Tampa Bay Buccaneers
1987,1987-11-08,9,0,0,GB,CHI,24,26,GB,Green Bay Packers,Chicago Bears
1987,1987-11-08,9,0,0,KC,PIT,16,17,KC,Kansas City Chiefs,Pittsburgh Steelers
1987,1987-11-08,9,0,0,MIN,OAK,31,20,MIN,Minnesota Vikings,Los Angeles Raiders
1987,1987-11-08,9,0,0,LAR,NO,14,31,LAR,Los Angeles Rams,New Orleans Saints
1987,1987-11-08,9,0,0,DET,DAL,27,17,DET,Detroit Lions,Dallas Cowboys
1987,1987-11-08,9,0,0,NYG,NE,17,10,NYG,New York Giants,New England Patriots
1987,1987-11-08,9,0,0,IND,LAC,13,16,IND,Indianapolis Colts,San Diego Chargers
1987,1987-11-08,9,0,0,PHI,WSH,31,27,PHI,Philadelphia Eagles,Washington Redskins
1987,1987-11-08,9,0,0,BUF,DEN,21,14,BUF,Buffalo Bills,Denver Broncos
1987,1987-11-08,9,0,0,CIN,MIA,14,20,CIN,Cincinnati Bengals,Miami Dolphins
1987,1987-11-09,9,0,0,NYJ,SEA,30,14,NYJ,New York Jets,Seattle Seahawks
1987,1987-11-15,10,0,0,SEA,GB,24,13,SEA,Seattle Seahawks,Green Bay Packers
1987,1987-11-15,10,0,0,ATL,CIN,10,16,ATL,Atlanta Falcons,Cincinnati Bengals
1987,1987-11-15,10,0,0,NE,DAL,17,23,NE,New England Patriots,Dallas Cowboys
1987,1987-11-15,10,0,0,SF,NO,24,26,SF,San Francisco 49ers,New Orleans Saints
1987,1987-11-15,10,0,0,MIN,TB,23,17,MIN,Minnesota Vikings,Tampa Bay Buccaneers
1987,1987-11-15,10,0,0,KC,NYJ,9,16,KC,Kansas City Chiefs,New York Jets
1987,1987-11-15,10,0,0,CLE,BUF,27,21,CLE,Cleveland Browns,Buffalo Bills
1987,1987-11-15,10,0,0,MIA,IND,21,40,MIA,Miami Dolphins,Indianapolis Colts
1987,1987-11-15,10,0,0,PHI,NYG,17,20,PHI,Philadelphia Eagles,New York Giants
1987,1987-11-15,10,0,0,PIT,TEN,3,23,PIT,Pittsburgh Steelers,Houston Oilers
1987,1987-11-15,10,0,0,WSH,DET,20,13,WSH,Washington Redskins,Detroit Lions
1987,1987-11-15,10,0,0,ARI,LAR,24,27,ARI,St. Louis Cardinals,Los Angeles Rams
1987,1987-11-15,10,0,0,LAC,OAK,16,14,LAC,San Diego Chargers,Los Angeles Raiders
1987,1987-11-16,10,0,0,DEN,CHI,31,29,DEN,Denver Broncos,Chicago Bears
1987,1987-11-22,11,0,0,NYJ,BUF,14,17,NYJ,New York Jets,Buffalo Bills
1987,1987-11-22,11,0,0,CHI,DET,30,10,CHI,Chicago Bears,Detroit Lions
1987,1987-11-22,11,0,0,CIN,PIT,16,30,CIN,Cincinnati Bengals,Pittsburgh Steelers
1987,1987-11-22,11,0,0,DAL,MIA,14,20,DAL,Dallas Cowboys,Miami Dolphins
1987,1987-11-22,11,0,0,KC,GB,3,23,KC,Kansas City Chiefs,Green Bay Packers
1987,1987-11-22,11,0,0,MIN,ATL,24,13,MIN,Minnesota Vikings,Atlanta Falcons
1987,1987-11-22,11,0,0,NO,NYG,23,14,NO,New Orleans Saints,New York Giants
1987,1987-11-22,11,0,0,NE,IND,24,0,NE,New England Patriots,Indianapolis Colts
1987,1987-11-22,11,0,0,TEN,CLE,7,40,TEN,Houston Oilers,Cleveland Browns
1987,1987-11-22,11,0,0,PHI,ARI,19,31,PHI,Philadelphia Eagles,St. Louis Cardinals
1987,1987-11-22,11,0,0,OAK,DEN,17,23,OAK,Los Angeles Raiders,Denver Broncos
1987,1987-11-22,11,0,0,TB,SF,10,24,TB,Tampa Bay Buccaneers,San Francisco 49ers
1987,1987-11-22,11,0,0,SEA,LAC,34,3,SEA,Seattle Seahawks,San Diego Chargers
1987,1987-11-23,11,0,0,WSH,LAR,26,30,WSH,Washington Redskins,Los Angeles Rams
1987,1987-11-26,12,0,0,DET,KC,20,27,DET,Detroit Lions,Kansas City Chiefs
1987,1987-11-26,12,0,0,DAL,MIN,38,44,DAL,Dallas Cowboys,Minnesota Vikings
1987,1987-11-29,12,0,0,CHI,GB,23,10,CHI,Chicago Bears,Green Bay Packers
1987,1987-11-29,12,0,0,BUF,MIA,27,0,BUF,Buffalo Bills,Miami Dolphins
1987,1987-11-29,12,0,0,ATL,ARI,21,34,ATL,Atlanta Falcons,St. Louis Cardinals
1987,1987-11-29,12,0,0,WSH,NYG,23,19,WSH,Washington Redskins,New York Giants
1987,1987-11-29,12,0,0,LAC,DEN,17,31,LAC,San Diego Chargers,Denver Broncos
1987,1987-11-29,12,0,0,NYJ,CIN,27,20,NYJ,New York Jets,Cincinnati Bengals
1987,1987-11-29,12,0,0,IND,TEN,51,27,IND,Indianapolis Colts,Houston Oilers
1987,1987-11-29,12,0,0,LAR,TB,35,3,LAR,Los Angeles Rams,Tampa Bay Buccaneers
1987,1987-11-29,12,0,0,NE,PHI,31,34,NE,New England Patriots,Philadelphia Eagles
1987,1987-11-29,12,0,0,SF,CLE,38,24,SF,San Francisco 49ers,Cleveland Browns
1987,1987-11-29,12,0,0,PIT,NO,16,20,PIT,Pittsburgh Steelers,New Orleans Saints
1987,1987-11-30,12,0,0,SEA,OAK,14,37,SEA,Seattle Seahawks,Los Angeles Raiders
1987,1987-12-06,13,0,0,DET,LAR,16,37,DET,Detroit Lions,Los Angeles Rams
1987,1987-12-06,13,0,0,TEN,LAC,33,18,TEN,Houston Oilers,San Diego Chargers
1987,1987-12-06,13,0,0,CIN,KC,30,27,CIN,Cincinnati Bengals,Kansas City Chiefs
1987,1987-12-06,13,0,0,ARI,WSH,17,34,ARI,St. Louis Cardinals,Washington Redskins
1987,1987-12-06,13,0,0,DAL,ATL,10,21,DAL,Dallas Cowboys,Atlanta Falcons
1987,1987-12-06,13,0,0,DEN,NE,31,20,DEN,Denver Broncos,New England Patriots
1987,1987-12-06,13,0,0,GB,SF,12,23,GB,Green Bay Packers,San Francisco 49ers
1987,1987-12-06,13,0,0,MIN,CHI,24,30,MIN,Minnesota Vikings,Chicago Bears
1987,1987-12-06,13,0,0,NO,TB,44,34,NO,New Orleans Saints,Tampa Bay Buccaneers
1987,1987-12-06,13,0,0,NYG,PHI,23,20,NYG,New York Giants,Philadelphia Eagles
1987,1987-12-06,13,0,0,PIT,SEA,13,9,PIT,Pittsburgh Steelers,Seattle Seahawks
1987,1987-12-06,13,0,0,CLE,IND,7,9,CLE,Cleveland Browns,Indianapolis Colts
1987,1987-12-06,13,0,0,OAK,BUF,34,21,OAK,Los Angeles Raiders,Buffalo Bills
1987,1987-12-07,13,0,0,MIA,NYJ,37,28,MIA,Miami Dolphins,New York Jets
1987,1987-12-13,14,0,0,IND,BUF,3,27,IND,Indianapolis Colts,Buffalo Bills
1987,1987-12-13,14,0,0,KC,OAK,16,10,KC,Kansas City Chiefs,Los Angeles Raiders
1987,1987-12-13,14,0,0,NE,NYJ,42,20,NE,New England Patriots,New York Jets
1987,1987-12-13,14,0,0,NO,TEN,24,10,NO,New Orleans Saints,Houston Oilers
1987,1987-12-13,14,0,0,LAC,PIT,16,20,LAC,San Diego Chargers,Pittsburgh Steelers
1987,1987-12-13,14,0,0,WSH,DAL,24,20,WSH,Washington Redskins,Dallas Cowboys
1987,1987-12-13,14,0,0,ARI,NYG,27,24,ARI,St. Louis Cardinals,New York Giants
1987,1987-12-13,14,0,0,LAR,ATL,33,0,LAR,Los Angeles Rams,Atlanta Falcons
1987,1987-12-13,14,0,0,GB,MIN,16,10,GB,Green Bay Packers,Minnesota Vikings
1987,1987-12-13,14,0,0,TB,DET,10,20,TB,Tampa Bay Buccaneers,Detroit Lions
1987,1987-12-13,14,0,0,CLE,CIN,38,24,CLE,Cleveland Browns,Cincinnati Bengals
1987,1987-12-13,14,0,0,SEA,DEN,28,21,SEA,Seattle Seahawks,Denver Broncos
1987,1987-12-13,14,0,0,PHI,MIA,10,28,PHI,Philadelphia Eagles,Miami Dolphins
1987,1987-12-14,14,0,0,SF,CHI,41,0,SF,San Francisco 49ers,Chicago Bears
1987,1987-12-19,15,0,0,DEN,KC,20,17,DEN,Denver Broncos,Kansas City Chiefs
1987,1987-12-19,15,0,0,NYG,GB,20,10,NYG,New York Giants,Green Bay Packers
1987,1987-12-20,15,0,0,TEN,PIT,24,16,TEN,Houston Oilers,Pittsburgh Steelers
1987,1987-12-20,15,0,0,MIA,WSH,23,21,MIA,Miami Dolphins,Washington Redskins
1987,1987-12-20,15,0,0,DET,MIN,14,17,DET,Detroit Lions,Minnesota Vikings
1987,1987-12-20,15,0,0,CIN,NO,24,41,CIN,Cincinnati Bengals,New Orleans Saints
1987,1987-12-20,15,0,0,CHI,SEA,21,34,CHI,Chicago Bears,Seattle Seahawks
1987,1987-12-20,15,0,0,BUF,NE,7,13,BUF,Buffalo Bills,New England Patriots
1987,1987-12-20,15,0,0,LAC,IND,7,20,LAC,San Diego Chargers,Indianapolis Colts
1987,1987-12-20,15,0,0,TB,ARI,14,31,TB,Tampa Bay Buccaneers,St. Louis Cardinals
1987,1987-12-20,15,0,0,SF,ATL,35,7,SF,San Francisco 49ers,Atlanta Falcons
1987,1987-12-20,15,0,0,OAK,CLE,17,24,OAK,Los Angeles Raiders,Cleveland Browns
1987,1987-12-20,15,0,0,NYJ,PHI,27,38,NYJ,New York Jets,Philadelphia Eagles
1987,1987-12-21,15,0,0,LAR,DAL,21,29,LAR,Los Angeles Rams,Dallas Cowboys
1987,1987-12-26,16,0,0,MIN,WSH,24,27,MIN,Minnesota Vikings,Washington Redskins
1987,1987-12-26,16,0,0,PIT,CLE,13,19,PIT,Pittsburgh Steelers,Cleveland Browns
1987,1987-12-27,16,0,0,DAL,ARI,21,16,DAL,Dallas Cowboys,St. Louis Cardinals
1987,1987-12-27,16,0,0,DEN,LAC,24,0,DEN,Denver Broncos,San Diego Chargers
1987,1987-12-27,16,0,0,SF,LAR,48,0,SF,San Francisco 49ers,Los Angeles Rams
1987,1987-12-27,16,0,0,KC,SEA,41,20,KC,Kansas City Chiefs,Seattle Seahawks
1987,1987-12-27,16,0,0,NYG,NYJ,20,7,NYG,New York Giants,New York Jets
1987,1987-12-27,16,0,0,ATL,DET,13,30,ATL,Atlanta Falcons,Detroit Lions
1987,1987-12-27,16,0,0,IND,TB,24,6,IND,Indianapolis Colts,Tampa Bay Buccaneers
1987,1987-12-27,16,0,0,NO,GB,33,24,NO,New Orleans Saints,Green Bay Packers
1987,1987-12-27,16,0,0,OAK,CHI,3,6,OAK,Los Angeles Raiders,Chicago Bears
1987,1987-12-27,16,0,0,PHI,BUF,17,7,PHI,Philadelphia Eagles,Buffalo Bills
1987,1987-12-27,16,0,0,TEN,CIN,21,17,TEN,Houston Oilers,Cincinnati Bengals
1987,1987-12-28,16,0,0,MIA,NE,10,24,MIA,Miami Dolphins,New England Patriots
1987,1988-01-03,Wildcard,1,0,NO,MIN,10,44,NO,New Orleans Saints,Minnesota Vikings
1987,1988-01-03,Wildcard,1,0,TEN,SEA,23,20,TEN,Houston Oilers,Seattle Seahawks
1987,1988-01-09,Division,1,0,CLE,IND,38,21,CLE,Cleveland Browns,Indianapolis Colts
1987,1988-01-09,Division,1,0,SF,MIN,24,36,SF,San Francisco 49ers,Minnesota Vikings
1987,1988-01-10,Division,1,0,CHI,WSH,17,21,CHI,Chicago Bears,Washington Redskins
1987,1988-01-10,Division,1,0,DEN,TEN,34,10,DEN,Denver Broncos,Houston Oilers
1987,1988-01-17,Conference,1,0,DEN,CLE,38,33,DEN,Denver Broncos,Cleveland Browns
1987,1988-01-17,Conference,1,0,WSH,MIN,17,10,WSH,Washington Redskins,Minnesota Vikings
1987,1988-01-31,Superbowl,1,1,WSH,DEN,42,10,DEN,Denver Broncos,Washington Redskins
1988,1988-09-04,1,0,0,CHI,MIA,34,7,CHI,Chicago Bears,Miami Dolphins
1988,1988-09-04,1,0,0,IND,TEN,14,17,IND,Indianapolis Colts,Houston Oilers
1988,1988-09-04,1,0,0,OAK,LAC,24,13,OAK,Los Angeles Raiders,San Diego Chargers
1988,1988-09-04,1,0,0,GB,LAR,7,34,GB,Green Bay Packers,Los Angeles Rams
1988,1988-09-04,1,0,0,BUF,MIN,13,10,BUF,Buffalo Bills,Minnesota Vikings
1988,1988-09-04,1,0,0,TB,PHI,14,41,TB,Tampa Bay Buccaneers,Philadelphia Eagles
1988,1988-09-04,1,0,0,PIT,DAL,24,21,PIT,Pittsburgh Steelers,Dallas Cowboys
1988,1988-09-04,1,0,0,NE,NYJ,28,3,NE,New England Patriots,New York Jets
1988,1988-09-04,1,0,0,NO,SF,33,34,NO,New Orleans Saints,San Francisco 49ers
1988,1988-09-04,1,0,0,KC,CLE,3,6,KC,Kansas City Chiefs,Cleveland Browns
1988,1988-09-04,1,0,0,DET,ATL,31,17,DET,Detroit Lions,Atlanta Falcons
1988,1988-09-04,1,0,0,DEN,SEA,14,21,DEN,Denver Broncos,Seattle Seahawks
1988,1988-09-04,1,0,0,CIN,ARI,21,14,CIN,Cincinnati Bengals,Phoenix Cardinals
1988,1988-09-05,1,0,0,NYG,WSH,27,20,NYG,New York Giants,Washington Redskins
1988,1988-09-11,2,0,0,ATL,NO,21,29,ATL,Atlanta Falcons,New Orleans Saints
1988,1988-09-11,2,0,0,NYG,SF,17,20,NYG,New York Giants,San Francisco 49ers
1988,1988-09-11,2,0,0,DEN,LAC,34,3,DEN,Denver Broncos,San Diego Chargers
1988,1988-09-11,2,0,0,BUF,MIA,9,6,BUF,Buffalo Bills,Miami Dolphins
1988,1988-09-11,2,0,0,CLE,NYJ,3,23,CLE,Cleveland Browns,New York Jets
1988,1988-09-11,2,0,0,IND,CHI,13,17,IND,Indianapolis Colts,Chicago Bears
1988,1988-09-11,2,0,0,GB,TB,10,13,GB,Green Bay Packers,Tampa Bay Buccaneers
1988,1988-09-11,2,0,0,MIN,NE,36,6,MIN,Minnesota Vikings,New England Patriots
1988,1988-09-11,2,0,0,TEN,OAK,38,35,TEN,Houston Oilers,Los Angeles Raiders
1988,1988-09-11,2,0,0,PHI,CIN,24,28,PHI,Philadelphia Eagles,Cincinnati Bengals
1988,1988-09-11,2,0,0,SEA,KC,31,10,SEA,Seattle Seahawks,Kansas City Chiefs
1988,1988-09-11,2,0,0,WSH,PIT,30,29,WSH,Washington Redskins,Pittsburgh Steelers
1988,1988-09-11,2,0,0,LAR,DET,17,10,LAR,Los Angeles Rams,Detroit Lions
1988,1988-09-12,2,0,0,ARI,DAL,14,17,ARI,Phoenix Cardinals,Dallas Cowboys
1988,1988-09-18,3,0,0,TB,ARI,24,30,TB,Tampa Bay Buccaneers,Phoenix Cardinals
1988,1988-09-18,3,0,0,OAK,LAR,17,22,OAK,Los Angeles Raiders,Los Angeles Rams
1988,1988-09-18,3,0,0,WSH,PHI,17,10,WSH,Washington Redskins,Philadelphia Eagles
1988,1988-09-18,3,0,0,NYJ,TEN,45,3,NYJ,New York Jets,Houston Oilers
1988,1988-09-18,3,0,0,NE,BUF,14,16,NE,New England Patriots,Buffalo Bills
1988,1988-09-18,3,0,0,MIA,GB,24,17,MIA,Miami Dolphins,Green Bay Packers
1988,1988-09-18,3,0,0,LAC,SEA,17,6,LAC,San Diego Chargers,Seattle Seahawks
1988,1988-09-18,3,0,0,DET,NO,14,22,DET,Detroit Lions,New Orleans Saints
1988,1988-09-18,3,0,0,DAL,NYG,10,12,DAL,Dallas Cowboys,New York Giants
1988,1988-09-18,3,0,0,SF,ATL,17,34,SF,San Francisco 49ers,Atlanta Falcons
1988,1988-09-18,3,0,0,PIT,CIN,12,17,PIT,Pittsburgh Steelers,Cincinnati Bengals
1988,1988-09-18,3,0,0,CHI,MIN,7,31,CHI,Chicago Bears,Minnesota Vikings
1988,1988-09-18,3,0,0,KC,DEN,20,13,KC,Kansas City Chiefs,Denver Broncos
1988,1988-09-19,3,0,0,CLE,IND,23,17,CLE,Cleveland Browns,Indianapolis Colts
1988,1988-09-25,4,0,0,NO,TB,13,9,NO,New Orleans Saints,Tampa Bay Buccaneers
1988,1988-09-25,4,0,0,NYG,LAR,31,45,NYG,New York Giants,Los Angeles Rams
1988,1988-09-25,4,0,0,SEA,SF,7,38,SEA,Seattle Seahawks,San Francisco 49ers
1988,1988-09-25,4,0,0,TEN,NE,31,6,TEN,Houston Oilers,New England Patriots
1988,1988-09-25,4,0,0,MIN,PHI,23,21,MIN,Minnesota Vikings,Philadelphia Eagles
1988,1988-09-25,4,0,0,GB,CHI,6,24,GB,Green Bay Packers,Chicago Bears
1988,1988-09-25,4,0,0,DET,NYJ,10,17,DET,Detroit Lions,New York Jets
1988,1988-09-25,4,0,0,DAL,ATL,26,20,DAL,Dallas Cowboys,Atlanta Falcons
1988,1988-09-25,4,0,0,ARI,WSH,30,21,ARI,Phoenix Cardinals,Washington Redskins
1988,1988-09-25,4,0,0,IND,MIA,15,13,IND,Indianapolis Colts,Miami Dolphins
1988,1988-09-25,4,0,0,CIN,CLE,24,17,CIN,Cincinnati Bengals,Cleveland Browns
1988,1988-09-25,4,0,0,BUF,PIT,36,28,BUF,Buffalo Bills,Pittsburgh Steelers
1988,1988-09-25,4,0,0,KC,LAC,23,24,KC,Kansas City Chiefs,San Diego Chargers
1988,1988-09-26,4,0,0,DEN,OAK,27,30,DEN,Denver Broncos,Los Angeles Raiders
1988,1988-10-02,5,0,0,LAR,ARI,27,41,LAR,Los Angeles Rams,Phoenix Cardinals
1988,1988-10-02,5,0,0,SF,DET,20,13,SF,San Francisco 49ers,Detroit Lions
1988,1988-10-02,5,0,0,OAK,CIN,21,45,OAK,Los Angeles Raiders,Cincinnati Bengals
1988,1988-10-02,5,0,0,WSH,NYG,23,24,WSH,Washington Redskins,New York Giants
1988,1988-10-02,5,0,0,PIT,CLE,9,23,PIT,Pittsburgh Steelers,Cleveland Browns
1988,1988-10-02,5,0,0,NE,IND,21,17,NE,New England Patriots,Indianapolis Colts
1988,1988-10-02,5,0,0,MIA,MIN,24,7,MIA,Miami Dolphins,Minnesota Vikings
1988,1988-10-02,5,0,0,ATL,SEA,20,31,ATL,Atlanta Falcons,Seattle Seahawks
1988,1988-10-02,5,0,0,TB,GB,27,24,TB,Tampa Bay Buccaneers,Green Bay Packers
1988,1988-10-02,5,0,0,LAC,DEN,0,12,LAC,San Diego Chargers,Denver Broncos
1988,1988-10-02,5,0,0,CHI,BUF,24,3,CHI,Chicago Bears,Buffalo Bills
1988,1988-10-02,5,0,0,PHI,TEN,32,23,PHI,Philadelphia Eagles,Houston Oilers
1988,1988-10-02,5,0,0,NYJ,KC,17,17,NYJ,New York Jets,Kansas City Chiefs
1988,1988-10-03,5,0,0,NO,DAL,20,17,NO,New Orleans Saints,Dallas Cowboys
1988,1988-10-09,6,0,0,ARI,PIT,31,14,ARI,Phoenix Cardinals,Pittsburgh Steelers
1988,1988-10-09,6,0,0,SF,DEN,13,16,SF,San Francisco 49ers,Denver Broncos
1988,1988-10-09,6,0,0,OAK,MIA,14,24,OAK,Los Angeles Raiders,Miami Dolphins
1988,1988-10-09,6,0,0,TEN,KC,7,6,TEN,Houston Oilers,Kansas City Chiefs
1988,1988-10-09,6,0,0,MIN,TB,14,13,MIN,Minnesota Vikings,Tampa Bay Buccaneers
1988,1988-10-09,6,0,0,GB,NE,45,3,GB,Green Bay Packers,New England Patriots
1988,1988-10-09,6,0,0,DET,CHI,7,24,DET,Detroit Lions,Chicago Bears
1988,1988-10-09,6,0,0,DAL,WSH,17,35,DAL,Dallas Cowboys,Washington Redskins
1988,1988-10-09,6,0,0,CLE,SEA,10,16,CLE,Cleveland Browns,Seattle Seahawks
1988,1988-10-09,6,0,0,CIN,NYJ,36,19,CIN,Cincinnati Bengals,New York Jets
1988,1988-10-09,6,0,0,BUF,IND,34,23,BUF,Buffalo Bills,Indianapolis Colts
1988,1988-10-09,6,0,0,ATL,LAR,0,33,ATL,Atlanta Falcons,Los Angeles Rams
1988,1988-10-09,6,0,0,LAC,NO,17,23,LAC,San Diego Chargers,New Orleans Saints
1988,1988-10-10,6,0,0,PHI,NYG,24,13,PHI,Philadelphia Eagles,New York Giants
1988,1988-10-16,7,0,0,SEA,NO,19,20,SEA,Seattle Seahawks,New Orleans Saints
1988,1988-10-16,7,0,0,LAR,SF,21,24,LAR,Los Angeles Rams,San Francisco 49ers
1988,1988-10-16,7,0,0,CHI,DAL,17,7,CHI,Chicago Bears,Dallas Cowboys
1988,1988-10-16,7,0,0,PIT,TEN,14,34,PIT,Pittsburgh Steelers,Houston Oilers
1988,1988-10-16,7,0,0,NE,CIN,27,21,NE,New England Patriots,Cincinnati Bengals
1988,1988-10-16,7,0,0,NYG,DET,30,10,NYG,New York Giants,Detroit Lions
1988,1988-10-16,7,0,0,MIA,LAC,31,28,MIA,Miami Dolphins,San Diego Chargers
1988,1988-10-16,7,0,0,MIN,GB,14,34,MIN,Minnesota Vikings,Green Bay Packers
1988,1988-10-16,7,0,0,KC,OAK,17,27,KC,Kansas City Chiefs,Los Angeles Raiders
1988,1988-10-16,7,0,0,DEN,ATL,30,14,DEN,Denver Broncos,Atlanta Falcons
1988,1988-10-16,7,0,0,IND,TB,35,31,IND,Indianapolis Colts,Tampa Bay Buccaneers
1988,1988-10-16,7,0,0,WSH,ARI,33,17,WSH,Washington Redskins,Phoenix Cardinals
1988,1988-10-16,7,0,0,CLE,PHI,19,3,CLE,Cleveland Browns,Philadelphia Eagles
1988,1988-10-17,7,0,0,NYJ,BUF,14,37,NYJ,New York Jets,Buffalo Bills
1988,1988-10-23,8,0,0,LAR,SEA,31,10,LAR,Los Angeles Rams,Seattle Seahawks
1988,1988-10-23,8,0,0,ATL,NYG,16,23,ATL,Atlanta Falcons,New York Giants
1988,1988-10-23,8,0,0,GB,WSH,17,20,GB,Green Bay Packers,Washington Redskins
1988,1988-10-23,8,0,0,KC,DET,6,7,KC,Kansas City Chiefs,Detroit Lions
1988,1988-10-23,8,0,0,BUF,NE,23,20,BUF,Buffalo Bills,New England Patriots
1988,1988-10-23,8,0,0,MIA,NYJ,30,44,MIA,Miami Dolphins,New York Jets
1988,1988-10-23,8,0,0,NO,OAK,20,6,NO,New Orleans Saints,Los Angeles Raiders
1988,1988-10-23,8,0,0,PHI,DAL,24,23,PHI,Philadelphia Eagles,Dallas Cowboys
1988,1988-10-23,8,0,0,PIT,DEN,39,21,PIT,Pittsburgh Steelers,Denver Broncos
1988,1988-10-23,8,0,0,LAC,IND,0,16,LAC,San Diego Chargers,Indianapolis Colts
1988,1988-10-23,8,0,0,ARI,CLE,21,29,ARI,Phoenix Cardinals,Cleveland Browns
1988,1988-10-23,8,0,0,TB,MIN,20,49,TB,Tampa Bay Buccaneers,Minnesota Vikings
1988,1988-10-23,8,0,0,CIN,TEN,44,21,CIN,Cincinnati Bengals,Houston Oilers
1988,1988-10-24,8,0,0,CHI,SF,10,9,CHI,Chicago Bears,San Francisco 49ers
1988,1988-10-30,9,0,0,TEN,WSH,41,17,TEN,Houston Oilers,Washington Redskins
1988,1988-10-30,9,0,0,NYJ,PIT,24,20,NYJ,New York Jets,Pittsburgh Steelers
1988,1988-10-30,9,0,0,NE,CHI,30,7,NE,New England Patriots,Chicago Bears
1988,1988-10-30,9,0,0,CLE,CIN,23,16,CLE,Cleveland Browns,Cincinnati Bengals
1988,1988-10-30,9,0,0,DET,NYG,10,13,DET,Detroit Lions,New York Giants
1988,1988-10-30,9,0,0,NO,LAR,10,12,NO,New Orleans Saints,Los Angeles Rams
1988,1988-10-30,9,0,0,SEA,LAC,17,14,SEA,Seattle Seahawks,San Diego Chargers
1988,1988-10-30,9,0,0,PHI,ATL,24,27,PHI,Philadelphia Eagles,Atlanta Falcons
1988,1988-10-30,9,0,0,DAL,ARI,10,16,DAL,Dallas Cowboys,Phoenix Cardinals
1988,1988-10-30,9,0,0,SF,MIN,24,21,SF,San Francisco 49ers,Minnesota Vikings
1988,1988-10-30,9,0,0,TB,MIA,14,17,TB,Tampa Bay Buccaneers,Miami Dolphins
1988,1988-10-30,9,0,0,OAK,KC,17,10,OAK,Los Angeles Raiders,Kansas City Chiefs
1988,1988-10-30,9,0,0,BUF,GB,28,0,BUF,Buffalo Bills,Green Bay Packers
1988,1988-10-31,9,0,0,IND,DEN,55,23,IND,Indianapolis Colts,Denver Broncos
1988,1988-11-06,10,0,0,DEN,KC,17,11,DEN,Denver Broncos,Kansas City Chiefs
1988,1988-11-06,10,0,0,MIN,DET,44,17,MIN,Minnesota Vikings,Detroit Lions
1988,1988-11-06,10,0,0,NE,MIA,21,10,NE,New England Patriots,Miami Dolphins
1988,1988-11-06,10,0,0,NYG,DAL,29,21,NYG,New York Giants,Dallas Cowboys
1988,1988-11-06,10,0,0,SEA,BUF,3,13,SEA,Seattle Seahawks,Buffalo Bills
1988,1988-11-06,10,0,0,PHI,LAR,30,24,PHI,Philadelphia Eagles,Los Angeles Rams
1988,1988-11-06,10,0,0,LAC,OAK,3,13,LAC,San Diego Chargers,Los Angeles Raiders
1988,1988-11-06,10,0,0,ATL,GB,20,0,ATL,Atlanta Falcons,Green Bay Packers
1988,1988-11-06,10,0,0,CHI,TB,28,10,CHI,Chicago Bears,Tampa Bay Buccaneers
1988,1988-11-06,10,0,0,WSH,NO,27,24,WSH,Washington Redskins,New Orleans Saints
1988,1988-11-06,10,0,0,CIN,PIT,42,7,CIN,Cincinnati Bengals,Pittsburgh Steelers
1988,1988-11-06,10,0,0,IND,NYJ,38,14,IND,Indianapolis Colts,New York Jets
1988,1988-11-06,10,0,0,ARI,SF,24,23,ARI,Phoenix Cardinals,San Francisco 49ers
1988,1988-11-07,10,0,0,TEN,CLE,24,17,TEN,Houston Oilers,Cleveland Browns
1988,1988-11-13,11,0,0,WSH,CHI,14,34,WSH,Washington Redskins,Chicago Bears
1988,1988-11-13,11,0,0,ARI,NYG,24,17,ARI,Phoenix Cardinals,New York Giants
1988,1988-11-13,11,0,0,ATL,LAC,7,10,ATL,Atlanta Falcons,San Diego Chargers
1988,1988-11-13,11,0,0,SF,OAK,3,9,SF,San Francisco 49ers,Los Angeles Raiders
1988,1988-11-13,11,0,0,SEA,TEN,27,24,SEA,Seattle Seahawks,Houston Oilers
1988,1988-11-13,11,0,0,PIT,PHI,26,27,PIT,Pittsburgh Steelers,Philadelphia Eagles
1988,1988-11-13,11,0,0,NYJ,NE,13,14,NYJ,New York Jets,New England Patriots
1988,1988-11-13,11,0,0,KC,CIN,31,28,KC,Kansas City Chiefs,Cincinnati Bengals
1988,1988-11-13,11,0,0,GB,IND,13,20,GB,Green Bay Packers,Indianapolis Colts
1988,1988-11-13,11,0,0,DET,TB,20,23,DET,Detroit Lions,Tampa Bay Buccaneers
1988,1988-11-13,11,0,0,DAL,MIN,3,43,DAL,Dallas Cowboys,Minnesota Vikings
1988,1988-11-13,11,0,0,LAR,NO,10,14,LAR,Los Angeles Rams,New Orleans Saints
1988,1988-11-13,11,0,0,DEN,CLE,30,7,DEN,Denver Broncos,Cleveland Browns
1988,1988-11-14,11,0,0,MIA,BUF,6,31,MIA,Miami Dolphins,Buffalo Bills
1988,1988-11-20,12,0,0,LAR,LAC,24,38,LAR,Los Angeles Rams,San Diego Chargers
1988,1988-11-20,12,0,0,BUF,NYJ,9,6,BUF,Buffalo Bills,New York Jets
1988,1988-11-20,12,0,0,CLE,PIT,27,7,CLE,Cleveland Browns,Pittsburgh Steelers
1988,1988-11-20,12,0,0,DAL,CIN,24,38,DAL,Dallas Cowboys,Cincinnati Bengals
1988,1988-11-20,12,0,0,GB,DET,9,19,GB,Green Bay Packers,Detroit Lions
1988,1988-11-20,12,0,0,KC,SEA,27,24,KC,Kansas City Chiefs,Seattle Seahawks
1988,1988-11-20,12,0,0,MIN,IND,12,3,MIN,Minnesota Vikings,Indianapolis Colts
1988,1988-11-20,12,0,0,NO,DEN,42,0,NO,New Orleans Saints,Denver Broncos
1988,1988-11-20,12,0,0,NYG,PHI,17,23,NYG,New York Giants,Philadelphia Eagles
1988,1988-11-20,12,0,0,TEN,ARI,38,20,TEN,Houston Oilers,Phoenix Cardinals
1988,1988-11-20,12,0,0,OAK,ATL,6,12,OAK,Los Angeles Raiders,Atlanta Falcons
1988,1988-11-20,12,0,0,MIA,NE,3,6,MIA,Miami Dolphins,New England Patriots
1988,1988-11-20,12,0,0,TB,CHI,15,27,TB,Tampa Bay Buccaneers,Chicago Bears
1988,1988-11-21,12,0,0,SF,WSH,37,21,SF,San Francisco 49ers,Washington Redskins
1988,1988-11-24,13,0,0,DET,MIN,0,23,DET,Detroit Lions,Minnesota Vikings
1988,1988-11-24,13,0,0,DAL,TEN,17,25,DAL,Dallas Cowboys,Houston Oilers
1988,1988-11-27,13,0,0,WSH,CLE,13,17,WSH,Washington Redskins,Cleveland Browns
1988,1988-11-27,13,0,0,PIT,KC,16,10,PIT,Pittsburgh Steelers,Kansas City Chiefs
1988,1988-11-27,13,0,0,PHI,ARI,31,21,PHI,Philadelphia Eagles,Phoenix Cardinals
1988,1988-11-27,13,0,0,NYJ,MIA,38,34,NYJ,New York Jets,Miami Dolphins
1988,1988-11-27,13,0,0,NO,NYG,12,13,NO,New Orleans Saints,New York Giants
1988,1988-11-27,13,0,0,IND,NE,24,21,IND,Indianapolis Colts,New England Patriots
1988,1988-11-27,13,0,0,ATL,TB,17,10,ATL,Atlanta Falcons,Tampa Bay Buccaneers
1988,1988-11-27,13,0,0,CIN,BUF,35,21,CIN,Cincinnati Bengals,Buffalo Bills
1988,1988-11-27,13,0,0,CHI,GB,16,0,CHI,Chicago Bears,Green Bay Packers
1988,1988-11-27,13,0,0,LAC,SF,10,48,LAC,San Diego Chargers,San Francisco 49ers
1988,1988-11-27,13,0,0,DEN,LAR,35,24,DEN,Denver Broncos,Los Angeles Rams
1988,1988-11-28,13,0,0,SEA,OAK,35,27,SEA,Seattle Seahawks,Los Angeles Raiders
1988,1988-12-04,14,0,0,NYG,ARI,44,7,NYG,New York Giants,Phoenix Cardinals
1988,1988-12-04,14,0,0,ATL,SF,3,13,ATL,Atlanta Falcons,San Francisco 49ers
1988,1988-12-04,14,0,0,CLE,DAL,24,21,CLE,Cleveland Browns,Dallas Cowboys
1988,1988-12-04,14,0,0,DET,GB,30,14,DET,Detroit Lions,Green Bay Packers
1988,1988-12-04,14,0,0,KC,NYJ,38,34,KC,Kansas City Chiefs,New York Jets
1988,1988-12-04,14,0,0,MIA,IND,28,31,MIA,Miami Dolphins,Indianapolis Colts
1988,1988-12-04,14,0,0,MIN,NO,45,3,MIN,Minnesota Vikings,New Orleans Saints
1988,1988-12-04,14,0,0,NE,SEA,13,7,NE,New England Patriots,Seattle Seahawks
1988,1988-12-04,14,0,0,TEN,PIT,34,37,TEN,Houston Oilers,Pittsburgh Steelers
1988,1988-12-04,14,0,0,PHI,WSH,19,20,PHI,Philadelphia Eagles,Washington Redskins
1988,1988-12-04,14,0,0,OAK,DEN,21,20,OAK,Los Angeles Raiders,Denver Broncos
1988,1988-12-04,14,0,0,TB,BUF,10,5,TB,Tampa Bay Buccaneers,Buffalo Bills
1988,1988-12-04,14,0,0,CIN,LAC,27,10,CIN,Cincinnati Bengals,San Diego Chargers
1988,1988-12-05,14,0,0,LAR,CHI,23,3,LAR,Los Angeles Rams,Chicago Bears
1988,1988-12-10,15,0,0,ARI,PHI,17,23,ARI,Phoenix Cardinals,Philadelphia Eagles
1988,1988-12-10,15,0,0,NYJ,IND,34,16,NYJ,New York Jets,Indianapolis Colts
1988,1988-12-11,15,0,0,SF,NO,30,17,SF,San Francisco 49ers,New Orleans Saints
1988,1988-12-11,15,0,0,WSH,DAL,17,24,WSH,Washington Redskins,Dallas Cowboys
1988,1988-12-11,15,0,0,NYG,KC,28,12,NYG,New York Giants,Kansas City Chiefs
1988,1988-12-11,15,0,0,TEN,CIN,41,6,TEN,Houston Oilers,Cincinnati Bengals
1988,1988-12-11,15,0,0,SEA,DEN,42,14,SEA,Seattle Seahawks,Denver Broncos
1988,1988-12-11,15,0,0,CHI,DET,13,12,CHI,Chicago Bears,Detroit Lions
1988,1988-12-11,15,0,0,GB,MIN,18,6,GB,Green Bay Packers,Minnesota Vikings
1988,1988-12-11,15,0,0,NE,TB,10,7,NE,New England Patriots,Tampa Bay Buccaneers
1988,1988-12-11,15,0,0,LAR,ATL,22,7,LAR,Los Angeles Rams,Atlanta Falcons
1988,1988-12-11,15,0,0,LAC,PIT,20,14,LAC,San Diego Chargers,Pittsburgh Steelers
1988,1988-12-11,15,0,0,BUF,OAK,37,21,BUF,Buffalo Bills,Los Angeles Raiders
1988,1988-12-12,15,0,0,MIA,CLE,38,31,MIA,Miami Dolphins,Cleveland Browns
1988,1988-12-17,16,0,0,CIN,WSH,20,17,CIN,Cincinnati Bengals,Washington Redskins
1988,1988-12-17,16,0,0,DEN,NE,21,10,DEN,Denver Broncos,New England Patriots
1988,1988-12-18,16,0,0,SF,LAR,16,38,SF,San Francisco 49ers,Los Angeles Rams
1988,1988-12-18,16,0,0,PIT,MIA,40,24,PIT,Pittsburgh Steelers,Miami Dolphins
1988,1988-12-18,16,0,0,NYJ,NYG,27,21,NYJ,New York Jets,New York Giants
1988,1988-12-18,16,0,0,NO,ATL,10,9,NO,New Orleans Saints,Atlanta Falcons
1988,1988-12-18,16,0,0,DAL,PHI,7,23,DAL,Dallas Cowboys,Philadelphia Eagles
1988,1988-12-18,16,0,0,ARI,GB,17,26,ARI,Phoenix Cardinals,Green Bay Packers
1988,1988-12-18,16,0,0,IND,BUF,17,14,IND,Indianapolis Colts,Buffalo Bills
1988,1988-12-18,16,0,0,CLE,TEN,28,23,CLE,Cleveland Browns,Houston Oilers
1988,1988-12-18,16,0,0,TB,DET,21,10,TB,Tampa Bay Buccaneers,Detroit Lions
1988,1988-12-18,16,0,0,OAK,SEA,37,43,OAK,Los Angeles Raiders,Seattle Seahawks
1988,1988-12-18,16,0,0,LAC,KC,24,13,LAC,San Diego Chargers,Kansas City Chiefs
1988,1988-12-19,16,0,0,MIN,CHI,28,27,MIN,Minnesota Vikings,Chicago Bears
1988,1988-12-24,Wildcard,1,0,CLE,TEN,23,24,CLE,Cleveland Browns,Houston Oilers
1988,1988-12-26,Wildcard,1,0,MIN,LAR,28,17,MIN,Minnesota Vikings,Los Angeles Rams
1988,1988-12-31,Division,1,0,CHI,PHI,20,12,CHI,Chicago Bears,Philadelphia Eagles
1988,1988-12-31,Division,1,0,CIN,SEA,21,13,CIN,Cincinnati Bengals,Seattle Seahawks
1988,1989-01-01,Division,1,0,SF,MIN,34,9,SF,San Francisco 49ers,Minnesota Vikings
1988,1989-01-01,Division,1,0,BUF,TEN,17,10,BUF,Buffalo Bills,Houston Oilers
1988,1989-01-08,Conference,1,0,CHI,SF,3,28,CHI,Chicago Bears,San Francisco 49ers
1988,1989-01-08,Conference,1,0,CIN,BUF,21,10,CIN,Cincinnati Bengals,Buffalo Bills
1988,1989-01-22,Superbowl,1,1,SF,CIN,20,16,SF,San Francisco 49ers,Cincinnati Bengals
1989,1989-09-10,1,0,0,NO,DAL,28,0,NO,New Orleans Saints,Dallas Cowboys
1989,1989-09-10,1,0,0,CHI,CIN,17,14,CHI,Chicago Bears,Cincinnati Bengals
1989,1989-09-10,1,0,0,IND,SF,24,30,IND,Indianapolis Colts,San Francisco 49ers
1989,1989-09-10,1,0,0,DEN,KC,34,20,DEN,Denver Broncos,Kansas City Chiefs
1989,1989-09-10,1,0,0,ATL,LAR,21,31,ATL,Atlanta Falcons,Los Angeles Rams
1989,1989-09-10,1,0,0,OAK,LAC,40,14,OAK,Los Angeles Raiders,San Diego Chargers
1989,1989-09-10,1,0,0,DET,ARI,13,16,DET,Detroit Lions,Phoenix Cardinals
1989,1989-09-10,1,0,0,GB,TB,21,23,GB,Green Bay Packers,Tampa Bay Buccaneers
1989,1989-09-10,1,0,0,MIA,BUF,24,27,MIA,Miami Dolphins,Buffalo Bills
1989,1989-09-10,1,0,0,MIN,TEN,38,7,MIN,Minnesota Vikings,Houston Oilers
1989,1989-09-10,1,0,0,NYJ,NE,24,27,NYJ,New York Jets,New England Patriots
1989,1989-09-10,1,0,0,PIT,CLE,0,51,PIT,Pittsburgh Steelers,Cleveland Browns
1989,1989-09-10,1,0,0,PHI,SEA,31,7,PHI,Philadelphia Eagles,Seattle Seahawks
1989,1989-09-11,1,0,0,WSH,NYG,24,27,WSH,Washington Redskins,New York Giants
1989,1989-09-17,2,0,0,LAR,IND,31,17,LAR,Los Angeles Rams,Indianapolis Colts
1989,1989-09-17,2,0,0,SEA,ARI,24,34,SEA,Seattle Seahawks,Phoenix Cardinals
1989,1989-09-17,2,0,0,WSH,PHI,37,42,WSH,Washington Redskins,Philadelphia Eagles
1989,1989-09-17,2,0,0,TB,SF,16,20,TB,Tampa Bay Buccaneers,San Francisco 49ers
1989,1989-09-17,2,0,0,NYG,DET,24,14,NYG,New York Giants,Detroit Lions
1989,1989-09-17,2,0,0,NE,MIA,10,24,NE,New England Patriots,Miami Dolphins
1989,1989-09-17,2,0,0,ATL,DAL,27,21,ATL,Atlanta Falcons,Dallas Cowboys
1989,1989-09-17,2,0,0,KC,OAK,24,19,KC,Kansas City Chiefs,Los Angeles Raiders
1989,1989-09-17,2,0,0,GB,NO,35,34,GB,Green Bay Packers,New Orleans Saints
1989,1989-09-17,2,0,0,CLE,NYJ,38,24,CLE,Cleveland Browns,New York Jets
1989,1989-09-17,2,0,0,CIN,PIT,41,10,CIN,Cincinnati Bengals,Pittsburgh Steelers
1989,1989-09-17,2,0,0,CHI,MIN,38,7,CHI,Chicago Bears,Minnesota Vikings
1989,1989-09-17,2,0,0,LAC,TEN,27,34,LAC,San Diego Chargers,Houston Oilers
1989,1989-09-18,2,0,0,BUF,DEN,14,28,BUF,Buffalo Bills,Denver Broncos
1989,1989-09-24,3,0,0,TEN,BUF,41,47,TEN,Houston Oilers,Buffalo Bills
1989,1989-09-24,3,0,0,DAL,WSH,7,30,DAL,Dallas Cowboys,Washington Redskins
1989,1989-09-24,3,0,0,LAR,GB,41,38,LAR,Los Angeles Rams,Green Bay Packers
1989,1989-09-24,3,0,0,TB,NO,20,10,TB,Tampa Bay Buccaneers,New Orleans Saints
1989,1989-09-24,3,0,0,PIT,MIN,27,14,PIT,Pittsburgh Steelers,Minnesota Vikings
1989,1989-09-24,3,0,0,DEN,OAK,31,21,DEN,Denver Broncos,Los Angeles Raiders
1989,1989-09-24,3,0,0,LAC,KC,21,6,LAC,San Diego Chargers,Kansas City Chiefs
1989,1989-09-24,3,0,0,NYG,ARI,35,7,NYG,New York Giants,Phoenix Cardinals
1989,1989-09-24,3,0,0,NE,SEA,3,24,NE,New England Patriots,Seattle Seahawks
1989,1989-09-24,3,0,0,MIA,NYJ,33,40,MIA,Miami Dolphins,New York Jets
1989,1989-09-24,3,0,0,DET,CHI,27,47,DET,Detroit Lions,Chicago Bears
1989,1989-09-24,3,0,0,PHI,SF,28,38,PHI,Philadelphia Eagles,San Francisco 49ers
1989,1989-09-24,3,0,0,IND,ATL,13,9,IND,Indianapolis Colts,Atlanta Falcons
1989,1989-09-25,3,0,0,CIN,CLE,21,14,CIN,Cincinnati Bengals,Cleveland Browns
1989,1989-10-01,4,0,0,BUF,NE,31,10,BUF,Buffalo Bills,New England Patriots
1989,1989-10-01,4,0,0,DAL,NYG,13,30,DAL,Dallas Cowboys,New York Giants
1989,1989-10-01,4,0,0,GB,ATL,23,21,GB,Green Bay Packers,Atlanta Falcons
1989,1989-10-01,4,0,0,KC,CIN,17,21,KC,Kansas City Chiefs,Cincinnati Bengals
1989,1989-10-01,4,0,0,MIN,TB,17,3,MIN,Minnesota Vikings,Tampa Bay Buccaneers
1989,1989-10-01,4,0,0,NO,WSH,14,16,NO,New Orleans Saints,Washington Redskins
1989,1989-10-01,4,0,0,NYJ,IND,10,17,NYJ,New York Jets,Indianapolis Colts
1989,1989-10-01,4,0,0,ARI,LAC,13,24,ARI,Phoenix Cardinals,San Diego Chargers
1989,1989-10-01,4,0,0,TEN,MIA,39,7,TEN,Houston Oilers,Miami Dolphins
1989,1989-10-01,4,0,0,OAK,SEA,20,24,OAK,Los Angeles Raiders,Seattle Seahawks
1989,1989-10-01,4,0,0,SF,LAR,12,13,SF,San Francisco 49ers,Los Angeles Rams
1989,1989-10-01,4,0,0,CLE,DEN,16,13,CLE,Cleveland Browns,Denver Broncos
1989,1989-10-01,4,0,0,DET,PIT,3,23,DET,Detroit Lions,Pittsburgh Steelers
1989,1989-10-02,4,0,0,CHI,PHI,27,13,CHI,Chicago Bears,Philadelphia Eagles
1989,1989-10-08,5,0,0,NE,TEN,23,13,NE,New England Patriots,Houston Oilers
1989,1989-10-08,5,0,0,LAR,ATL,26,14,LAR,Los Angeles Rams,Atlanta Falcons
1989,1989-10-08,5,0,0,IND,BUF,37,14,IND,Indianapolis Colts,Buffalo Bills
1989,1989-10-08,5,0,0,GB,DAL,31,13,GB,Green Bay Packers,Dallas Cowboys
1989,1989-10-08,5,0,0,MIA,CLE,13,10,MIA,Miami Dolphins,Cleveland Browns
1989,1989-10-08,5,0,0,MIN,DET,24,17,MIN,Minnesota Vikings,Detroit Lions
1989,1989-10-08,5,0,0,NO,SF,20,24,NO,New Orleans Saints,San Francisco 49ers
1989,1989-10-08,5,0,0,PIT,CIN,16,26,PIT,Pittsburgh Steelers,Cincinnati Bengals
1989,1989-10-08,5,0,0,SEA,KC,16,20,SEA,Seattle Seahawks,Kansas City Chiefs
1989,1989-10-08,5,0,0,TB,CHI,42,35,TB,Tampa Bay Buccaneers,Chicago Bears
1989,1989-10-08,5,0,0,WSH,ARI,30,28,WSH,Washington Redskins,Phoenix Cardinals
1989,1989-10-08,5,0,0,DEN,LAC,16,10,DEN,Denver Broncos,San Diego Chargers
1989,1989-10-08,5,0,0,PHI,NYG,21,19,PHI,Philadelphia Eagles,New York Giants
1989,1989-10-09,5,0,0,NYJ,OAK,7,14,NYJ,New York Jets,Los Angeles Raiders
1989,1989-10-15,6,0,0,LAC,SEA,16,17,LAC,San Diego Chargers,Seattle Seahawks
1989,1989-10-15,6,0,0,TB,DET,16,17,TB,Tampa Bay Buccaneers,Detroit Lions
1989,1989-10-15,6,0,0,OAK,KC,20,14,OAK,Los Angeles Raiders,Kansas City Chiefs
1989,1989-10-15,6,0,0,NYG,WSH,20,17,NYG,New York Giants,Washington Redskins
1989,1989-10-15,6,0,0,NO,NYJ,29,14,NO,New Orleans Saints,New York Jets
1989,1989-10-15,6,0,0,MIN,GB,26,14,MIN,Minnesota Vikings,Green Bay Packers
1989,1989-10-15,6,0,0,DEN,IND,14,3,DEN,Denver Broncos,Indianapolis Colts
1989,1989-10-15,6,0,0,DAL,SF,14,31,DAL,Dallas Cowboys,San Francisco 49ers
1989,1989-10-15,6,0,0,ARI,PHI,5,17,ARI,Phoenix Cardinals,Philadelphia Eagles
1989,1989-10-15,6,0,0,CLE,PIT,7,17,CLE,Cleveland Browns,Pittsburgh Steelers
1989,1989-10-15,6,0,0,CIN,MIA,13,20,CIN,Cincinnati Bengals,Miami Dolphins
1989,1989-10-15,6,0,0,CHI,TEN,28,33,CHI,Chicago Bears,Houston Oilers
1989,1989-10-15,6,0,0,ATL,NE,16,15,ATL,Atlanta Falcons,New England Patriots
1989,1989-10-16,6,0,0,BUF,LAR,23,20,BUF,Buffalo Bills,Los Angeles Rams
1989,1989-10-22,7,0,0,ARI,ATL,34,20,ARI,Phoenix Cardinals,Atlanta Falcons
1989,1989-10-22,7,0,0,CIN,IND,12,23,CIN,Cincinnati Bengals,Indianapolis Colts
1989,1989-10-22,7,0,0,BUF,NYJ,34,3,BUF,Buffalo Bills,New York Jets
1989,1989-10-22,7,0,0,LAR,NO,21,40,LAR,Los Angeles Rams,New Orleans Saints
1989,1989-10-22,7,0,0,WSH,TB,32,28,WSH,Washington Redskins,Tampa Bay Buccaneers
1989,1989-10-22,7,0,0,SF,NE,37,20,SF,San Francisco 49ers,New England Patriots
1989,1989-10-22,7,0,0,SEA,DEN,21,24,SEA,Seattle Seahawks,Denver Broncos
1989,1989-10-22,7,0,0,PHI,OAK,10,7,PHI,Philadelphia Eagles,Los Angeles Raiders
1989,1989-10-22,7,0,0,TEN,PIT,27,0,TEN,Houston Oilers,Pittsburgh Steelers
1989,1989-10-22,7,0,0,LAC,NYG,13,20,LAC,San Diego Chargers,New York Giants
1989,1989-10-22,7,0,0,MIA,GB,23,20,MIA,Miami Dolphins,Green Bay Packers
1989,1989-10-22,7,0,0,KC,DAL,36,28,KC,Kansas City Chiefs,Dallas Cowboys
1989,1989-10-22,7,0,0,DET,MIN,7,20,DET,Detroit Lions,Minnesota Vikings
1989,1989-10-23,7,0,0,CLE,CHI,27,7,CLE,Cleveland Browns,Chicago Bears
1989,1989-10-29,8,0,0,IND,NE,20,23,IND,Indianapolis Colts,New England Patriots
1989,1989-10-29,8,0,0,DAL,ARI,10,19,DAL,Dallas Cowboys,Phoenix Cardinals
1989,1989-10-29,8,0,0,DEN,PHI,24,28,DEN,Denver Broncos,Philadelphia Eagles
1989,1989-10-29,8,0,0,GB,DET,23,20,GB,Green Bay Packers,Detroit Lions
1989,1989-10-29,8,0,0,NYJ,SF,10,23,NYJ,New York Jets,San Francisco 49ers
1989,1989-10-29,8,0,0,BUF,MIA,31,17,BUF,Buffalo Bills,Miami Dolphins
1989,1989-10-29,8,0,0,PIT,KC,23,17,PIT,Pittsburgh Steelers,Kansas City Chiefs
1989,1989-10-29,8,0,0,NO,ATL,20,13,NO,New Orleans Saints,Atlanta Falcons
1989,1989-10-29,8,0,0,OAK,WSH,37,24,OAK,Los Angeles Raiders,Washington Redskins
1989,1989-10-29,8,0,0,SEA,LAC,10,7,SEA,Seattle Seahawks,San Diego Chargers
1989,1989-10-29,8,0,0,CHI,LAR,20,10,CHI,Chicago Bears,Los Angeles Rams
1989,1989-10-29,8,0,0,CIN,TB,56,23,CIN,Cincinnati Bengals,Tampa Bay Buccaneers
1989,1989-10-29,8,0,0,CLE,TEN,28,17,CLE,Cleveland Browns,Houston Oilers
1989,1989-10-30,8,0,0,NYG,MIN,24,14,NYG,New York Giants,Minnesota Vikings
1989,1989-11-05,9,0,0,MIA,IND,19,13,MIA,Miami Dolphins,Indianapolis Colts
1989,1989-11-05,9,0,0,ATL,BUF,30,28,ATL,Atlanta Falcons,Buffalo Bills
1989,1989-11-05,9,0,0,MIN,LAR,23,21,MIN,Minnesota Vikings,Los Angeles Rams
1989,1989-11-05,9,0,0,WSH,DAL,3,13,WSH,Washington Redskins,Dallas Cowboys
1989,1989-11-05,9,0,0,TB,CLE,31,42,TB,Tampa Bay Buccaneers,Cleveland Browns
1989,1989-11-05,9,0,0,OAK,CIN,28,7,OAK,Los Angeles Raiders,Cincinnati Bengals
1989,1989-11-05,9,0,0,TEN,DET,35,31,TEN,Houston Oilers,Detroit Lions
1989,1989-11-05,9,0,0,NE,NYJ,26,27,NE,New England Patriots,New York Jets
1989,1989-11-05,9,0,0,KC,SEA,20,10,KC,Kansas City Chiefs,Seattle Seahawks
1989,1989-11-05,9,0,0,GB,CHI,14,13,GB,Green Bay Packers,Chicago Bears
1989,1989-11-05,9,0,0,DEN,PIT,34,7,DEN,Denver Broncos,Pittsburgh Steelers
1989,1989-11-05,9,0,0,ARI,NYG,13,20,ARI,Phoenix Cardinals,New York Giants
1989,1989-11-05,9,0,0,LAC,PHI,20,17,LAC,San Diego Chargers,Philadelphia Eagles
1989,1989-11-06,9,0,0,SF,NO,31,13,SF,San Francisco 49ers,New Orleans Saints
1989,1989-11-12,10,0,0,NYJ,MIA,23,31,NYJ,New York Jets,Miami Dolphins
1989,1989-11-12,10,0,0,KC,DEN,13,16,KC,Kansas City Chiefs,Denver Broncos
1989,1989-11-12,10,0,0,DET,GB,31,22,DET,Detroit Lions,Green Bay Packers
1989,1989-11-12,10,0,0,ARI,DAL,24,20,ARI,Phoenix Cardinals,Dallas Cowboys
1989,1989-11-12,10,0,0,BUF,IND,30,7,BUF,Buffalo Bills,Indianapolis Colts
1989,1989-11-12,10,0,0,LAR,NYG,31,10,LAR,Los Angeles Rams,New York Giants
1989,1989-11-12,10,0,0,NE,NO,24,28,NE,New England Patriots,New Orleans Saints
1989,1989-11-12,10,0,0,LAC,OAK,14,12,LAC,San Diego Chargers,Los Angeles Raiders
1989,1989-11-12,10,0,0,PIT,CHI,0,20,PIT,Pittsburgh Steelers,Chicago Bears
1989,1989-11-12,10,0,0,PHI,WSH,3,10,PHI,Philadelphia Eagles,Washington Redskins
1989,1989-11-12,10,0,0,TB,MIN,10,24,TB,Tampa Bay Buccaneers,Minnesota Vikings
1989,1989-11-12,10,0,0,SF,ATL,45,3,SF,San Francisco 49ers,Atlanta Falcons
1989,1989-11-12,10,0,0,SEA,CLE,7,17,SEA,Seattle Seahawks,Cleveland Browns
1989,1989-11-13,10,0,0,TEN,CIN,26,24,TEN,Houston Oilers,Cincinnati Bengals
1989,1989-11-19,11,0,0,IND,NYJ,27,10,IND,Indianapolis Colts,New York Jets
1989,1989-11-19,11,0,0,NYG,SEA,15,3,NYG,New York Giants,Seattle Seahawks
1989,1989-11-19,11,0,0,LAR,ARI,37,14,LAR,Los Angeles Rams,Phoenix Cardinals
1989,1989-11-19,11,0,0,PIT,LAC,20,17,PIT,Pittsburgh Steelers,San Diego Chargers
1989,1989-11-19,11,0,0,ATL,NO,17,26,ATL,Atlanta Falcons,New Orleans Saints
1989,1989-11-19,11,0,0,CHI,TB,31,32,CHI,Chicago Bears,Tampa Bay Buccaneers
1989,1989-11-19,11,0,0,CIN,DET,42,7,CIN,Cincinnati Bengals,Detroit Lions
1989,1989-11-19,11,0,0,SF,GB,17,21,SF,San Francisco 49ers,Green Bay Packers
1989,1989-11-19,11,0,0,PHI,MIN,10,9,PHI,Philadelphia Eagles,Minnesota Vikings
1989,1989-11-19,11,0,0,TEN,OAK,23,7,TEN,Houston Oilers,Los Angeles Raiders
1989,1989-11-19,11,0,0,NE,BUF,33,24,NE,New England Patriots,Buffalo Bills
1989,1989-11-19,11,0,0,DAL,MIA,14,17,DAL,Dallas Cowboys,Miami Dolphins
1989,1989-11-19,11,0,0,CLE,KC,10,10,CLE,Cleveland Browns,Kansas City Chiefs
1989,1989-11-20,11,0,0,WSH,DEN,10,14,WSH,Washington Redskins,Denver Broncos
1989,1989-11-23,12,0,0,DAL,PHI,0,27,DAL,Dallas Cowboys,Philadelphia Eagles
1989,1989-11-23,12,0,0,DET,CLE,13,10,DET,Detroit Lions,Cleveland Browns
1989,1989-11-26,12,0,0,OAK,NE,24,21,OAK,Los Angeles Raiders,New England Patriots
1989,1989-11-26,12,0,0,IND,LAC,10,6,IND,Indianapolis Colts,San Diego Chargers
1989,1989-11-26,12,0,0,WSH,CHI,38,14,WSH,Washington Redskins,Chicago Bears
1989,1989-11-26,12,0,0,NYJ,ATL,27,7,NYJ,New York Jets,Atlanta Falcons
1989,1989-11-26,12,0,0,MIA,PIT,14,34,MIA,Miami Dolphins,Pittsburgh Steelers
1989,1989-11-26,12,0,0,GB,MIN,20,19,GB,Green Bay Packers,Minnesota Vikings
1989,1989-11-26,12,0,0,DEN,SEA,41,14,DEN,Denver Broncos,Seattle Seahawks
1989,1989-11-26,12,0,0,ARI,TB,13,14,ARI,Phoenix Cardinals,Tampa Bay Buccaneers
1989,1989-11-26,12,0,0,NO,LAR,17,20,NO,New Orleans Saints,Los Angeles Rams
1989,1989-11-26,12,0,0,BUF,CIN,24,7,BUF,Buffalo Bills,Cincinnati Bengals
1989,1989-11-26,12,0,0,KC,TEN,34,0,KC,Kansas City Chiefs,Houston Oilers
1989,1989-11-27,12,0,0,SF,NYG,34,24,SF,San Francisco 49ers,New York Giants
1989,1989-12-03,13,0,0,OAK,DEN,16,13,OAK,Los Angeles Raiders,Denver Broncos
1989,1989-12-03,13,0,0,TB,GB,16,17,TB,Tampa Bay Buccaneers,Green Bay Packers
1989,1989-12-03,13,0,0,ATL,SF,10,23,ATL,Atlanta Falcons,San Francisco 49ers
1989,1989-12-03,13,0,0,CLE,CIN,0,21,CLE,Cleveland Browns,Cincinnati Bengals
1989,1989-12-03,13,0,0,ARI,WSH,10,29,ARI,Phoenix Cardinals,Washington Redskins
1989,1989-12-03,13,0,0,DET,NO,21,14,DET,Detroit Lions,New Orleans Saints
1989,1989-12-03,13,0,0,KC,MIA,26,21,KC,Kansas City Chiefs,Miami Dolphins
1989,1989-12-03,13,0,0,MIN,CHI,27,16,MIN,Minnesota Vikings,Chicago Bears
1989,1989-12-03,13,0,0,NE,IND,22,16,NE,New England Patriots,Indianapolis Colts
1989,1989-12-03,13,0,0,NYG,PHI,17,24,NYG,New York Giants,Philadelphia Eagles
1989,1989-12-03,13,0,0,LAC,NYJ,17,20,LAC,San Diego Chargers,New York Jets
1989,1989-12-03,13,0,0,PIT,TEN,16,23,PIT,Pittsburgh Steelers,Houston Oilers
1989,1989-12-03,13,0,0,DAL,LAR,31,35,DAL,Dallas Cowboys,Los Angeles Rams
1989,1989-12-04,13,0,0,SEA,BUF,17,16,SEA,Seattle Seahawks,Buffalo Bills
1989,1989-12-10,14,0,0,DEN,NYG,7,14,DEN,Denver Broncos,New York Giants
1989,1989-12-10,14,0,0,PHI,DAL,20,10,PHI,Philadelphia Eagles,Dallas Cowboys
1989,1989-12-10,14,0,0,MIA,NE,31,10,MIA,Miami Dolphins,New England Patriots
1989,1989-12-10,14,0,0,TEN,TB,20,17,TEN,Houston Oilers,Tampa Bay Buccaneers
1989,1989-12-10,14,0,0,BUF,NO,19,22,BUF,Buffalo Bills,New Orleans Saints
1989,1989-12-10,14,0,0,CHI,DET,17,27,CHI,Chicago Bears,Detroit Lions
1989,1989-12-10,14,0,0,NYJ,PIT,0,13,NYJ,New York Jets,Pittsburgh Steelers
1989,1989-12-10,14,0,0,CIN,SEA,17,24,CIN,Cincinnati Bengals,Seattle Seahawks
1989,1989-12-10,14,0,0,IND,CLE,23,17,IND,Indianapolis Colts,Cleveland Browns
1989,1989-12-10,14,0,0,WSH,LAC,26,21,WSH,Washington Redskins,San Diego Chargers
1989,1989-12-10,14,0,0,OAK,ARI,16,14,OAK,Los Angeles Raiders,Phoenix Cardinals
1989,1989-12-10,14,0,0,GB,KC,3,21,GB,Green Bay Packers,Kansas City Chiefs
1989,1989-12-10,14,0,0,MIN,ATL,43,17,MIN,Minnesota Vikings,Atlanta Falcons
1989,1989-12-11,14,0,0,LAR,SF,27,30,LAR,Los Angeles Rams,San Francisco 49ers
1989,1989-12-16,15,0,0,NYG,DAL,15,0,NYG,New York Giants,Dallas Cowboys
1989,1989-12-16,15,0,0,ARI,DEN,0,37,ARI,Phoenix Cardinals,Denver Broncos
1989,1989-12-17,15,0,0,CHI,GB,28,40,CHI,Chicago Bears,Green Bay Packers
1989,1989-12-17,15,0,0,LAR,NYJ,38,14,LAR,Los Angeles Rams,New York Jets
1989,1989-12-17,15,0,0,IND,MIA,42,13,IND,Indianapolis Colts,Miami Dolphins
1989,1989-12-17,15,0,0,DET,TB,33,7,DET,Detroit Lions,Tampa Bay Buccaneers
1989,1989-12-17,15,0,0,KC,LAC,13,20,KC,Kansas City Chiefs,San Diego Chargers
1989,1989-12-17,15,0,0,PIT,NE,28,10,PIT,Pittsburgh Steelers,New England Patriots
1989,1989-12-17,15,0,0,SEA,OAK,23,17,SEA,Seattle Seahawks,Los Angeles Raiders
1989,1989-12-17,15,0,0,SF,BUF,21,10,SF,San Francisco 49ers,Buffalo Bills
1989,1989-12-17,15,0,0,ATL,WSH,30,31,ATL,Atlanta Falcons,Washington Redskins
1989,1989-12-17,15,0,0,CLE,MIN,23,17,CLE,Cleveland Browns,Minnesota Vikings
1989,1989-12-17,15,0,0,CIN,TEN,61,7,CIN,Cincinnati Bengals,Houston Oilers
1989,1989-12-18,15,0,0,NO,PHI,30,20,NO,New Orleans Saints,Philadelphia Eagles
1989,1989-12-23,16,0,0,SEA,WSH,0,29,SEA,Seattle Seahawks,Washington Redskins
1989,1989-12-23,16,0,0,NYJ,BUF,0,37,NYJ,New York Jets,Buffalo Bills
1989,1989-12-23,16,0,0,TEN,CLE,20,24,TEN,Houston Oilers,Cleveland Browns
1989,1989-12-24,16,0,0,ATL,DET,24,31,ATL,Atlanta Falcons,Detroit Lions
1989,1989-12-24,16,0,0,NE,LAR,20,24,NE,New England Patriots,Los Angeles Rams
1989,1989-12-24,16,0,0,LAC,DEN,19,16,LAC,San Diego Chargers,Denver Broncos
1989,1989-12-24,16,0,0,PHI,ARI,31,14,PHI,Philadelphia Eagles,Phoenix Cardinals
1989,1989-12-24,16,0,0,NYG,OAK,34,17,NYG,New York Giants,Los Angeles Raiders
1989,1989-12-24,16,0,0,NO,IND,41,6,NO,New Orleans Saints,Indianapolis Colts
1989,1989-12-24,16,0,0,MIA,KC,24,27,MIA,Miami Dolphins,Kansas City Chiefs
1989,1989-12-24,16,0,0,DAL,GB,10,20,DAL,Dallas Cowboys,Green Bay Packers
1989,1989-12-24,16,0,0,TB,PIT,22,31,TB,Tampa Bay Buccaneers,Pittsburgh Steelers
1989,1989-12-24,16,0,0,SF,CHI,26,0,SF,San Francisco 49ers,Chicago Bears
1989,1989-12-25,16,0,0,MIN,CIN,29,21,MIN,Minnesota Vikings,Cincinnati Bengals
1989,1989-12-31,Wildcard,1,0,TEN,PIT,23,26,TEN,Houston Oilers,Pittsburgh Steelers
1989,1989-12-31,Wildcard,1,0,PHI,LAR,7,21,PHI,Philadelphia Eagles,Los Angeles Rams
1989,1990-01-06,Division,1,0,SF,MIN,41,13,SF,San Francisco 49ers,Minnesota Vikings
1989,1990-01-06,Division,1,0,CLE,BUF,34,30,CLE,Cleveland Browns,Buffalo Bills
1989,1990-01-07,Division,1,0,NYG,LAR,13,19,NYG,New York Giants,Los Angeles Rams
1989,1990-01-07,Division,1,0,DEN,PIT,24,23,DEN,Denver Broncos,Pittsburgh Steelers
1989,1990-01-14,Conference,1,0,DEN,CLE,37,21,DEN,Denver Broncos,Cleveland Browns
1989,1990-01-14,Conference,1,0,SF,LAR,30,3,SF,San Francisco 49ers,Los Angeles Rams
1989,1990-01-28,Superbowl,1,1,SF,DEN,55,10,SF,San Francisco 49ers,Denver Broncos
1990,1990-09-09,1,0,0,WSH,ARI,31,0,WSH,Washington Redskins,Phoenix Cardinals
1990,1990-09-09,1,0,0,OAK,DEN,14,9,OAK,Los Angeles Raiders,Denver Broncos
1990,1990-09-09,1,0,0,NYG,PHI,27,20,NYG,New York Giants,Philadelphia Eagles
1990,1990-09-09,1,0,0,NE,MIA,24,27,NE,New England Patriots,Miami Dolphins
1990,1990-09-09,1,0,0,KC,MIN,24,21,KC,Kansas City Chiefs,Minnesota Vikings
1990,1990-09-09,1,0,0,DET,TB,21,38,DET,Detroit Lions,Tampa Bay Buccaneers
1990,1990-09-09,1,0,0,CIN,NYJ,25,20,CIN,Cincinnati Bengals,New York Jets
1990,1990-09-09,1,0,0,DAL,LAC,17,14,DAL,Dallas Cowboys,San Diego Chargers
1990,1990-09-09,1,0,0,GB,LAR,36,24,GB,Green Bay Packers,Los Angeles Rams
1990,1990-09-09,1,0,0,CLE,PIT,13,3,CLE,Cleveland Browns,Pittsburgh Steelers
1990,1990-09-09,1,0,0,CHI,SEA,17,0,CHI,Chicago Bears,Seattle Seahawks
1990,1990-09-09,1,0,0,BUF,IND,26,10,BUF,Buffalo Bills,Indianapolis Colts
1990,1990-09-09,1,0,0,ATL,TEN,47,27,ATL,Atlanta Falcons,Houston Oilers
1990,1990-09-10,1,0,0,NO,SF,12,13,NO,New Orleans Saints,San Francisco 49ers
1990,1990-09-16,2,0,0,TB,LAR,14,35,TB,Tampa Bay Buccaneers,Los Angeles Rams
1990,1990-09-16,2,0,0,LAC,CIN,16,21,LAC,San Diego Chargers,Cincinnati Bengals
1990,1990-09-16,2,0,0,DET,ATL,21,14,DET,Detroit Lions,Atlanta Falcons
1990,1990-09-16,2,0,0,SF,WSH,26,13,SF,San Francisco 49ers,Washington Redskins
1990,1990-09-16,2,0,0,SEA,OAK,13,17,SEA,Seattle Seahawks,Los Angeles Raiders
1990,1990-09-16,2,0,0,PIT,TEN,20,9,PIT,Pittsburgh Steelers,Houston Oilers
1990,1990-09-16,2,0,0,PHI,ARI,21,23,PHI,Philadelphia Eagles,Phoenix Cardinals
1990,1990-09-16,2,0,0,NYJ,CLE,24,21,NYJ,New York Jets,Cleveland Browns
1990,1990-09-16,2,0,0,MIN,NO,32,3,MIN,Minnesota Vikings,New Orleans Saints
1990,1990-09-16,2,0,0,MIA,BUF,30,7,MIA,Miami Dolphins,Buffalo Bills
1990,1990-09-16,2,0,0,IND,NE,14,16,IND,Indianapolis Colts,New England Patriots
1990,1990-09-16,2,0,0,DAL,NYG,7,28,DAL,Dallas Cowboys,New York Giants
1990,1990-09-16,2,0,0,GB,CHI,13,31,GB,Green Bay Packers,Chicago Bears
1990,1990-09-17,2,0,0,DEN,KC,24,23,DEN,Denver Broncos,Kansas City Chiefs
1990,1990-09-23,3,0,0,CLE,LAC,14,24,CLE,Cleveland Browns,San Diego Chargers
1990,1990-09-23,3,0,0,CHI,MIN,19,16,CHI,Chicago Bears,Minnesota Vikings
1990,1990-09-23,3,0,0,CIN,NE,41,7,CIN,Cincinnati Bengals,New England Patriots
1990,1990-09-23,3,0,0,DEN,SEA,34,31,DEN,Denver Broncos,Seattle Seahawks
1990,1990-09-23,3,0,0,GB,KC,3,17,GB,Green Bay Packers,Kansas City Chiefs
1990,1990-09-23,3,0,0,NO,ARI,28,7,NO,New Orleans Saints,Phoenix Cardinals
1990,1990-09-23,3,0,0,NYG,MIA,20,3,NYG,New York Giants,Miami Dolphins
1990,1990-09-23,3,0,0,TEN,IND,24,10,TEN,Houston Oilers,Indianapolis Colts
1990,1990-09-23,3,0,0,SF,ATL,19,13,SF,San Francisco 49ers,Atlanta Falcons
1990,1990-09-23,3,0,0,OAK,PIT,20,3,OAK,Los Angeles Raiders,Pittsburgh Steelers
1990,1990-09-23,3,0,0,LAR,PHI,21,27,LAR,Los Angeles Rams,Philadelphia Eagles
1990,1990-09-23,3,0,0,WSH,DAL,19,15,WSH,Washington Redskins,Dallas Cowboys
1990,1990-09-23,3,0,0,TB,DET,23,20,TB,Tampa Bay Buccaneers,Detroit Lions
1990,1990-09-24,3,0,0,NYJ,BUF,7,30,NYJ,New York Jets,Buffalo Bills
1990,1990-09-30,4,0,0,LAC,TEN,7,17,LAC,San Diego Chargers,Houston Oilers
1990,1990-09-30,4,0,0,BUF,DEN,29,28,BUF,Buffalo Bills,Denver Broncos
1990,1990-09-30,4,0,0,PIT,MIA,6,28,PIT,Pittsburgh Steelers,Miami Dolphins
1990,1990-09-30,4,0,0,OAK,CHI,24,10,OAK,Los Angeles Raiders,Chicago Bears
1990,1990-09-30,4,0,0,ARI,WSH,10,38,ARI,Phoenix Cardinals,Washington Redskins
1990,1990-09-30,4,0,0,DET,GB,21,24,DET,Detroit Lions,Green Bay Packers
1990,1990-09-30,4,0,0,KC,CLE,34,0,KC,Kansas City Chiefs,Cleveland Browns
1990,1990-09-30,4,0,0,MIN,TB,20,23,MIN,Minnesota Vikings,Tampa Bay Buccaneers
1990,1990-09-30,4,0,0,NE,NYJ,13,37,NE,New England Patriots,New York Jets
1990,1990-09-30,4,0,0,NYG,DAL,31,17,NYG,New York Giants,Dallas Cowboys
1990,1990-09-30,4,0,0,PHI,IND,23,24,PHI,Philadelphia Eagles,Indianapolis Colts
1990,1990-10-01,4,0,0,SEA,CIN,31,16,SEA,Seattle Seahawks,Cincinnati Bengals
1990,1990-10-07,5,0,0,PIT,LAC,36,14,PIT,Pittsburgh Steelers,San Diego Chargers
1990,1990-10-07,5,0,0,BUF,OAK,38,24,BUF,Buffalo Bills,Los Angeles Raiders
1990,1990-10-07,5,0,0,ATL,NO,28,27,ATL,Atlanta Falcons,New Orleans Saints
1990,1990-10-07,5,0,0,CHI,GB,27,13,CHI,Chicago Bears,Green Bay Packers
1990,1990-10-07,5,0,0,IND,KC,23,19,IND,Indianapolis Colts,Kansas City Chiefs
1990,1990-10-07,5,0,0,DAL,TB,14,10,DAL,Dallas Cowboys,Tampa Bay Buccaneers
1990,1990-10-07,5,0,0,MIA,NYJ,20,16,MIA,Miami Dolphins,New York Jets
1990,1990-10-07,5,0,0,MIN,DET,27,34,MIN,Minnesota Vikings,Detroit Lions
1990,1990-10-07,5,0,0,NE,SEA,20,33,NE,New England Patriots,Seattle Seahawks
1990,1990-10-07,5,0,0,TEN,SF,21,24,TEN,Houston Oilers,San Francisco 49ers
1990,1990-10-07,5,0,0,LAR,CIN,31,34,LAR,Los Angeles Rams,Cincinnati Bengals
1990,1990-10-08,5,0,0,DEN,CLE,29,30,DEN,Denver Broncos,Cleveland Browns
1990,1990-10-14,6,0,0,CHI,LAR,38,9,CHI,Chicago Bears,Los Angeles Rams
1990,1990-10-14,6,0,0,TEN,CIN,48,17,TEN,Houston Oilers,Cincinnati Bengals
1990,1990-10-14,6,0,0,NO,CLE,25,20,NO,New Orleans Saints,Cleveland Browns
1990,1990-10-14,6,0,0,KC,DET,43,24,KC,Kansas City Chiefs,Detroit Lions
1990,1990-10-14,6,0,0,WSH,NYG,20,24,WSH,Washington Redskins,New York Giants
1990,1990-10-14,6,0,0,DEN,PIT,17,34,DEN,Denver Broncos,Pittsburgh Steelers
1990,1990-10-14,6,0,0,ARI,DAL,20,3,ARI,Phoenix Cardinals,Dallas Cowboys
1990,1990-10-14,6,0,0,ATL,SF,35,45,ATL,Atlanta Falcons,San Francisco 49ers
1990,1990-10-14,6,0,0,TB,GB,26,14,TB,Tampa Bay Buccaneers,Green Bay Packers
1990,1990-10-14,6,0,0,OAK,SEA,24,17,OAK,Los Angeles Raiders,Seattle Seahawks
1990,1990-10-14,6,0,0,NYJ,LAC,3,39,NYJ,New York Jets,San Diego Chargers
1990,1990-10-15,6,0,0,PHI,MIN,32,24,PHI,Philadelphia Eagles,Minnesota Vikings
1990,1990-10-18,7,0,0,MIA,NE,17,10,MIA,Miami Dolphins,New England Patriots
1990,1990-10-21,7,0,0,TB,DAL,13,17,TB,Tampa Bay Buccaneers,Dallas Cowboys
1990,1990-10-21,7,0,0,SF,PIT,27,7,SF,San Francisco 49ers,Pittsburgh Steelers
1990,1990-10-21,7,0,0,SEA,KC,19,7,SEA,Seattle Seahawks,Kansas City Chiefs
1990,1990-10-21,7,0,0,WSH,PHI,13,7,WSH,Washington Redskins,Philadelphia Eagles
1990,1990-10-21,7,0,0,LAC,OAK,9,24,LAC,San Diego Chargers,Los Angeles Raiders
1990,1990-10-21,7,0,0,TEN,NO,23,10,TEN,Houston Oilers,New Orleans Saints
1990,1990-10-21,7,0,0,LAR,ATL,44,24,LAR,Los Angeles Rams,Atlanta Falcons
1990,1990-10-21,7,0,0,NYG,ARI,20,19,NYG,New York Giants,Phoenix Cardinals
1990,1990-10-21,7,0,0,IND,DEN,17,27,IND,Indianapolis Colts,Denver Broncos
1990,1990-10-21,7,0,0,BUF,NYJ,30,27,BUF,Buffalo Bills,New York Jets
1990,1990-10-22,7,0,0,CLE,CIN,13,34,CLE,Cleveland Browns,Cincinnati Bengals
1990,1990-10-28,8,0,0,DAL,PHI,20,21,DAL,Dallas Cowboys,Philadelphia Eagles
1990,1990-10-28,8,0,0,LAC,TB,41,10,LAC,San Diego Chargers,Tampa Bay Buccaneers
1990,1990-10-28,8,0,0,SF,CLE,20,17,SF,San Francisco 49ers,Cleveland Browns
1990,1990-10-28,8,0,0,TEN,NYJ,12,17,TEN,Houston Oilers,New York Jets
1990,1990-10-28,8,0,0,NYG,WSH,21,10,NYG,New York Giants,Washington Redskins
1990,1990-10-28,8,0,0,NE,BUF,10,27,NE,New England Patriots,Buffalo Bills
1990,1990-10-28,8,0,0,NO,DET,10,27,NO,New Orleans Saints,Detroit Lions
1990,1990-10-28,8,0,0,GB,MIN,24,10,GB,Green Bay Packers,Minnesota Vikings
1990,1990-10-28,8,0,0,ARI,CHI,21,31,ARI,Phoenix Cardinals,Chicago Bears
1990,1990-10-28,8,0,0,IND,MIA,7,27,IND,Indianapolis Colts,Miami Dolphins
1990,1990-10-28,8,0,0,ATL,CIN,38,17,ATL,Atlanta Falcons,Cincinnati Bengals
1990,1990-10-29,8,0,0,PIT,LAR,41,10,PIT,Pittsburgh Steelers,Los Angeles Rams
1990,1990-11-04,9,0,0,PHI,NE,48,20,PHI,Philadelphia Eagles,New England Patriots
1990,1990-11-04,9,0,0,NYJ,DAL,24,9,NYJ,New York Jets,Dallas Cowboys
1990,1990-11-04,9,0,0,MIN,DEN,27,22,MIN,Minnesota Vikings,Denver Broncos
1990,1990-11-04,9,0,0,KC,OAK,9,7,KC,Kansas City Chiefs,Los Angeles Raiders
1990,1990-11-04,9,0,0,GB,SF,20,24,GB,Green Bay Packers,San Francisco 49ers
1990,1990-11-04,9,0,0,DET,WSH,38,41,DET,Detroit Lions,Washington Redskins
1990,1990-11-04,9,0,0,CLE,BUF,0,42,CLE,Cleveland Browns,Buffalo Bills
1990,1990-11-04,9,0,0,CIN,NO,7,21,CIN,Cincinnati Bengals,New Orleans Saints
1990,1990-11-04,9,0,0,PIT,ATL,21,9,PIT,Pittsburgh Steelers,Atlanta Falcons
1990,1990-11-04,9,0,0,MIA,ARI,23,3,MIA,Miami Dolphins,Phoenix Cardinals
1990,1990-11-04,9,0,0,TB,CHI,6,26,TB,Tampa Bay Buccaneers,Chicago Bears
1990,1990-11-04,9,0,0,LAR,TEN,17,13,LAR,Los Angeles Rams,Houston Oilers
1990,1990-11-04,9,0,0,SEA,LAC,14,31,SEA,Seattle Seahawks,San Diego Chargers
1990,1990-11-05,9,0,0,IND,NYG,7,24,IND,Indianapolis Colts,New York Giants
1990,1990-11-11,10,0,0,CHI,ATL,30,24,CHI,Chicago Bears,Atlanta Falcons
1990,1990-11-11,10,0,0,BUF,ARI,45,14,BUF,Buffalo Bills,Phoenix Cardinals
1990,1990-11-11,10,0,0,LAC,DEN,19,7,LAC,San Diego Chargers,Denver Broncos
1990,1990-11-11,10,0,0,NYJ,MIA,3,17,NYJ,New York Jets,Miami Dolphins
1990,1990-11-11,10,0,0,DAL,SF,6,24,DAL,Dallas Cowboys,San Francisco 49ers
1990,1990-11-11,10,0,0,KC,SEA,16,17,KC,Kansas City Chiefs,Seattle Seahawks
1990,1990-11-11,10,0,0,DET,MIN,7,17,DET,Detroit Lions,Minnesota Vikings
1990,1990-11-11,10,0,0,LAR,NYG,7,31,LAR,Los Angeles Rams,New York Giants
1990,1990-11-11,10,0,0,OAK,GB,16,29,OAK,Los Angeles Raiders,Green Bay Packers
1990,1990-11-11,10,0,0,NE,IND,10,13,NE,New England Patriots,Indianapolis Colts
1990,1990-11-11,10,0,0,NO,TB,35,7,NO,New Orleans Saints,Tampa Bay Buccaneers
1990,1990-11-12,10,0,0,PHI,WSH,28,14,PHI,Philadelphia Eagles,Washington Redskins
1990,1990-11-18,11,0,0,KC,LAC,27,10,KC,Kansas City Chiefs,San Diego Chargers
1990,1990-11-18,11,0,0,WSH,NO,31,17,WSH,Washington Redskins,New Orleans Saints
1990,1990-11-18,11,0,0,SF,TB,31,7,SF,San Francisco 49ers,Tampa Bay Buccaneers
1990,1990-11-18,11,0,0,SEA,MIN,21,24,SEA,Seattle Seahawks,Minnesota Vikings
1990,1990-11-18,11,0,0,NYG,DET,20,0,NYG,New York Giants,Detroit Lions
1990,1990-11-18,11,0,0,DEN,CHI,13,16,DEN,Denver Broncos,Chicago Bears
1990,1990-11-18,11,0,0,ARI,GB,21,24,ARI,Phoenix Cardinals,Green Bay Packers
1990,1990-11-18,11,0,0,IND,NYJ,17,14,IND,Indianapolis Colts,New York Jets
1990,1990-11-18,11,0,0,CLE,TEN,23,35,CLE,Cleveland Browns,Houston Oilers
1990,1990-11-18,11,0,0,CIN,PIT,27,3,CIN,Cincinnati Bengals,Pittsburgh Steelers
1990,1990-11-18,11,0,0,BUF,NE,14,0,BUF,Buffalo Bills,New England Patriots
1990,1990-11-18,11,0,0,ATL,PHI,23,24,ATL,Atlanta Falcons,Philadelphia Eagles
1990,1990-11-18,11,0,0,LAR,DAL,21,24,LAR,Los Angeles Rams,Dallas Cowboys
1990,1990-11-19,11,0,0,MIA,OAK,10,13,MIA,Miami Dolphins,Los Angeles Raiders
1990,1990-11-22,12,0,0,DAL,WSH,27,17,DAL,Dallas Cowboys,Washington Redskins
1990,1990-11-22,12,0,0,DET,DEN,40,27,DET,Detroit Lions,Denver Broncos
1990,1990-11-25,12,0,0,PHI,NYG,31,13,PHI,Philadelphia Eagles,New York Giants
1990,1990-11-25,12,0,0,NYJ,PIT,7,24,NYJ,New York Jets,Pittsburgh Steelers
1990,1990-11-25,12,0,0,NO,ATL,10,7,NO,New Orleans Saints,Atlanta Falcons
1990,1990-11-25,12,0,0,LAC,SEA,10,13,LAC,San Diego Chargers,Seattle Seahawks
1990,1990-11-25,12,0,0,SF,LAR,17,28,SF,San Francisco 49ers,Los Angeles Rams
1990,1990-11-25,12,0,0,MIN,CHI,41,13,MIN,Minnesota Vikings,Chicago Bears
1990,1990-11-25,12,0,0,ARI,NE,34,14,ARI,Phoenix Cardinals,New England Patriots
1990,1990-11-25,12,0,0,CLE,MIA,13,30,CLE,Cleveland Browns,Miami Dolphins
1990,1990-11-25,12,0,0,CIN,IND,20,34,CIN,Cincinnati Bengals,Indianapolis Colts
1990,1990-11-25,12,0,0,GB,TB,20,10,GB,Green Bay Packers,Tampa Bay Buccaneers
1990,1990-11-25,12,0,0,OAK,KC,24,27,OAK,Los Angeles Raiders,Kansas City Chiefs
1990,1990-11-26,12,0,0,TEN,BUF,27,24,TEN,Houston Oilers,Buffalo Bills
1990,1990-12-02,13,0,0,LAC,NYJ,38,17,LAC,San Diego Chargers,New York Jets
1990,1990-12-02,13,0,0,NE,KC,7,37,NE,New England Patriots,Kansas City Chiefs
1990,1990-12-02,13,0,0,PIT,CIN,12,16,PIT,Pittsburgh Steelers,Cincinnati Bengals
1990,1990-12-02,13,0,0,CLE,LAR,23,38,CLE,Cleveland Browns,Los Angeles Rams
1990,1990-12-02,13,0,0,WSH,MIA,42,20,WSH,Washington Redskins,Miami Dolphins
1990,1990-12-02,13,0,0,TB,ATL,23,17,TB,Tampa Bay Buccaneers,Atlanta Falcons
1990,1990-12-02,13,0,0,SEA,TEN,13,10,SEA,Seattle Seahawks,Houston Oilers
1990,1990-12-02,13,0,0,BUF,PHI,30,23,BUF,Buffalo Bills,Philadelphia Eagles
1990,1990-12-02,13,0,0,CHI,DET,23,17,CHI,Chicago Bears,Detroit Lions
1990,1990-12-02,13,0,0,ARI,IND,20,17,ARI,Phoenix Cardinals,Indianapolis Colts
1990,1990-12-02,13,0,0,DAL,NO,17,13,DAL,Dallas Cowboys,New Orleans Saints
1990,1990-12-02,13,0,0,DEN,OAK,20,23,DEN,Denver Broncos,Los Angeles Raiders
1990,1990-12-02,13,0,0,MIN,GB,23,7,MIN,Minnesota Vikings,Green Bay Packers
1990,1990-12-03,13,0,0,SF,NYG,7,3,SF,San Francisco 49ers,New York Giants
1990,1990-12-09,14,0,0,IND,BUF,7,31,IND,Indianapolis Colts,Buffalo Bills
1990,1990-12-09,14,0,0,CIN,SF,17,20,CIN,Cincinnati Bengals,San Francisco 49ers
1990,1990-12-09,14,0,0,LAR,NO,20,24,LAR,Los Angeles Rams,New Orleans Saints
1990,1990-12-09,14,0,0,WSH,CHI,10,9,WSH,Washington Redskins,Chicago Bears
1990,1990-12-09,14,0,0,PIT,NE,24,3,PIT,Pittsburgh Steelers,New England Patriots
1990,1990-12-09,14,0,0,TEN,CLE,58,14,TEN,Houston Oilers,Cleveland Browns
1990,1990-12-09,14,0,0,NYG,MIN,23,15,NYG,New York Giants,Minnesota Vikings
1990,1990-12-09,14,0,0,MIA,PHI,23,20,MIA,Miami Dolphins,Philadelphia Eagles
1990,1990-12-09,14,0,0,KC,DEN,31,20,KC,Kansas City Chiefs,Denver Broncos
1990,1990-12-09,14,0,0,GB,SEA,14,20,GB,Green Bay Packers,Seattle Seahawks
1990,1990-12-09,14,0,0,ATL,ARI,13,24,ATL,Atlanta Falcons,Phoenix Cardinals
1990,1990-12-10,14,0,0,DET,OAK,31,38,DET,Detroit Lions,Los Angeles Raiders
1990,1990-12-15,15,0,0,NE,WSH,10,25,NE,New England Patriots,Washington Redskins
1990,1990-12-15,15,0,0,NYG,BUF,13,17,NYG,New York Giants,Buffalo Bills
1990,1990-12-16,15,0,0,NO,PIT,6,9,NO,New Orleans Saints,Pittsburgh Steelers
1990,1990-12-16,15,0,0,KC,TEN,10,27,KC,Kansas City Chiefs,Houston Oilers
1990,1990-12-16,15,0,0,DET,CHI,38,21,DET,Detroit Lions,Chicago Bears
1990,1990-12-16,15,0,0,DAL,ARI,41,10,DAL,Dallas Cowboys,Phoenix Cardinals
1990,1990-12-16,15,0,0,CLE,ATL,13,10,CLE,Cleveland Browns,Atlanta Falcons
1990,1990-12-16,15,0,0,MIA,SEA,24,17,MIA,Miami Dolphins,Seattle Seahawks
1990,1990-12-16,15,0,0,DEN,LAC,20,10,DEN,Denver Broncos,San Diego Chargers
1990,1990-12-16,15,0,0,OAK,CIN,24,7,OAK,Los Angeles Raiders,Cincinnati Bengals
1990,1990-12-16,15,0,0,PHI,GB,31,0,PHI,Philadelphia Eagles,Green Bay Packers
1990,1990-12-16,15,0,0,NYJ,IND,21,29,NYJ,New York Jets,Indianapolis Colts
1990,1990-12-16,15,0,0,TB,MIN,26,13,TB,Tampa Bay Buccaneers,Minnesota Vikings
1990,1990-12-17,15,0,0,LAR,SF,10,26,LAR,Los Angeles Rams,San Francisco 49ers
1990,1990-12-22,16,0,0,IND,WSH,35,28,IND,Indianapolis Colts,Washington Redskins
1990,1990-12-22,16,0,0,MIN,OAK,24,28,MIN,Minnesota Vikings,Los Angeles Raiders
1990,1990-12-22,16,0,0,GB,DET,17,24,GB,Green Bay Packers,Detroit Lions
1990,1990-12-23,16,0,0,PIT,CLE,35,0,PIT,Pittsburgh Steelers,Cleveland Browns
1990,1990-12-23,16,0,0,NYJ,NE,42,7,NYJ,New York Jets,New England Patriots
1990,1990-12-23,16,0,0,SEA,DEN,17,12,SEA,Seattle Seahawks,Denver Broncos
1990,1990-12-23,16,0,0,LAC,KC,21,24,LAC,San Diego Chargers,Kansas City Chiefs
1990,1990-12-23,16,0,0,ATL,LAR,20,13,ATL,Atlanta Falcons,Los Angeles Rams
1990,1990-12-23,16,0,0,BUF,MIA,24,14,BUF,Buffalo Bills,Miami Dolphins
1990,1990-12-23,16,0,0,CHI,TB,27,14,CHI,Chicago Bears,Tampa Bay Buccaneers
1990,1990-12-23,16,0,0,CIN,TEN,40,20,CIN,Cincinnati Bengals,Houston Oilers
1990,1990-12-23,16,0,0,ARI,NYG,21,24,ARI,Phoenix Cardinals,New York Giants
1990,1990-12-23,16,0,0,SF,NO,10,13,SF,San Francisco 49ers,New Orleans Saints
1990,1990-12-23,16,0,0,PHI,DAL,17,3,PHI,Philadelphia Eagles,Dallas Cowboys
1990,1990-12-29,17,0,0,ARI,PHI,21,23,ARI,Phoenix Cardinals,Philadelphia Eagles
1990,1990-12-29,17,0,0,CHI,KC,10,21,CHI,Chicago Bears,Kansas City Chiefs
1990,1990-12-30,17,0,0,MIN,SF,17,20,MIN,Minnesota Vikings,San Francisco 49ers
1990,1990-12-30,17,0,0,OAK,LAC,17,12,OAK,Los Angeles Raiders,San Diego Chargers
1990,1990-12-30,17,0,0,TB,NYJ,14,16,TB,Tampa Bay Buccaneers,New York Jets
1990,1990-12-30,17,0,0,SEA,DET,30,10,SEA,Seattle Seahawks,Detroit Lions
1990,1990-12-30,17,0,0,WSH,BUF,29,14,WSH,Washington Redskins,Buffalo Bills
1990,1990-12-30,17,0,0,TEN,PIT,34,14,TEN,Houston Oilers,Pittsburgh Steelers
1990,1990-12-30,17,0,0,NE,NYG,10,13,NE,New England Patriots,New York Giants
1990,1990-12-30,17,0,0,MIA,IND,23,17,MIA,Miami Dolphins,Indianapolis Colts
1990,1990-12-30,17,0,0,DEN,GB,22,13,DEN,Denver Broncos,Green Bay Packers
1990,1990-12-30,17,0,0,CIN,CLE,21,14,CIN,Cincinnati Bengals,Cleveland Browns
1990,1990-12-30,17,0,0,ATL,DAL,26,7,ATL,Atlanta Falcons,Dallas Cowboys
1990,1990-12-31,17,0,0,NO,LAR,20,17,NO,New Orleans Saints,Los Angeles Rams
1990,1991-01-05,Wildcard,1,0,MIA,KC,17,16,MIA,Miami Dolphins,Kansas City Chiefs
1990,1991-01-05,Wildcard,1,0,PHI,WSH,6,20,PHI,Philadelphia Eagles,Washington Redskins
1990,1991-01-06,Wildcard,1,0,CIN,TEN,41,14,CIN,Cincinnati Bengals,Houston Oilers
1990,1991-01-06,Wildcard,1,0,CHI,NO,16,6,CHI,Chicago Bears,New Orleans Saints
1990,1991-01-12,Division,1,0,SF,WSH,28,10,SF,San Francisco 49ers,Washington Redskins
1990,1991-01-12,Division,1,0,BUF,MIA,44,34,BUF,Buffalo Bills,Miami Dolphins
1990,1991-01-13,Division,1,0,NYG,CHI,31,3,NYG,New York Giants,Chicago Bears
1990,1991-01-13,Division,1,0,OAK,CIN,20,10,OAK,Los Angeles Raiders,Cincinnati Bengals
1990,1991-01-20,Conference,1,0,BUF,OAK,51,3,BUF,Buffalo Bills,Los Angeles Raiders
1990,1991-01-20,Conference,1,0,SF,NYG,13,15,SF,San Francisco 49ers,New York Giants
1990,1991-01-27,Superbowl,1,1,NYG,BUF,20,19,BUF,Buffalo Bills,New York Giants
1991,1991-09-01,1,0,0,DEN,CIN,45,14,DEN,Denver Broncos,Cincinnati Bengals
1991,1991-09-01,1,0,0,PIT,LAC,26,20,PIT,Pittsburgh Steelers,San Diego Chargers
1991,1991-09-01,1,0,0,WSH,DET,45,0,WSH,Washington Redskins,Detroit Lions
1991,1991-09-01,1,0,0,TEN,OAK,47,17,TEN,Houston Oilers,Los Angeles Raiders
1991,1991-09-01,1,0,0,NYJ,TB,16,13,NYJ,New York Jets,Tampa Bay Buccaneers
1991,1991-09-01,1,0,0,NO,SEA,27,24,NO,New Orleans Saints,Seattle Seahawks
1991,1991-09-01,1,0,0,KC,ATL,14,3,KC,Kansas City Chiefs,Atlanta Falcons
1991,1991-09-01,1,0,0,GB,PHI,3,20,GB,Green Bay Packers,Philadelphia Eagles
1991,1991-09-01,1,0,0,IND,NE,7,16,IND,Indianapolis Colts,New England Patriots
1991,1991-09-01,1,0,0,CLE,DAL,14,26,CLE,Cleveland Browns,Dallas Cowboys
1991,1991-09-01,1,0,0,CHI,MIN,10,6,CHI,Chicago Bears,Minnesota Vikings
1991,1991-09-01,1,0,0,BUF,MIA,35,31,BUF,Buffalo Bills,Miami Dolphins
1991,1991-09-01,1,0,0,LAR,ARI,14,24,LAR,Los Angeles Rams,Phoenix Cardinals
1991,1991-09-02,1,0,0,NYG,SF,16,14,NYG,New York Giants,San Francisco 49ers
1991,1991-09-08,2,0,0,SEA,NYJ,20,13,SEA,Seattle Seahawks,New York Jets
1991,1991-09-08,2,0,0,PHI,ARI,10,26,PHI,Philadelphia Eagles,Phoenix Cardinals
1991,1991-09-08,2,0,0,CIN,TEN,7,30,CIN,Cincinnati Bengals,Houston Oilers
1991,1991-09-08,2,0,0,SF,LAC,34,14,SF,San Francisco 49ers,San Diego Chargers
1991,1991-09-08,2,0,0,BUF,PIT,52,34,BUF,Buffalo Bills,Pittsburgh Steelers
1991,1991-09-08,2,0,0,ATL,MIN,19,20,ATL,Atlanta Falcons,Minnesota Vikings
1991,1991-09-08,2,0,0,TB,CHI,20,21,TB,Tampa Bay Buccaneers,Chicago Bears
1991,1991-09-08,2,0,0,NE,CLE,0,20,NE,New England Patriots,Cleveland Browns
1991,1991-09-08,2,0,0,NYG,LAR,13,19,NYG,New York Giants,Los Angeles Rams
1991,1991-09-08,2,0,0,OAK,DEN,16,13,OAK,Los Angeles Raiders,Denver Broncos
1991,1991-09-08,2,0,0,DET,GB,23,14,DET,Detroit Lions,Green Bay Packers
1991,1991-09-08,2,0,0,KC,NO,10,17,KC,Kansas City Chiefs,New Orleans Saints
1991,1991-09-08,2,0,0,MIA,IND,17,6,MIA,Miami Dolphins,Indianapolis Colts
1991,1991-09-09,2,0,0,DAL,WSH,31,33,DAL,Dallas Cowboys,Washington Redskins
1991,1991-09-15,3,0,0,CLE,CIN,14,13,CLE,Cleveland Browns,Cincinnati Bengals
1991,1991-09-15,3,0,0,OAK,IND,16,0,OAK,Los Angeles Raiders,Indianapolis Colts
1991,1991-09-15,3,0,0,PIT,NE,20,6,PIT,Pittsburgh Steelers,New England Patriots
1991,1991-09-15,3,0,0,NYJ,BUF,20,23,NYJ,New York Jets,Buffalo Bills
1991,1991-09-15,3,0,0,MIN,SF,17,14,MIN,Minnesota Vikings,San Francisco 49ers
1991,1991-09-15,3,0,0,GB,TB,15,13,GB,Green Bay Packers,Tampa Bay Buccaneers
1991,1991-09-15,3,0,0,DET,MIA,17,13,DET,Detroit Lions,Miami Dolphins
1991,1991-09-15,3,0,0,NO,LAR,24,7,NO,New Orleans Saints,Los Angeles Rams
1991,1991-09-15,3,0,0,DEN,SEA,16,10,DEN,Denver Broncos,Seattle Seahawks
1991,1991-09-15,3,0,0,DAL,PHI,0,24,DAL,Dallas Cowboys,Philadelphia Eagles
1991,1991-09-15,3,0,0,LAC,ATL,10,13,LAC,San Diego Chargers,Atlanta Falcons
1991,1991-09-15,3,0,0,CHI,NYG,20,17,CHI,Chicago Bears,New York Giants
1991,1991-09-15,3,0,0,WSH,ARI,34,0,WSH,Washington Redskins,Phoenix Cardinals
1991,1991-09-16,3,0,0,TEN,KC,17,7,TEN,Houston Oilers,Kansas City Chiefs
1991,1991-09-22,4,0,0,NO,MIN,26,0,NO,New Orleans Saints,Minnesota Vikings
1991,1991-09-22,4,0,0,MIA,GB,16,13,MIA,Miami Dolphins,Green Bay Packers
1991,1991-09-22,4,0,0,KC,SEA,20,13,KC,Kansas City Chiefs,Seattle Seahawks
1991,1991-09-22,4,0,0,ARI,DAL,9,17,ARI,Phoenix Cardinals,Dallas Cowboys
1991,1991-09-22,4,0,0,IND,DET,24,33,IND,Indianapolis Colts,Detroit Lions
1991,1991-09-22,4,0,0,CIN,WSH,27,34,CIN,Cincinnati Bengals,Washington Redskins
1991,1991-09-22,4,0,0,ATL,OAK,21,17,ATL,Atlanta Falcons,Los Angeles Raiders
1991,1991-09-22,4,0,0,SF,LAR,27,10,SF,San Francisco 49ers,Los Angeles Rams
1991,1991-09-22,4,0,0,DEN,LAC,27,19,DEN,Denver Broncos,San Diego Chargers
1991,1991-09-22,4,0,0,NYG,CLE,13,10,NYG,New York Giants,Cleveland Browns
1991,1991-09-22,4,0,0,NE,TEN,24,20,NE,New England Patriots,Houston Oilers
1991,1991-09-22,4,0,0,TB,BUF,10,17,TB,Tampa Bay Buccaneers,Buffalo Bills
1991,1991-09-22,4,0,0,PHI,PIT,23,14,PHI,Philadelphia Eagles,Pittsburgh Steelers
1991,1991-09-23,4,0,0,CHI,NYJ,19,13,CHI,Chicago Bears,New York Jets
1991,1991-09-29,5,0,0,NYJ,MIA,41,23,NYJ,New York Jets,Miami Dolphins
1991,1991-09-29,5,0,0,LAC,KC,13,14,LAC,San Diego Chargers,Kansas City Chiefs
1991,1991-09-29,5,0,0,ATL,NO,6,27,ATL,Atlanta Falcons,New Orleans Saints
1991,1991-09-29,5,0,0,BUF,CHI,35,20,BUF,Buffalo Bills,Chicago Bears
1991,1991-09-29,5,0,0,ARI,NE,24,10,ARI,Phoenix Cardinals,New England Patriots
1991,1991-09-29,5,0,0,DAL,NYG,21,16,DAL,Dallas Cowboys,New York Giants
1991,1991-09-29,5,0,0,LAR,GB,23,21,LAR,Los Angeles Rams,Green Bay Packers
1991,1991-09-29,5,0,0,DET,TB,31,3,DET,Detroit Lions,Tampa Bay Buccaneers
1991,1991-09-29,5,0,0,MIN,DEN,6,13,MIN,Minnesota Vikings,Denver Broncos
1991,1991-09-29,5,0,0,SEA,IND,31,3,SEA,Seattle Seahawks,Indianapolis Colts
1991,1991-09-29,5,0,0,OAK,SF,12,6,OAK,Los Angeles Raiders,San Francisco 49ers
1991,1991-09-30,5,0,0,WSH,PHI,23,0,WSH,Washington Redskins,Philadelphia Eagles
1991,1991-10-06,6,0,0,NE,MIA,10,20,NE,New England Patriots,Miami Dolphins
1991,1991-10-06,6,0,0,TB,PHI,14,13,TB,Tampa Bay Buccaneers,Philadelphia Eagles
1991,1991-10-06,6,0,0,TEN,DEN,42,14,TEN,Houston Oilers,Denver Broncos
1991,1991-10-06,6,0,0,NYG,ARI,20,9,NYG,New York Giants,Phoenix Cardinals
1991,1991-10-06,6,0,0,GB,DAL,17,20,GB,Green Bay Packers,Dallas Cowboys
1991,1991-10-06,6,0,0,DET,MIN,24,20,DET,Detroit Lions,Minnesota Vikings
1991,1991-10-06,6,0,0,IND,PIT,3,21,IND,Indianapolis Colts,Pittsburgh Steelers
1991,1991-10-06,6,0,0,CLE,NYJ,14,17,CLE,Cleveland Browns,New York Jets
1991,1991-10-06,6,0,0,CIN,SEA,7,13,CIN,Cincinnati Bengals,Seattle Seahawks
1991,1991-10-06,6,0,0,CHI,WSH,7,20,CHI,Chicago Bears,Washington Redskins
1991,1991-10-06,6,0,0,OAK,LAC,13,21,OAK,Los Angeles Raiders,San Diego Chargers
1991,1991-10-07,6,0,0,KC,BUF,33,6,KC,Kansas City Chiefs,Buffalo Bills
1991,1991-10-13,7,0,0,SEA,OAK,20,23,SEA,Seattle Seahawks,Los Angeles Raiders
1991,1991-10-13,7,0,0,PHI,NO,6,13,PHI,Philadelphia Eagles,New Orleans Saints
1991,1991-10-13,7,0,0,NYJ,TEN,20,23,NYJ,New York Jets,Houston Oilers
1991,1991-10-13,7,0,0,MIN,ARI,34,7,MIN,Minnesota Vikings,Phoenix Cardinals
1991,1991-10-13,7,0,0,KC,MIA,42,7,KC,Kansas City Chiefs,Miami Dolphins
1991,1991-10-13,7,0,0,DAL,CIN,35,23,DAL,Dallas Cowboys,Cincinnati Bengals
1991,1991-10-13,7,0,0,LAR,LAC,30,24,LAR,Los Angeles Rams,San Diego Chargers
1991,1991-10-13,7,0,0,BUF,IND,42,6,BUF,Buffalo Bills,Indianapolis Colts
1991,1991-10-13,7,0,0,WSH,CLE,42,17,WSH,Washington Redskins,Cleveland Browns
1991,1991-10-13,7,0,0,SF,ATL,34,39,SF,San Francisco 49ers,Atlanta Falcons
1991,1991-10-14,7,0,0,PIT,NYG,20,23,PIT,Pittsburgh Steelers,New York Giants
1991,1991-10-17,8,0,0,GB,CHI,0,10,GB,Green Bay Packers,Chicago Bears
1991,1991-10-20,8,0,0,PIT,SEA,7,27,PIT,Pittsburgh Steelers,Seattle Seahawks
1991,1991-10-20,8,0,0,ARI,ATL,16,10,ARI,Phoenix Cardinals,Atlanta Falcons
1991,1991-10-20,8,0,0,IND,NYJ,6,17,IND,Indianapolis Colts,New York Jets
1991,1991-10-20,8,0,0,DEN,KC,19,16,DEN,Denver Broncos,Kansas City Chiefs
1991,1991-10-20,8,0,0,OAK,LAR,20,17,OAK,Los Angeles Raiders,Los Angeles Rams
1991,1991-10-20,8,0,0,NE,MIN,26,23,NE,New England Patriots,Minnesota Vikings
1991,1991-10-20,8,0,0,NO,TB,23,7,NO,New Orleans Saints,Tampa Bay Buccaneers
1991,1991-10-20,8,0,0,LAC,CLE,24,30,LAC,San Diego Chargers,Cleveland Browns
1991,1991-10-20,8,0,0,MIA,TEN,13,17,MIA,Miami Dolphins,Houston Oilers
1991,1991-10-20,8,0,0,SF,DET,35,3,SF,San Francisco 49ers,Detroit Lions
1991,1991-10-21,8,0,0,BUF,CIN,35,16,BUF,Buffalo Bills,Cincinnati Bengals
1991,1991-10-27,9,0,0,ATL,LAR,31,14,ATL,Atlanta Falcons,Los Angeles Rams
1991,1991-10-27,9,0,0,SEA,LAC,20,9,SEA,Seattle Seahawks,San Diego Chargers
1991,1991-10-27,9,0,0,NE,DEN,6,9,NE,New England Patriots,Denver Broncos
1991,1991-10-27,9,0,0,TB,GB,0,27,TB,Tampa Bay Buccaneers,Green Bay Packers
1991,1991-10-27,9,0,0,DET,DAL,34,10,DET,Detroit Lions,Dallas Cowboys
1991,1991-10-27,9,0,0,NYG,WSH,13,17,NYG,New York Giants,Washington Redskins
1991,1991-10-27,9,0,0,PHI,SF,7,23,PHI,Philadelphia Eagles,San Francisco 49ers
1991,1991-10-27,9,0,0,NO,CHI,17,20,NO,New Orleans Saints,Chicago Bears
1991,1991-10-27,9,0,0,ARI,MIN,0,28,ARI,Phoenix Cardinals,Minnesota Vikings
1991,1991-10-27,9,0,0,TEN,CIN,35,3,TEN,Houston Oilers,Cincinnati Bengals
1991,1991-10-27,9,0,0,CLE,PIT,17,14,CLE,Cleveland Browns,Pittsburgh Steelers
1991,1991-10-28,9,0,0,KC,OAK,24,21,KC,Kansas City Chiefs,Los Angeles Raiders
1991,1991-11-03,10,0,0,WSH,TEN,16,13,WSH,Washington Redskins,Houston Oilers
1991,1991-11-03,10,0,0,LAR,NO,17,24,LAR,Los Angeles Rams,New Orleans Saints
1991,1991-11-03,10,0,0,ATL,SF,17,14,ATL,Atlanta Falcons,San Francisco 49ers
1991,1991-11-03,10,0,0,BUF,NE,22,17,BUF,Buffalo Bills,New England Patriots
1991,1991-11-03,10,0,0,CHI,DET,20,10,CHI,Chicago Bears,Detroit Lions
1991,1991-11-03,10,0,0,CIN,CLE,23,21,CIN,Cincinnati Bengals,Cleveland Browns
1991,1991-11-03,10,0,0,IND,MIA,6,10,IND,Indianapolis Colts,Miami Dolphins
1991,1991-11-03,10,0,0,DAL,ARI,27,7,DAL,Dallas Cowboys,Phoenix Cardinals
1991,1991-11-03,10,0,0,DEN,PIT,20,13,DEN,Denver Broncos,Pittsburgh Steelers
1991,1991-11-03,10,0,0,MIN,TB,28,13,MIN,Minnesota Vikings,Tampa Bay Buccaneers
1991,1991-11-03,10,0,0,NYJ,GB,19,16,NYJ,New York Jets,Green Bay Packers
1991,1991-11-04,10,0,0,PHI,NYG,30,7,PHI,Philadelphia Eagles,New York Giants
1991,1991-11-10,11,0,0,LAC,SEA,17,14,LAC,San Diego Chargers,Seattle Seahawks
1991,1991-11-10,11,0,0,TB,DET,30,21,TB,Tampa Bay Buccaneers,Detroit Lions
1991,1991-11-10,11,0,0,TEN,DAL,26,23,TEN,Houston Oilers,Dallas Cowboys
1991,1991-11-10,11,0,0,WSH,ATL,56,17,WSH,Washington Redskins,Atlanta Falcons
1991,1991-11-10,11,0,0,NYJ,IND,27,28,NYJ,New York Jets,Indianapolis Colts
1991,1991-11-10,11,0,0,NO,SF,10,3,NO,New Orleans Saints,San Francisco 49ers
1991,1991-11-10,11,0,0,MIA,NE,30,20,MIA,Miami Dolphins,New England Patriots
1991,1991-11-10,11,0,0,GB,BUF,24,34,GB,Green Bay Packers,Buffalo Bills
1991,1991-11-10,11,0,0,DEN,OAK,16,17,DEN,Denver Broncos,Los Angeles Raiders
1991,1991-11-10,11,0,0,ARI,NYG,14,21,ARI,Phoenix Cardinals,New York Giants
1991,1991-11-10,11,0,0,CLE,PHI,30,32,CLE,Cleveland Browns,Philadelphia Eagles
1991,1991-11-10,11,0,0,CIN,PIT,27,33,CIN,Cincinnati Bengals,Pittsburgh Steelers
1991,1991-11-10,11,0,0,LAR,KC,20,27,LAR,Los Angeles Rams,Kansas City Chiefs
1991,1991-11-11,11,0,0,MIN,CHI,17,34,MIN,Minnesota Vikings,Chicago Bears
1991,1991-11-17,12,0,0,SF,ARI,14,10,SF,San Francisco 49ers,Phoenix Cardinals
1991,1991-11-17,12,0,0,OAK,SEA,31,7,OAK,Los Angeles Raiders,Seattle Seahawks
1991,1991-11-17,12,0,0,PIT,WSH,14,41,PIT,Pittsburgh Steelers,Washington Redskins
1991,1991-11-17,12,0,0,PHI,CIN,17,10,PHI,Philadelphia Eagles,Cincinnati Bengals
1991,1991-11-17,12,0,0,TEN,CLE,28,24,TEN,Houston Oilers,Cleveland Browns
1991,1991-11-17,12,0,0,NYG,DAL,22,9,NYG,New York Giants,Dallas Cowboys
1991,1991-11-17,12,0,0,DET,LAR,21,10,DET,Detroit Lions,Los Angeles Rams
1991,1991-11-17,12,0,0,LAC,NO,24,21,LAC,San Diego Chargers,New Orleans Saints
1991,1991-11-17,12,0,0,NE,NYJ,21,28,NE,New England Patriots,New York Jets
1991,1991-11-17,12,0,0,KC,DEN,20,24,KC,Kansas City Chiefs,Denver Broncos
1991,1991-11-17,12,0,0,GB,MIN,21,35,GB,Green Bay Packers,Minnesota Vikings
1991,1991-11-17,12,0,0,IND,CHI,17,31,IND,Indianapolis Colts,Chicago Bears
1991,1991-11-17,12,0,0,ATL,TB,43,7,ATL,Atlanta Falcons,Tampa Bay Buccaneers
1991,1991-11-18,12,0,0,MIA,BUF,27,41,MIA,Miami Dolphins,Buffalo Bills
1991,1991-11-24,13,0,0,CHI,MIA,13,16,CHI,Chicago Bears,Miami Dolphins
1991,1991-11-24,13,0,0,NYJ,LAC,24,3,NYJ,New York Jets,San Diego Chargers
1991,1991-11-24,13,0,0,CIN,OAK,14,38,CIN,Cincinnati Bengals,Los Angeles Raiders
1991,1991-11-24,13,0,0,CLE,KC,20,15,CLE,Cleveland Browns,Kansas City Chiefs
1991,1991-11-24,13,0,0,ARI,PHI,14,34,ARI,Phoenix Cardinals,Philadelphia Eagles
1991,1991-11-24,13,0,0,GB,IND,14,10,GB,Green Bay Packers,Indianapolis Colts
1991,1991-11-24,13,0,0,MIN,DET,14,34,MIN,Minnesota Vikings,Detroit Lions
1991,1991-11-24,13,0,0,NE,BUF,16,13,NE,New England Patriots,Buffalo Bills
1991,1991-11-24,13,0,0,NO,ATL,20,23,NO,New Orleans Saints,Atlanta Falcons
1991,1991-11-24,13,0,0,PIT,TEN,26,14,PIT,Pittsburgh Steelers,Houston Oilers
1991,1991-11-24,13,0,0,WSH,DAL,21,24,WSH,Washington Redskins,Dallas Cowboys
1991,1991-11-24,13,0,0,TB,NYG,14,21,TB,Tampa Bay Buccaneers,New York Giants
1991,1991-11-24,13,0,0,SEA,DEN,13,10,SEA,Seattle Seahawks,Denver Broncos
1991,1991-11-25,13,0,0,LAR,SF,10,33,LAR,Los Angeles Rams,San Francisco 49ers
1991,1991-11-28,14,0,0,DET,CHI,16,6,DET,Detroit Lions,Chicago Bears
1991,1991-11-28,14,0,0,DAL,PIT,20,10,DAL,Dallas Cowboys,Pittsburgh Steelers
1991,1991-12-01,14,0,0,IND,CLE,0,31,IND,Indianapolis Colts,Cleveland Browns
1991,1991-12-01,14,0,0,MIA,TB,33,14,MIA,Miami Dolphins,Tampa Bay Buccaneers
1991,1991-12-01,14,0,0,SEA,KC,6,19,SEA,Seattle Seahawks,Kansas City Chiefs
1991,1991-12-01,14,0,0,BUF,NYJ,24,13,BUF,Buffalo Bills,New York Jets
1991,1991-12-01,14,0,0,LAR,WSH,6,27,LAR,Los Angeles Rams,Washington Redskins
1991,1991-12-01,14,0,0,SF,NO,38,24,SF,San Francisco 49ers,New Orleans Saints
1991,1991-12-01,14,0,0,CIN,NYG,27,24,CIN,Cincinnati Bengals,New York Giants
1991,1991-12-01,14,0,0,DEN,NE,20,3,DEN,Denver Broncos,New England Patriots
1991,1991-12-01,14,0,0,ATL,GB,35,31,ATL,Atlanta Falcons,Green Bay Packers
1991,1991-12-01,14,0,0,LAC,OAK,7,9,LAC,San Diego Chargers,Los Angeles Raiders
1991,1991-12-02,14,0,0,TEN,PHI,6,13,TEN,Houston Oilers,Philadelphia Eagles
1991,1991-12-08,15,0,0,OAK,BUF,27,30,OAK,Los Angeles Raiders,Buffalo Bills
1991,1991-12-08,15,0,0,LAR,ATL,14,31,LAR,Los Angeles Rams,Atlanta Falcons
1991,1991-12-08,15,0,0,KC,LAC,20,17,KC,Kansas City Chiefs,San Diego Chargers
1991,1991-12-08,15,0,0,TB,MIN,24,26,TB,Tampa Bay Buccaneers,Minnesota Vikings
1991,1991-12-08,15,0,0,SEA,SF,22,24,SEA,Seattle Seahawks,San Francisco 49ers
1991,1991-12-08,15,0,0,TEN,PIT,31,6,TEN,Houston Oilers,Pittsburgh Steelers
1991,1991-12-08,15,0,0,NYG,PHI,14,19,NYG,New York Giants,Philadelphia Eagles
1991,1991-12-08,15,0,0,NE,IND,23,17,NE,New England Patriots,Indianapolis Colts
1991,1991-12-08,15,0,0,DET,NYJ,34,20,DET,Detroit Lions,New York Jets
1991,1991-12-08,15,0,0,DAL,NO,23,14,DAL,Dallas Cowboys,New Orleans Saints
1991,1991-12-08,15,0,0,ARI,WSH,14,20,ARI,Phoenix Cardinals,Washington Redskins
1991,1991-12-08,15,0,0,CLE,DEN,7,17,CLE,Cleveland Browns,Denver Broncos
1991,1991-12-08,15,0,0,CHI,GB,27,13,CHI,Chicago Bears,Green Bay Packers
1991,1991-12-09,15,0,0,MIA,CIN,37,13,MIA,Miami Dolphins,Cincinnati Bengals
1991,1991-12-14,16,0,0,SF,KC,28,14,SF,San Francisco 49ers,Kansas City Chiefs
1991,1991-12-14,16,0,0,CHI,TB,27,0,CHI,Chicago Bears,Tampa Bay Buccaneers
1991,1991-12-15,16,0,0,DEN,ARI,24,19,DEN,Denver Broncos,Phoenix Cardinals
1991,1991-12-15,16,0,0,CLE,TEN,14,17,CLE,Cleveland Browns,Houston Oilers
1991,1991-12-15,16,0,0,LAC,MIA,38,30,LAC,San Diego Chargers,Miami Dolphins
1991,1991-12-15,16,0,0,NYJ,NE,3,6,NYJ,New York Jets,New England Patriots
1991,1991-12-15,16,0,0,GB,DET,17,21,GB,Green Bay Packers,Detroit Lions
1991,1991-12-15,16,0,0,IND,BUF,7,35,IND,Indianapolis Colts,Buffalo Bills
1991,1991-12-15,16,0,0,MIN,LAR,20,14,MIN,Minnesota Vikings,Los Angeles Rams
1991,1991-12-15,16,0,0,ATL,SEA,26,13,ATL,Atlanta Falcons,Seattle Seahawks
1991,1991-12-15,16,0,0,WSH,NYG,34,17,WSH,Washington Redskins,New York Giants
1991,1991-12-15,16,0,0,PIT,CIN,17,10,PIT,Pittsburgh Steelers,Cincinnati Bengals
1991,1991-12-15,16,0,0,PHI,DAL,13,25,PHI,Philadelphia Eagles,Dallas Cowboys
1991,1991-12-16,16,0,0,NO,OAK,27,0,NO,New Orleans Saints,Los Angeles Raiders
1991,1991-12-21,17,0,0,MIN,GB,7,27,MIN,Minnesota Vikings,Green Bay Packers
1991,1991-12-21,17,0,0,NYG,TEN,24,20,NYG,New York Giants,Houston Oilers
1991,1991-12-22,17,0,0,SEA,LAR,23,9,SEA,Seattle Seahawks,Los Angeles Rams
1991,1991-12-22,17,0,0,LAC,DEN,14,17,LAC,San Diego Chargers,Denver Broncos
1991,1991-12-22,17,0,0,TB,IND,17,3,TB,Tampa Bay Buccaneers,Indianapolis Colts
1991,1991-12-22,17,0,0,OAK,KC,21,27,OAK,Los Angeles Raiders,Kansas City Chiefs
1991,1991-12-22,17,0,0,PIT,CLE,17,10,PIT,Pittsburgh Steelers,Cleveland Browns
1991,1991-12-22,17,0,0,PHI,WSH,24,22,PHI,Philadelphia Eagles,Washington Redskins
1991,1991-12-22,17,0,0,MIA,NYJ,20,23,MIA,Miami Dolphins,New York Jets
1991,1991-12-22,17,0,0,DAL,ATL,31,27,DAL,Dallas Cowboys,Atlanta Falcons
1991,1991-12-22,17,0,0,ARI,NO,3,27,ARI,Phoenix Cardinals,New Orleans Saints
1991,1991-12-22,17,0,0,CIN,NE,29,7,CIN,Cincinnati Bengals,New England Patriots
1991,1991-12-22,17,0,0,BUF,DET,14,17,BUF,Buffalo Bills,Detroit Lions
1991,1991-12-23,17,0,0,SF,CHI,52,14,SF,San Francisco 49ers,Chicago Bears
1991,1991-12-28,Wildcard,1,0,NO,ATL,20,27,NO,New Orleans Saints,Atlanta Falcons
1991,1991-12-28,Wildcard,1,0,KC,OAK,10,6,KC,Kansas City Chiefs,Los Angeles Raiders
1991,1991-12-29,Wildcard,1,0,CHI,DAL,13,17,CHI,Chicago Bears,Dallas Cowboys
1991,1991-12-29,Wildcard,1,0,TEN,NYJ,17,10,TEN,Houston Oilers,New York Jets
1991,1992-01-04,Division,1,0,DEN,TEN,26,24,DEN,Denver Broncos,Houston Oilers
1991,1992-01-04,Division,1,0,WSH,ATL,24,7,WSH,Washington Redskins,Atlanta Falcons
1991,1992-01-05,Division,1,0,BUF,KC,37,14,BUF,Buffalo Bills,Kansas City Chiefs
1991,1992-01-05,Division,1,0,DET,DAL,38,6,DET,Detroit Lions,Dallas Cowboys
1991,1992-01-12,Conference,1,0,BUF,DEN,10,7,BUF,Buffalo Bills,Denver Broncos
1991,1992-01-12,Conference,1,0,WSH,DET,41,10,WSH,Washington Redskins,Detroit Lions
1991,1992-01-26,Superbowl,1,1,WSH,BUF,37,24,WSH,Washington Redskins,Buffalo Bills
1992,1992-09-06,1,0,0,TB,ARI,23,7,TB,Tampa Bay Buccaneers,Phoenix Cardinals
1992,1992-09-06,1,0,0,PHI,NO,15,13,PHI,Philadelphia Eagles,New Orleans Saints
1992,1992-09-06,1,0,0,TEN,PIT,24,29,TEN,Houston Oilers,Pittsburgh Steelers
1992,1992-09-06,1,0,0,NYG,SF,14,31,NYG,New York Giants,San Francisco 49ers
1992,1992-09-06,1,0,0,GB,MIN,20,23,GB,Green Bay Packers,Minnesota Vikings
1992,1992-09-06,1,0,0,ATL,NYJ,20,17,ATL,Atlanta Falcons,New York Jets
1992,1992-09-06,1,0,0,DEN,OAK,17,13,DEN,Denver Broncos,Los Angeles Raiders
1992,1992-09-06,1,0,0,LAC,KC,10,24,LAC,San Diego Chargers,Kansas City Chiefs
1992,1992-09-06,1,0,0,BUF,LAR,40,7,BUF,Buffalo Bills,Los Angeles Rams
1992,1992-09-06,1,0,0,IND,CLE,14,3,IND,Indianapolis Colts,Cleveland Browns
1992,1992-09-06,1,0,0,CHI,DET,27,24,CHI,Chicago Bears,Detroit Lions
1992,1992-09-06,1,0,0,SEA,CIN,3,21,SEA,Seattle Seahawks,Cincinnati Bengals
1992,1992-09-07,1,0,0,DAL,WSH,23,10,DAL,Dallas Cowboys,Washington Redskins
1992,1992-09-13,2,0,0,PIT,NYJ,27,10,PIT,Pittsburgh Steelers,New York Jets
1992,1992-09-13,2,0,0,DEN,LAC,21,13,DEN,Denver Broncos,San Diego Chargers
1992,1992-09-13,2,0,0,NYG,DAL,28,34,NYG,New York Giants,Dallas Cowboys
1992,1992-09-13,2,0,0,WSH,ATL,24,17,WSH,Washington Redskins,Atlanta Falcons
1992,1992-09-13,2,0,0,TB,GB,31,3,TB,Tampa Bay Buccaneers,Green Bay Packers
1992,1992-09-13,2,0,0,SF,BUF,31,34,SF,San Francisco 49ers,Buffalo Bills
1992,1992-09-13,2,0,0,NO,CHI,28,6,NO,New Orleans Saints,Chicago Bears
1992,1992-09-13,2,0,0,KC,SEA,26,7,KC,Kansas City Chiefs,Seattle Seahawks
1992,1992-09-13,2,0,0,DET,MIN,31,17,DET,Detroit Lions,Minnesota Vikings
1992,1992-09-13,2,0,0,ARI,PHI,14,31,ARI,Phoenix Cardinals,Philadelphia Eagles
1992,1992-09-13,2,0,0,IND,TEN,10,20,IND,Indianapolis Colts,Houston Oilers
1992,1992-09-13,2,0,0,CIN,OAK,24,21,CIN,Cincinnati Bengals,Los Angeles Raiders
1992,1992-09-13,2,0,0,LAR,NE,14,0,LAR,Los Angeles Rams,New England Patriots
1992,1992-09-14,2,0,0,CLE,MIA,23,27,CLE,Cleveland Browns,Miami Dolphins
1992,1992-09-20,3,0,0,OAK,CLE,16,28,OAK,Los Angeles Raiders,Cleveland Browns
1992,1992-09-20,3,0,0,PHI,DEN,30,0,PHI,Philadelphia Eagles,Denver Broncos
1992,1992-09-20,3,0,0,MIA,LAR,26,10,MIA,Miami Dolphins,Los Angeles Rams
1992,1992-09-20,3,0,0,TEN,KC,23,20,TEN,Houston Oilers,Kansas City Chiefs
1992,1992-09-20,3,0,0,LAC,PIT,6,23,LAC,San Diego Chargers,Pittsburgh Steelers
1992,1992-09-20,3,0,0,NYJ,SF,14,31,NYJ,New York Jets,San Francisco 49ers
1992,1992-09-20,3,0,0,NE,SEA,6,10,NE,New England Patriots,Seattle Seahawks
1992,1992-09-20,3,0,0,MIN,TB,26,20,MIN,Minnesota Vikings,Tampa Bay Buccaneers
1992,1992-09-20,3,0,0,GB,CIN,24,23,GB,Green Bay Packers,Cincinnati Bengals
1992,1992-09-20,3,0,0,DAL,ARI,31,20,DAL,Dallas Cowboys,Phoenix Cardinals
1992,1992-09-20,3,0,0,BUF,IND,38,0,BUF,Buffalo Bills,Indianapolis Colts
1992,1992-09-20,3,0,0,ATL,NO,7,10,ATL,Atlanta Falcons,New Orleans Saints
1992,1992-09-20,3,0,0,WSH,DET,13,10,WSH,Washington Redskins,Detroit Lions
1992,1992-09-21,3,0,0,CHI,NYG,14,27,CHI,Chicago Bears,New York Giants
1992,1992-09-27,4,0,0,GB,PIT,17,3,GB,Green Bay Packers,Pittsburgh Steelers
1992,1992-09-27,4,0,0,DET,TB,23,27,DET,Detroit Lions,Tampa Bay Buccaneers
1992,1992-09-27,4,0,0,CLE,DEN,0,12,CLE,Cleveland Browns,Denver Broncos
1992,1992-09-27,4,0,0,CIN,MIN,7,42,CIN,Cincinnati Bengals,Minnesota Vikings
1992,1992-09-27,4,0,0,CHI,ATL,41,31,CHI,Chicago Bears,Atlanta Falcons
1992,1992-09-27,4,0,0,NO,SF,10,16,NO,New Orleans Saints,San Francisco 49ers
1992,1992-09-27,4,0,0,NE,BUF,7,41,NE,New England Patriots,Buffalo Bills
1992,1992-09-27,4,0,0,LAR,NYJ,18,10,LAR,Los Angeles Rams,New York Jets
1992,1992-09-27,4,0,0,SEA,MIA,17,19,SEA,Seattle Seahawks,Miami Dolphins
1992,1992-09-27,4,0,0,TEN,LAC,27,0,TEN,Houston Oilers,San Diego Chargers
1992,1992-09-28,4,0,0,KC,OAK,27,7,KC,Kansas City Chiefs,Los Angeles Raiders
1992,1992-10-04,5,0,0,SF,LAR,27,24,SF,San Francisco 49ers,Los Angeles Rams
1992,1992-10-04,5,0,0,TB,IND,14,24,TB,Tampa Bay Buccaneers,Indianapolis Colts
1992,1992-10-04,5,0,0,OAK,NYG,13,10,OAK,Los Angeles Raiders,New York Giants
1992,1992-10-04,5,0,0,NYJ,NE,30,21,NYJ,New York Jets,New England Patriots
1992,1992-10-04,5,0,0,MIN,CHI,21,20,MIN,Minnesota Vikings,Chicago Bears
1992,1992-10-04,5,0,0,DET,NO,7,13,DET,Detroit Lions,New Orleans Saints
1992,1992-10-04,5,0,0,DEN,KC,20,19,DEN,Denver Broncos,Kansas City Chiefs
1992,1992-10-04,5,0,0,ARI,WSH,27,24,ARI,Phoenix Cardinals,Washington Redskins
1992,1992-10-04,5,0,0,BUF,MIA,10,37,BUF,Buffalo Bills,Miami Dolphins
1992,1992-10-04,5,0,0,ATL,GB,24,10,ATL,Atlanta Falcons,Green Bay Packers
1992,1992-10-04,5,0,0,LAC,SEA,17,6,LAC,San Diego Chargers,Seattle Seahawks
1992,1992-10-05,5,0,0,PHI,DAL,31,7,PHI,Philadelphia Eagles,Dallas Cowboys
1992,1992-10-11,6,0,0,DAL,SEA,27,0,DAL,Dallas Cowboys,Seattle Seahawks
1992,1992-10-11,6,0,0,OAK,BUF,20,3,OAK,Los Angeles Raiders,Buffalo Bills
1992,1992-10-11,6,0,0,NYG,ARI,31,21,NYG,New York Giants,Phoenix Cardinals
1992,1992-10-11,6,0,0,NE,SF,12,24,NE,New England Patriots,San Francisco 49ers
1992,1992-10-11,6,0,0,MIA,ATL,21,17,MIA,Miami Dolphins,Atlanta Falcons
1992,1992-10-11,6,0,0,NO,LAR,13,10,NO,New Orleans Saints,Los Angeles Rams
1992,1992-10-11,6,0,0,IND,NYJ,6,3,IND,Indianapolis Colts,New York Jets
1992,1992-10-11,6,0,0,KC,PHI,24,17,KC,Kansas City Chiefs,Philadelphia Eagles
1992,1992-10-11,6,0,0,CLE,PIT,17,9,CLE,Cleveland Browns,Pittsburgh Steelers
1992,1992-10-11,6,0,0,CIN,TEN,24,38,CIN,Cincinnati Bengals,Houston Oilers
1992,1992-10-12,6,0,0,WSH,DEN,34,3,WSH,Washington Redskins,Denver Broncos
1992,1992-10-15,7,0,0,MIN,DET,31,14,MIN,Minnesota Vikings,Detroit Lions
1992,1992-10-18,7,0,0,LAR,NYG,38,17,LAR,Los Angeles Rams,New York Giants
1992,1992-10-18,7,0,0,CHI,TB,31,14,CHI,Chicago Bears,Tampa Bay Buccaneers
1992,1992-10-18,7,0,0,IND,LAC,14,34,IND,Indianapolis Colts,San Diego Chargers
1992,1992-10-18,7,0,0,CLE,GB,17,6,CLE,Cleveland Browns,Green Bay Packers
1992,1992-10-18,7,0,0,DEN,TEN,27,21,DEN,Denver Broncos,Houston Oilers
1992,1992-10-18,7,0,0,WSH,PHI,16,12,WSH,Washington Redskins,Philadelphia Eagles
1992,1992-10-18,7,0,0,SF,ATL,56,17,SF,San Francisco 49ers,Atlanta Falcons
1992,1992-10-18,7,0,0,SEA,OAK,0,19,SEA,Seattle Seahawks,Los Angeles Raiders
1992,1992-10-18,7,0,0,MIA,NE,38,17,MIA,Miami Dolphins,New England Patriots
1992,1992-10-18,7,0,0,DAL,KC,17,10,DAL,Dallas Cowboys,Kansas City Chiefs
1992,1992-10-18,7,0,0,ARI,NO,21,30,ARI,Phoenix Cardinals,New Orleans Saints
1992,1992-10-19,7,0,0,PIT,CIN,20,0,PIT,Pittsburgh Steelers,Cincinnati Bengals
1992,1992-10-25,8,0,0,NYG,SEA,23,10,NYG,New York Giants,Seattle Seahawks
1992,1992-10-25,8,0,0,TEN,CIN,26,10,TEN,Houston Oilers,Cincinnati Bengals
1992,1992-10-25,8,0,0,LAC,DEN,24,21,LAC,San Diego Chargers,Denver Broncos
1992,1992-10-25,8,0,0,TB,DET,7,38,TB,Tampa Bay Buccaneers,Detroit Lions
1992,1992-10-25,8,0,0,GB,CHI,10,30,GB,Green Bay Packers,Chicago Bears
1992,1992-10-25,8,0,0,KC,PIT,3,27,KC,Kansas City Chiefs,Pittsburgh Steelers
1992,1992-10-25,8,0,0,MIA,IND,20,31,MIA,Miami Dolphins,Indianapolis Colts
1992,1992-10-25,8,0,0,PHI,ARI,7,3,PHI,Philadelphia Eagles,Phoenix Cardinals
1992,1992-10-25,8,0,0,MIN,WSH,13,15,MIN,Minnesota Vikings,Washington Redskins
1992,1992-10-25,8,0,0,NE,CLE,17,19,NE,New England Patriots,Cleveland Browns
1992,1992-10-25,8,0,0,OAK,DAL,13,28,OAK,Los Angeles Raiders,Dallas Cowboys
1992,1992-10-26,8,0,0,NYJ,BUF,20,24,NYJ,New York Jets,Buffalo Bills
1992,1992-11-01,9,0,0,NYJ,MIA,26,14,NYJ,New York Jets,Miami Dolphins
1992,1992-11-01,9,0,0,LAC,IND,26,0,LAC,San Diego Chargers,Indianapolis Colts
1992,1992-11-01,9,0,0,WSH,NYG,7,24,WSH,Washington Redskins,New York Giants
1992,1992-11-01,9,0,0,PIT,TEN,21,20,PIT,Pittsburgh Steelers,Houston Oilers
1992,1992-11-01,9,0,0,NO,TB,23,21,NO,New Orleans Saints,Tampa Bay Buccaneers
1992,1992-11-01,9,0,0,DET,GB,13,27,DET,Detroit Lions,Green Bay Packers
1992,1992-11-01,9,0,0,DAL,PHI,20,10,DAL,Dallas Cowboys,Philadelphia Eagles
1992,1992-11-01,9,0,0,ARI,SF,24,14,ARI,Phoenix Cardinals,San Francisco 49ers
1992,1992-11-01,9,0,0,CIN,CLE,30,10,CIN,Cincinnati Bengals,Cleveland Browns
1992,1992-11-01,9,0,0,BUF,NE,16,7,BUF,Buffalo Bills,New England Patriots
1992,1992-11-01,9,0,0,ATL,LAR,30,28,ATL,Atlanta Falcons,Los Angeles Rams
1992,1992-11-02,9,0,0,CHI,MIN,10,38,CHI,Chicago Bears,Minnesota Vikings
1992,1992-11-08,10,0,0,LAR,ARI,14,20,LAR,Los Angeles Rams,Phoenix Cardinals
1992,1992-11-08,10,0,0,IND,MIA,0,28,IND,Indianapolis Colts,Miami Dolphins
1992,1992-11-08,10,0,0,DEN,NYJ,27,16,DEN,Denver Broncos,New York Jets
1992,1992-11-08,10,0,0,DET,DAL,3,37,DET,Detroit Lions,Dallas Cowboys
1992,1992-11-08,10,0,0,NE,NO,14,31,NE,New England Patriots,New Orleans Saints
1992,1992-11-08,10,0,0,NYG,GB,27,7,NYG,New York Giants,Green Bay Packers
1992,1992-11-08,10,0,0,TEN,CLE,14,24,TEN,Houston Oilers,Cleveland Browns
1992,1992-11-08,10,0,0,PHI,OAK,31,10,PHI,Philadelphia Eagles,Los Angeles Raiders
1992,1992-11-08,10,0,0,KC,LAC,16,14,KC,Kansas City Chiefs,San Diego Chargers
1992,1992-11-08,10,0,0,SEA,WSH,3,16,SEA,Seattle Seahawks,Washington Redskins
1992,1992-11-08,10,0,0,CHI,CIN,28,31,CHI,Chicago Bears,Cincinnati Bengals
1992,1992-11-08,10,0,0,TB,MIN,7,35,TB,Tampa Bay Buccaneers,Minnesota Vikings
1992,1992-11-08,10,0,0,BUF,PIT,28,20,BUF,Buffalo Bills,Pittsburgh Steelers
1992,1992-11-09,10,0,0,ATL,SF,3,41,ATL,Atlanta Falcons,San Francisco 49ers
1992,1992-11-15,11,0,0,OAK,SEA,20,3,OAK,Los Angeles Raiders,Seattle Seahawks
1992,1992-11-15,11,0,0,DAL,LAR,23,27,DAL,Dallas Cowboys,Los Angeles Rams
1992,1992-11-15,11,0,0,ATL,ARI,20,17,ATL,Atlanta Falcons,Phoenix Cardinals
1992,1992-11-15,11,0,0,CLE,LAC,13,14,CLE,Cleveland Browns,San Diego Chargers
1992,1992-11-15,11,0,0,IND,NE,34,37,IND,Indianapolis Colts,New England Patriots
1992,1992-11-15,11,0,0,DEN,NYG,27,13,DEN,Denver Broncos,New York Giants
1992,1992-11-15,11,0,0,GB,PHI,27,24,GB,Green Bay Packers,Philadelphia Eagles
1992,1992-11-15,11,0,0,KC,WSH,35,16,KC,Kansas City Chiefs,Washington Redskins
1992,1992-11-15,11,0,0,MIN,TEN,13,17,MIN,Minnesota Vikings,Houston Oilers
1992,1992-11-15,11,0,0,NYJ,CIN,17,14,NYJ,New York Jets,Cincinnati Bengals
1992,1992-11-15,11,0,0,PIT,DET,17,14,PIT,Pittsburgh Steelers,Detroit Lions
1992,1992-11-15,11,0,0,SF,NO,21,20,SF,San Francisco 49ers,New Orleans Saints
1992,1992-11-15,11,0,0,TB,CHI,20,17,TB,Tampa Bay Buccaneers,Chicago Bears
1992,1992-11-16,11,0,0,MIA,BUF,20,26,MIA,Miami Dolphins,Buffalo Bills
1992,1992-11-22,12,0,0,PIT,IND,30,14,PIT,Pittsburgh Steelers,Indianapolis Colts
1992,1992-11-22,12,0,0,SEA,KC,14,24,SEA,Seattle Seahawks,Kansas City Chiefs
1992,1992-11-22,12,0,0,NE,NYJ,24,3,NE,New England Patriots,New York Jets
1992,1992-11-22,12,0,0,NYG,PHI,34,47,NYG,New York Giants,Philadelphia Eagles
1992,1992-11-22,12,0,0,OAK,DEN,24,0,OAK,Los Angeles Raiders,Denver Broncos
1992,1992-11-22,12,0,0,LAC,TB,29,14,LAC,San Diego Chargers,Tampa Bay Buccaneers
1992,1992-11-22,12,0,0,LAR,SF,10,27,LAR,Los Angeles Rams,San Francisco 49ers
1992,1992-11-22,12,0,0,BUF,ATL,41,14,BUF,Buffalo Bills,Atlanta Falcons
1992,1992-11-22,12,0,0,CHI,GB,3,17,CHI,Chicago Bears,Green Bay Packers
1992,1992-11-22,12,0,0,CIN,DET,13,19,CIN,Cincinnati Bengals,Detroit Lions
1992,1992-11-22,12,0,0,ARI,DAL,10,16,ARI,Phoenix Cardinals,Dallas Cowboys
1992,1992-11-22,12,0,0,MIA,TEN,19,16,MIA,Miami Dolphins,Houston Oilers
1992,1992-11-22,12,0,0,MIN,CLE,17,13,MIN,Minnesota Vikings,Cleveland Browns
1992,1992-11-23,12,0,0,NO,WSH,20,3,NO,New Orleans Saints,Washington Redskins
1992,1992-11-26,13,0,0,DAL,NYG,30,3,DAL,Dallas Cowboys,New York Giants
1992,1992-11-26,13,0,0,DET,TEN,21,24,DET,Detroit Lions,Houston Oilers
1992,1992-11-29,13,0,0,GB,TB,19,14,GB,Green Bay Packers,Tampa Bay Buccaneers
1992,1992-11-29,13,0,0,CIN,PIT,9,21,CIN,Cincinnati Bengals,Pittsburgh Steelers
1992,1992-11-29,13,0,0,ATL,NE,34,0,ATL,Atlanta Falcons,New England Patriots
1992,1992-11-29,13,0,0,CLE,CHI,27,14,CLE,Cleveland Browns,Chicago Bears
1992,1992-11-29,13,0,0,IND,BUF,16,13,IND,Indianapolis Colts,Buffalo Bills
1992,1992-11-29,13,0,0,NO,MIA,24,13,NO,New Orleans Saints,Miami Dolphins
1992,1992-11-29,13,0,0,NYJ,KC,7,23,NYJ,New York Jets,Kansas City Chiefs
1992,1992-11-29,13,0,0,SF,PHI,20,14,SF,San Francisco 49ers,Philadelphia Eagles
1992,1992-11-29,13,0,0,WSH,ARI,41,3,WSH,Washington Redskins,Phoenix Cardinals
1992,1992-11-29,13,0,0,LAR,MIN,17,31,LAR,Los Angeles Rams,Minnesota Vikings
1992,1992-11-29,13,0,0,LAC,OAK,27,3,LAC,San Diego Chargers,Los Angeles Raiders
1992,1992-11-30,13,0,0,SEA,DEN,16,13,SEA,Seattle Seahawks,Denver Broncos
1992,1992-12-03,14,0,0,NO,ATL,22,14,NO,New Orleans Saints,Atlanta Falcons
1992,1992-12-06,14,0,0,NYG,WSH,10,28,NYG,New York Giants,Washington Redskins
1992,1992-12-06,14,0,0,ARI,LAC,21,27,ARI,Phoenix Cardinals,San Diego Chargers
1992,1992-12-06,14,0,0,PHI,MIN,28,17,PHI,Philadelphia Eagles,Minnesota Vikings
1992,1992-12-06,14,0,0,TB,LAR,27,31,TB,Tampa Bay Buccaneers,Los Angeles Rams
1992,1992-12-06,14,0,0,NE,IND,0,6,NE,New England Patriots,Indianapolis Colts
1992,1992-12-06,14,0,0,GB,DET,38,10,GB,Green Bay Packers,Detroit Lions
1992,1992-12-06,14,0,0,DEN,DAL,27,31,DEN,Denver Broncos,Dallas Cowboys
1992,1992-12-06,14,0,0,CLE,CIN,37,21,CLE,Cleveland Browns,Cincinnati Bengals
1992,1992-12-06,14,0,0,BUF,NYJ,17,24,BUF,Buffalo Bills,New York Jets
1992,1992-12-06,14,0,0,SF,MIA,27,3,SF,San Francisco 49ers,Miami Dolphins
1992,1992-12-06,14,0,0,OAK,KC,28,7,OAK,Los Angeles Raiders,Kansas City Chiefs
1992,1992-12-06,14,0,0,PIT,SEA,20,14,PIT,Pittsburgh Steelers,Seattle Seahawks
1992,1992-12-07,14,0,0,TEN,CHI,24,7,TEN,Houston Oilers,Chicago Bears
1992,1992-12-12,15,0,0,ARI,NYG,19,0,ARI,Phoenix Cardinals,New York Giants
1992,1992-12-12,15,0,0,BUF,DEN,27,17,BUF,Buffalo Bills,Denver Broncos
1992,1992-12-13,15,0,0,KC,NE,27,20,KC,Kansas City Chiefs,New England Patriots
1992,1992-12-13,15,0,0,LAC,CIN,27,10,LAC,San Diego Chargers,Cincinnati Bengals
1992,1992-12-13,15,0,0,LAR,NO,14,37,LAR,Los Angeles Rams,New Orleans Saints
1992,1992-12-13,15,0,0,CHI,PIT,30,6,CHI,Chicago Bears,Pittsburgh Steelers
1992,1992-12-13,15,0,0,DET,CLE,24,14,DET,Detroit Lions,Cleveland Browns
1992,1992-12-13,15,0,0,NYJ,IND,6,10,NYJ,New York Jets,Indianapolis Colts
1992,1992-12-13,15,0,0,WSH,DAL,20,17,WSH,Washington Redskins,Dallas Cowboys
1992,1992-12-13,15,0,0,TB,ATL,7,35,TB,Tampa Bay Buccaneers,Atlanta Falcons
1992,1992-12-13,15,0,0,SEA,PHI,17,20,SEA,Seattle Seahawks,Philadelphia Eagles
1992,1992-12-13,15,0,0,TEN,GB,14,16,TEN,Houston Oilers,Green Bay Packers
1992,1992-12-13,15,0,0,MIN,SF,17,20,MIN,Minnesota Vikings,San Francisco 49ers
1992,1992-12-14,15,0,0,MIA,OAK,20,7,MIA,Miami Dolphins,Los Angeles Raiders
1992,1992-12-19,16,0,0,SF,TB,21,14,SF,San Francisco 49ers,Tampa Bay Buccaneers
1992,1992-12-19,16,0,0,NYG,KC,35,21,NYG,New York Giants,Kansas City Chiefs
1992,1992-12-20,16,0,0,CLE,TEN,14,17,CLE,Cleveland Browns,Houston Oilers
1992,1992-12-20,16,0,0,OAK,LAC,14,36,OAK,Los Angeles Raiders,San Diego Chargers
1992,1992-12-20,16,0,0,PIT,MIN,3,6,PIT,Pittsburgh Steelers,Minnesota Vikings
1992,1992-12-20,16,0,0,PHI,WSH,17,13,PHI,Philadelphia Eagles,Washington Redskins
1992,1992-12-20,16,0,0,NO,BUF,16,20,NO,New Orleans Saints,Buffalo Bills
1992,1992-12-20,16,0,0,MIA,NYJ,19,17,MIA,Miami Dolphins,New York Jets
1992,1992-12-20,16,0,0,DET,CHI,16,3,DET,Detroit Lions,Chicago Bears
1992,1992-12-20,16,0,0,DEN,SEA,10,6,DEN,Denver Broncos,Seattle Seahawks
1992,1992-12-20,16,0,0,IND,ARI,16,13,IND,Indianapolis Colts,Phoenix Cardinals
1992,1992-12-20,16,0,0,CIN,NE,20,10,CIN,Cincinnati Bengals,New England Patriots
1992,1992-12-20,16,0,0,GB,LAR,28,13,GB,Green Bay Packers,Los Angeles Rams
1992,1992-12-21,16,0,0,ATL,DAL,17,41,ATL,Atlanta Falcons,Dallas Cowboys
1992,1992-12-26,17,0,0,NYJ,NO,0,20,NYJ,New York Jets,New Orleans Saints
1992,1992-12-26,17,0,0,WSH,OAK,20,21,WSH,Washington Redskins,Los Angeles Raiders
1992,1992-12-27,17,0,0,CIN,IND,17,21,CIN,Cincinnati Bengals,Indianapolis Colts
1992,1992-12-27,17,0,0,PHI,NYG,20,10,PHI,Philadelphia Eagles,New York Giants
1992,1992-12-27,17,0,0,TEN,BUF,27,3,TEN,Houston Oilers,Buffalo Bills
1992,1992-12-27,17,0,0,NE,MIA,13,16,NE,New England Patriots,Miami Dolphins
1992,1992-12-27,17,0,0,MIN,GB,27,7,MIN,Minnesota Vikings,Green Bay Packers
1992,1992-12-27,17,0,0,KC,DEN,42,20,KC,Kansas City Chiefs,Denver Broncos
1992,1992-12-27,17,0,0,DAL,CHI,27,14,DAL,Dallas Cowboys,Chicago Bears
1992,1992-12-27,17,0,0,SEA,LAC,14,31,SEA,Seattle Seahawks,San Diego Chargers
1992,1992-12-27,17,0,0,ARI,TB,3,7,ARI,Phoenix Cardinals,Tampa Bay Buccaneers
1992,1992-12-27,17,0,0,PIT,CLE,23,13,PIT,Pittsburgh Steelers,Cleveland Browns
1992,1992-12-27,17,0,0,LAR,ATL,38,27,LAR,Los Angeles Rams,Atlanta Falcons
1992,1992-12-28,17,0,0,SF,DET,24,6,SF,San Francisco 49ers,Detroit Lions
1992,1993-01-02,Wildcard,1,0,LAC,KC,17,0,LAC,San Diego Chargers,Kansas City Chiefs
1992,1993-01-02,Wildcard,1,0,MIN,WSH,7,24,MIN,Minnesota Vikings,Washington Redskins
1992,1993-01-03,Wildcard,1,0,NO,PHI,20,36,NO,New Orleans Saints,Philadelphia Eagles
1992,1993-01-03,Wildcard,1,0,BUF,TEN,41,38,BUF,Buffalo Bills,Houston Oilers
1992,1993-01-09,Division,1,0,PIT,BUF,3,24,PIT,Pittsburgh Steelers,Buffalo Bills
1992,1993-01-09,Division,1,0,SF,WSH,20,13,SF,San Francisco 49ers,Washington Redskins
1992,1993-01-10,Division,1,0,MIA,LAC,31,0,MIA,Miami Dolphins,San Diego Chargers
1992,1993-01-10,Division,1,0,DAL,PHI,34,10,DAL,Dallas Cowboys,Philadelphia Eagles
1992,1993-01-17,Conference,1,0,SF,DAL,20,30,SF,San Francisco 49ers,Dallas Cowboys
1992,1993-01-17,Conference,1,0,MIA,BUF,10,29,MIA,Miami Dolphins,Buffalo Bills
1992,1993-01-31,Superbowl,1,1,DAL,BUF,52,17,DAL,Dallas Cowboys,Buffalo Bills
1993,1993-09-05,1,0,0,IND,MIA,20,24,IND,Indianapolis Colts,Miami Dolphins
1993,1993-09-05,1,0,0,CHI,NYG,20,26,CHI,Chicago Bears,New York Giants
1993,1993-09-05,1,0,0,GB,LAR,36,6,GB,Green Bay Packers,Los Angeles Rams
1993,1993-09-05,1,0,0,LAC,SEA,18,12,LAC,San Diego Chargers,Seattle Seahawks
1993,1993-09-05,1,0,0,TB,KC,3,27,TB,Tampa Bay Buccaneers,Kansas City Chiefs
1993,1993-09-05,1,0,0,OAK,MIN,24,7,OAK,Los Angeles Raiders,Minnesota Vikings
1993,1993-09-05,1,0,0,PIT,SF,13,24,PIT,Pittsburgh Steelers,San Francisco 49ers
1993,1993-09-05,1,0,0,CLE,CIN,27,14,CLE,Cleveland Browns,Cincinnati Bengals
1993,1993-09-05,1,0,0,BUF,NE,38,14,BUF,Buffalo Bills,New England Patriots
1993,1993-09-05,1,0,0,PHI,ARI,23,17,PHI,Philadelphia Eagles,Phoenix Cardinals
1993,1993-09-05,1,0,0,NYJ,DEN,20,26,NYJ,New York Jets,Denver Broncos
1993,1993-09-05,1,0,0,NO,TEN,33,21,NO,New Orleans Saints,Houston Oilers
1993,1993-09-05,1,0,0,DET,ATL,30,13,DET,Detroit Lions,Atlanta Falcons
1993,1993-09-06,1,0,0,WSH,DAL,35,16,WSH,Washington Redskins,Dallas Cowboys
1993,1993-09-12,2,0,0,CIN,IND,6,9,CIN,Cincinnati Bengals,Indianapolis Colts
1993,1993-09-12,2,0,0,DEN,LAC,34,17,DEN,Denver Broncos,San Diego Chargers
1993,1993-09-12,2,0,0,WSH,ARI,10,17,WSH,Washington Redskins,Phoenix Cardinals
1993,1993-09-12,2,0,0,SEA,OAK,13,17,SEA,Seattle Seahawks,Los Angeles Raiders
1993,1993-09-12,2,0,0,TEN,KC,30,0,TEN,Houston Oilers,Kansas City Chiefs
1993,1993-09-12,2,0,0,NYG,TB,23,7,NYG,New York Giants,Tampa Bay Buccaneers
1993,1993-09-12,2,0,0,NE,DET,16,19,NE,New England Patriots,Detroit Lions
1993,1993-09-12,2,0,0,MIN,CHI,10,7,MIN,Minnesota Vikings,Chicago Bears
1993,1993-09-12,2,0,0,MIA,NYJ,14,24,MIA,Miami Dolphins,New York Jets
1993,1993-09-12,2,0,0,LAR,PIT,27,0,LAR,Los Angeles Rams,Pittsburgh Steelers
1993,1993-09-12,2,0,0,GB,PHI,17,20,GB,Green Bay Packers,Philadelphia Eagles
1993,1993-09-12,2,0,0,DAL,BUF,10,13,DAL,Dallas Cowboys,Buffalo Bills
1993,1993-09-12,2,0,0,ATL,NO,31,34,ATL,Atlanta Falcons,New Orleans Saints
1993,1993-09-13,2,0,0,CLE,SF,23,13,CLE,Cleveland Browns,San Francisco 49ers
1993,1993-09-19,3,0,0,NYG,LAR,20,10,NYG,New York Giants,Los Angeles Rams
1993,1993-09-19,3,0,0,LAC,TEN,18,17,LAC,San Diego Chargers,Houston Oilers
1993,1993-09-19,3,0,0,ARI,DAL,10,17,ARI,Phoenix Cardinals,Dallas Cowboys
1993,1993-09-19,3,0,0,NO,DET,14,3,NO,New Orleans Saints,Detroit Lions
1993,1993-09-19,3,0,0,NE,SEA,14,17,NE,New England Patriots,Seattle Seahawks
1993,1993-09-19,3,0,0,PHI,WSH,34,31,PHI,Philadelphia Eagles,Washington Redskins
1993,1993-09-19,3,0,0,PIT,CIN,34,7,PIT,Pittsburgh Steelers,Cincinnati Bengals
1993,1993-09-19,3,0,0,SF,ATL,37,30,SF,San Francisco 49ers,Atlanta Falcons
1993,1993-09-19,3,0,0,OAK,CLE,16,19,OAK,Los Angeles Raiders,Cleveland Browns
1993,1993-09-20,3,0,0,KC,DEN,15,7,KC,Kansas City Chiefs,Denver Broncos
1993,1993-09-26,4,0,0,TEN,LAR,13,28,TEN,Houston Oilers,Los Angeles Rams
1993,1993-09-26,4,0,0,NYJ,NE,45,7,NYJ,New York Jets,New England Patriots
1993,1993-09-26,4,0,0,NO,SF,16,13,NO,New Orleans Saints,San Francisco 49ers
1993,1993-09-26,4,0,0,MIN,GB,15,13,MIN,Minnesota Vikings,Green Bay Packers
1993,1993-09-26,4,0,0,DET,ARI,26,20,DET,Detroit Lions,Phoenix Cardinals
1993,1993-09-26,4,0,0,IND,CLE,23,10,IND,Indianapolis Colts,Cleveland Browns
1993,1993-09-26,4,0,0,CIN,SEA,10,19,CIN,Cincinnati Bengals,Seattle Seahawks
1993,1993-09-26,4,0,0,CHI,TB,47,17,CHI,Chicago Bears,Tampa Bay Buccaneers
1993,1993-09-26,4,0,0,BUF,MIA,13,22,BUF,Buffalo Bills,Miami Dolphins
1993,1993-09-27,4,0,0,ATL,PIT,17,45,ATL,Atlanta Falcons,Pittsburgh Steelers
1993,1993-10-03,5,0,0,NYJ,PHI,30,35,NYJ,New York Jets,Philadelphia Eagles
1993,1993-10-03,5,0,0,TB,DET,27,10,TB,Tampa Bay Buccaneers,Detroit Lions
1993,1993-10-03,5,0,0,SF,MIN,38,19,SF,San Francisco 49ers,Minnesota Vikings
1993,1993-10-03,5,0,0,KC,OAK,24,9,KC,Kansas City Chiefs,Los Angeles Raiders
1993,1993-10-03,5,0,0,DEN,IND,35,13,DEN,Denver Broncos,Indianapolis Colts
1993,1993-10-03,5,0,0,DAL,GB,36,14,DAL,Dallas Cowboys,Green Bay Packers
1993,1993-10-03,5,0,0,CHI,ATL,6,0,CHI,Chicago Bears,Atlanta Falcons
1993,1993-10-03,5,0,0,LAR,NO,6,37,LAR,Los Angeles Rams,New Orleans Saints
1993,1993-10-03,5,0,0,BUF,NYG,17,14,BUF,Buffalo Bills,New York Giants
1993,1993-10-03,5,0,0,SEA,LAC,31,14,SEA,Seattle Seahawks,San Diego Chargers
1993,1993-10-04,5,0,0,MIA,WSH,17,10,MIA,Miami Dolphins,Washington Redskins
1993,1993-10-10,6,0,0,WSH,NYG,7,41,WSH,Washington Redskins,New York Giants
1993,1993-10-10,6,0,0,PIT,LAC,16,3,PIT,Pittsburgh Steelers,San Diego Chargers
1993,1993-10-10,6,0,0,CLE,MIA,14,24,CLE,Cleveland Browns,Miami Dolphins
1993,1993-10-10,6,0,0,PHI,CHI,6,17,PHI,Philadelphia Eagles,Chicago Bears
1993,1993-10-10,6,0,0,MIN,TB,15,0,MIN,Minnesota Vikings,Tampa Bay Buccaneers
1993,1993-10-10,6,0,0,KC,CIN,17,15,KC,Kansas City Chiefs,Cincinnati Bengals
1993,1993-10-10,6,0,0,OAK,NYJ,24,20,OAK,Los Angeles Raiders,New York Jets
1993,1993-10-10,6,0,0,ARI,NE,21,23,ARI,Phoenix Cardinals,New England Patriots
1993,1993-10-10,6,0,0,IND,DAL,3,27,IND,Indianapolis Colts,Dallas Cowboys
1993,1993-10-10,6,0,0,GB,DEN,30,27,GB,Green Bay Packers,Denver Broncos
1993,1993-10-11,6,0,0,BUF,TEN,35,7,BUF,Buffalo Bills,Houston Oilers
1993,1993-10-14,7,0,0,ATL,LAR,30,24,ATL,Atlanta Falcons,Los Angeles Rams
1993,1993-10-17,7,0,0,NE,TEN,14,28,NE,New England Patriots,Houston Oilers
1993,1993-10-17,7,0,0,LAC,KC,14,17,LAC,San Diego Chargers,Kansas City Chiefs
1993,1993-10-17,7,0,0,CIN,CLE,17,28,CIN,Cincinnati Bengals,Cleveland Browns
1993,1993-10-17,7,0,0,ARI,WSH,36,6,ARI,Phoenix Cardinals,Washington Redskins
1993,1993-10-17,7,0,0,DAL,SF,26,17,DAL,Dallas Cowboys,San Francisco 49ers
1993,1993-10-17,7,0,0,DET,SEA,30,10,DET,Detroit Lions,Seattle Seahawks
1993,1993-10-17,7,0,0,PIT,NO,37,14,PIT,Pittsburgh Steelers,New Orleans Saints
1993,1993-10-17,7,0,0,NYG,PHI,21,10,NYG,New York Giants,Philadelphia Eagles
1993,1993-10-18,7,0,0,DEN,OAK,20,23,DEN,Denver Broncos,Los Angeles Raiders
1993,1993-10-24,8,0,0,TB,GB,14,37,TB,Tampa Bay Buccaneers,Green Bay Packers
1993,1993-10-24,8,0,0,NYJ,BUF,10,19,NYJ,New York Jets,Buffalo Bills
1993,1993-10-24,8,0,0,NO,ATL,15,26,NO,New Orleans Saints,Atlanta Falcons
1993,1993-10-24,8,0,0,MIA,IND,41,27,MIA,Miami Dolphins,Indianapolis Colts
1993,1993-10-24,8,0,0,CLE,PIT,28,23,CLE,Cleveland Browns,Pittsburgh Steelers
1993,1993-10-24,8,0,0,LAR,DET,13,16,LAR,Los Angeles Rams,Detroit Lions
1993,1993-10-24,8,0,0,TEN,CIN,28,12,TEN,Houston Oilers,Cincinnati Bengals
1993,1993-10-24,8,0,0,SEA,NE,10,9,SEA,Seattle Seahawks,New England Patriots
1993,1993-10-24,8,0,0,SF,ARI,28,14,SF,San Francisco 49ers,Phoenix Cardinals
1993,1993-10-25,8,0,0,CHI,MIN,12,19,CHI,Chicago Bears,Minnesota Vikings
1993,1993-10-31,9,0,0,PHI,DAL,10,23,PHI,Philadelphia Eagles,Dallas Cowboys
1993,1993-10-31,9,0,0,NYG,NYJ,6,10,NYG,New York Giants,New York Jets
1993,1993-10-31,9,0,0,MIN,DET,27,30,MIN,Minnesota Vikings,Detroit Lions
1993,1993-10-31,9,0,0,MIA,KC,30,10,MIA,Miami Dolphins,Kansas City Chiefs
1993,1993-10-31,9,0,0,GB,CHI,17,3,GB,Green Bay Packers,Chicago Bears
1993,1993-10-31,9,0,0,DEN,SEA,28,17,DEN,Denver Broncos,Seattle Seahawks
1993,1993-10-31,9,0,0,ARI,NO,17,20,ARI,Phoenix Cardinals,New Orleans Saints
1993,1993-10-31,9,0,0,IND,NE,9,6,IND,Indianapolis Colts,New England Patriots
1993,1993-10-31,9,0,0,ATL,TB,24,31,ATL,Atlanta Falcons,Tampa Bay Buccaneers
1993,1993-10-31,9,0,0,SF,LAR,40,17,SF,San Francisco 49ers,Los Angeles Rams
1993,1993-10-31,9,0,0,OAK,LAC,23,30,OAK,Los Angeles Raiders,San Diego Chargers
1993,1993-11-01,9,0,0,BUF,WSH,24,10,BUF,Buffalo Bills,Washington Redskins
1993,1993-11-07,10,0,0,DET,TB,23,0,DET,Detroit Lions,Tampa Bay Buccaneers
1993,1993-11-07,10,0,0,DAL,NYG,31,9,DAL,Dallas Cowboys,New York Giants
1993,1993-11-07,10,0,0,ARI,PHI,16,3,ARI,Phoenix Cardinals,Philadelphia Eagles
1993,1993-11-07,10,0,0,CLE,DEN,14,29,CLE,Cleveland Browns,Denver Broncos
1993,1993-11-07,10,0,0,MIN,LAC,17,30,MIN,Minnesota Vikings,San Diego Chargers
1993,1993-11-07,10,0,0,CIN,PIT,16,24,CIN,Cincinnati Bengals,Pittsburgh Steelers
1993,1993-11-07,10,0,0,CHI,OAK,14,16,CHI,Chicago Bears,Los Angeles Raiders
1993,1993-11-07,10,0,0,WSH,IND,30,24,WSH,Washington Redskins,Indianapolis Colts
1993,1993-11-07,10,0,0,TEN,SEA,24,14,TEN,Houston Oilers,Seattle Seahawks
1993,1993-11-07,10,0,0,NE,BUF,10,13,NE,New England Patriots,Buffalo Bills
1993,1993-11-07,10,0,0,NYJ,MIA,27,10,NYJ,New York Jets,Miami Dolphins
1993,1993-11-08,10,0,0,KC,GB,23,16,KC,Kansas City Chiefs,Green Bay Packers
1993,1993-11-14,11,0,0,LAR,ATL,0,13,LAR,Los Angeles Rams,Atlanta Falcons
1993,1993-11-14,11,0,0,NO,GB,17,19,NO,New Orleans Saints,Green Bay Packers
1993,1993-11-14,11,0,0,DEN,MIN,23,26,DEN,Denver Broncos,Minnesota Vikings
1993,1993-11-14,11,0,0,DAL,ARI,20,15,DAL,Dallas Cowboys,Phoenix Cardinals
1993,1993-11-14,11,0,0,IND,NYJ,17,31,IND,Indianapolis Colts,New York Jets
1993,1993-11-14,11,0,0,CIN,TEN,3,38,CIN,Cincinnati Bengals,Houston Oilers
1993,1993-11-14,11,0,0,PHI,MIA,14,19,PHI,Philadelphia Eagles,Miami Dolphins
1993,1993-11-14,11,0,0,OAK,KC,20,31,OAK,Los Angeles Raiders,Kansas City Chiefs
1993,1993-11-14,11,0,0,SEA,CLE,22,5,SEA,Seattle Seahawks,Cleveland Browns
1993,1993-11-14,11,0,0,TB,SF,21,45,TB,Tampa Bay Buccaneers,San Francisco 49ers
1993,1993-11-14,11,0,0,LAC,CHI,13,16,LAC,San Diego Chargers,Chicago Bears
1993,1993-11-14,11,0,0,NYG,WSH,20,6,NYG,New York Giants,Washington Redskins
1993,1993-11-15,11,0,0,PIT,BUF,23,0,PIT,Pittsburgh Steelers,Buffalo Bills
1993,1993-11-21,12,0,0,CLE,TEN,20,27,CLE,Cleveland Browns,Houston Oilers
1993,1993-11-21,12,0,0,ATL,DAL,27,14,ATL,Atlanta Falcons,Dallas Cowboys
1993,1993-11-21,12,0,0,LAC,OAK,7,12,LAC,San Diego Chargers,Los Angeles Raiders
1993,1993-11-21,12,0,0,LAR,WSH,10,6,LAR,Los Angeles Rams,Washington Redskins
1993,1993-11-21,12,0,0,MIA,NE,17,13,MIA,Miami Dolphins,New England Patriots
1993,1993-11-21,12,0,0,KC,CHI,17,19,KC,Kansas City Chiefs,Chicago Bears
1993,1993-11-21,12,0,0,BUF,IND,23,9,BUF,Buffalo Bills,Indianapolis Colts
1993,1993-11-21,12,0,0,TB,MIN,23,10,TB,Tampa Bay Buccaneers,Minnesota Vikings
1993,1993-11-21,12,0,0,PHI,NYG,3,7,PHI,Philadelphia Eagles,New York Giants
1993,1993-11-21,12,0,0,GB,DET,26,17,GB,Green Bay Packers,Detroit Lions
1993,1993-11-21,12,0,0,DEN,PIT,37,13,DEN,Denver Broncos,Pittsburgh Steelers
1993,1993-11-21,12,0,0,NYJ,CIN,17,12,NYJ,New York Jets,Cincinnati Bengals
1993,1993-11-22,12,0,0,SF,NO,42,7,SF,San Francisco 49ers,New Orleans Saints
1993,1993-11-25,13,0,0,DET,CHI,6,10,DET,Detroit Lions,Chicago Bears
1993,1993-11-25,13,0,0,DAL,MIA,14,16,DAL,Dallas Cowboys,Miami Dolphins
1993,1993-11-28,13,0,0,GB,TB,13,10,GB,Green Bay Packers,Tampa Bay Buccaneers
1993,1993-11-28,13,0,0,CIN,OAK,16,10,CIN,Cincinnati Bengals,Los Angeles Raiders
1993,1993-11-28,13,0,0,ATL,CLE,17,14,ATL,Atlanta Falcons,Cleveland Browns
1993,1993-11-28,13,0,0,KC,BUF,23,7,KC,Kansas City Chiefs,Buffalo Bills
1993,1993-11-28,13,0,0,SEA,DEN,9,17,SEA,Seattle Seahawks,Denver Broncos
1993,1993-11-28,13,0,0,TEN,PIT,23,3,TEN,Houston Oilers,Pittsburgh Steelers
1993,1993-11-28,13,0,0,NYG,ARI,19,17,NYG,New York Giants,Phoenix Cardinals
1993,1993-11-28,13,0,0,LAR,SF,10,35,LAR,Los Angeles Rams,San Francisco 49ers
1993,1993-11-28,13,0,0,MIN,NO,14,17,MIN,Minnesota Vikings,New Orleans Saints
1993,1993-11-28,13,0,0,WSH,PHI,14,17,WSH,Washington Redskins,Philadelphia Eagles
1993,1993-11-28,13,0,0,NE,NYJ,0,6,NE,New England Patriots,New York Jets
1993,1993-11-29,13,0,0,IND,LAC,0,31,IND,Indianapolis Colts,San Diego Chargers
1993,1993-12-05,14,0,0,DET,MIN,0,13,DET,Detroit Lions,Minnesota Vikings
1993,1993-12-05,14,0,0,TB,WSH,17,23,TB,Tampa Bay Buccaneers,Washington Redskins
1993,1993-12-05,14,0,0,SF,CIN,21,8,SF,San Francisco 49ers,Cincinnati Bengals
1993,1993-12-05,14,0,0,SEA,KC,16,31,SEA,Seattle Seahawks,Kansas City Chiefs
1993,1993-12-05,14,0,0,PIT,NE,17,14,PIT,Pittsburgh Steelers,New England Patriots
1993,1993-12-05,14,0,0,ARI,LAR,38,10,ARI,Phoenix Cardinals,Los Angeles Rams
1993,1993-12-05,14,0,0,TEN,ATL,33,17,TEN,Houston Oilers,Atlanta Falcons
1993,1993-12-05,14,0,0,NYJ,IND,6,9,NYJ,New York Jets,Indianapolis Colts
1993,1993-12-05,14,0,0,MIA,NYG,14,19,MIA,Miami Dolphins,New York Giants
1993,1993-12-05,14,0,0,CLE,NO,17,13,CLE,Cleveland Browns,New Orleans Saints
1993,1993-12-05,14,0,0,CHI,GB,30,17,CHI,Chicago Bears,Green Bay Packers
1993,1993-12-05,14,0,0,BUF,OAK,24,25,BUF,Buffalo Bills,Los Angeles Raiders
1993,1993-12-05,14,0,0,LAC,DEN,13,10,LAC,San Diego Chargers,Denver Broncos
1993,1993-12-06,14,0,0,DAL,PHI,23,17,DAL,Dallas Cowboys,Philadelphia Eagles
1993,1993-12-11,15,0,0,ATL,SF,27,24,ATL,Atlanta Falcons,San Francisco 49ers
1993,1993-12-11,15,0,0,WSH,NYJ,0,3,WSH,Washington Redskins,New York Jets
1993,1993-12-12,15,0,0,PHI,BUF,7,10,PHI,Philadelphia Eagles,Buffalo Bills
1993,1993-12-12,15,0,0,TEN,CLE,19,17,TEN,Houston Oilers,Cleveland Browns
1993,1993-12-12,15,0,0,NYG,IND,20,6,NYG,New York Giants,Indianapolis Colts
1993,1993-12-12,15,0,0,TB,CHI,13,10,TB,Tampa Bay Buccaneers,Chicago Bears
1993,1993-12-12,15,0,0,NE,CIN,7,2,NE,New England Patriots,Cincinnati Bengals
1993,1993-12-12,15,0,0,MIN,DAL,20,37,MIN,Minnesota Vikings,Dallas Cowboys
1993,1993-12-12,15,0,0,DEN,KC,27,21,DEN,Denver Broncos,Kansas City Chiefs
1993,1993-12-12,15,0,0,ARI,DET,14,21,ARI,Phoenix Cardinals,Detroit Lions
1993,1993-12-12,15,0,0,LAC,GB,13,20,LAC,San Diego Chargers,Green Bay Packers
1993,1993-12-12,15,0,0,NO,LAR,20,23,NO,New Orleans Saints,Los Angeles Rams
1993,1993-12-12,15,0,0,OAK,SEA,27,23,OAK,Los Angeles Raiders,Seattle Seahawks
1993,1993-12-13,15,0,0,MIA,PIT,20,21,MIA,Miami Dolphins,Pittsburgh Steelers
1993,1993-12-18,16,0,0,NYJ,DAL,7,28,NYJ,New York Jets,Dallas Cowboys
1993,1993-12-18,16,0,0,CHI,DEN,3,13,CHI,Chicago Bears,Denver Broncos
1993,1993-12-19,16,0,0,PIT,TEN,17,26,PIT,Pittsburgh Steelers,Houston Oilers
1993,1993-12-19,16,0,0,MIA,BUF,34,47,MIA,Miami Dolphins,Buffalo Bills
1993,1993-12-19,16,0,0,GB,MIN,17,21,GB,Green Bay Packers,Minnesota Vikings
1993,1993-12-19,16,0,0,DET,SF,17,55,DET,Detroit Lions,San Francisco 49ers
1993,1993-12-19,16,0,0,WSH,ATL,30,17,WSH,Washington Redskins,Atlanta Falcons
1993,1993-12-19,16,0,0,CLE,NE,17,20,CLE,Cleveland Browns,New England Patriots
1993,1993-12-19,16,0,0,KC,LAC,28,24,KC,Kansas City Chiefs,San Diego Chargers
1993,1993-12-19,16,0,0,CIN,LAR,15,3,CIN,Cincinnati Bengals,Los Angeles Rams
1993,1993-12-19,16,0,0,IND,PHI,10,20,IND,Indianapolis Colts,Philadelphia Eagles
1993,1993-12-19,16,0,0,SEA,ARI,27,30,SEA,Seattle Seahawks,Phoenix Cardinals
1993,1993-12-19,16,0,0,OAK,TB,27,20,OAK,Los Angeles Raiders,Tampa Bay Buccaneers
1993,1993-12-20,16,0,0,NO,NYG,14,24,NO,New Orleans Saints,New York Giants
1993,1993-12-25,17,0,0,SF,TEN,7,10,SF,San Francisco 49ers,Houston Oilers
1993,1993-12-26,17,0,0,PHI,NO,37,26,PHI,Philadelphia Eagles,New Orleans Saints
1993,1993-12-26,17,0,0,SEA,PIT,16,6,SEA,Seattle Seahawks,Pittsburgh Steelers
1993,1993-12-26,17,0,0,ARI,NYG,17,6,ARI,Phoenix Cardinals,New York Giants
1993,1993-12-26,17,0,0,CIN,ATL,21,17,CIN,Cincinnati Bengals,Atlanta Falcons
1993,1993-12-26,17,0,0,CHI,DET,14,20,CHI,Chicago Bears,Detroit Lions
1993,1993-12-26,17,0,0,BUF,NYJ,16,14,BUF,Buffalo Bills,New York Jets
1993,1993-12-26,17,0,0,DAL,WSH,38,3,DAL,Dallas Cowboys,Washington Redskins
1993,1993-12-26,17,0,0,DEN,TB,10,17,DEN,Denver Broncos,Tampa Bay Buccaneers
1993,1993-12-26,17,0,0,NE,IND,38,0,NE,New England Patriots,Indianapolis Colts
1993,1993-12-26,17,0,0,MIN,KC,30,10,MIN,Minnesota Vikings,Kansas City Chiefs
1993,1993-12-26,17,0,0,GB,OAK,28,0,GB,Green Bay Packers,Los Angeles Raiders
1993,1993-12-26,17,0,0,LAR,CLE,14,42,LAR,Los Angeles Rams,Cleveland Browns
1993,1993-12-27,17,0,0,LAC,MIA,45,20,LAC,San Diego Chargers,Miami Dolphins
1993,1993-12-31,18,0,0,WSH,MIN,9,14,WSH,Washington Redskins,Minnesota Vikings
1993,1994-01-02,18,0,0,TEN,NYJ,24,0,TEN,Houston Oilers,New York Jets
1993,1994-01-02,18,0,0,OAK,DEN,33,30,OAK,Los Angeles Raiders,Denver Broncos
1993,1994-01-02,18,0,0,TB,LAC,17,32,TB,Tampa Bay Buccaneers,San Diego Chargers
1993,1994-01-02,18,0,0,PIT,CLE,16,9,PIT,Pittsburgh Steelers,Cleveland Browns
1993,1994-01-02,18,0,0,NYG,DAL,13,16,NYG,New York Giants,Dallas Cowboys
1993,1994-01-02,18,0,0,NE,MIA,33,27,NE,New England Patriots,Miami Dolphins
1993,1994-01-02,18,0,0,NO,CIN,20,13,NO,New Orleans Saints,Cincinnati Bengals
1993,1994-01-02,18,0,0,KC,SEA,34,24,KC,Kansas City Chiefs,Seattle Seahawks
1993,1994-01-02,18,0,0,DET,GB,30,20,DET,Detroit Lions,Green Bay Packers
1993,1994-01-02,18,0,0,IND,BUF,10,30,IND,Indianapolis Colts,Buffalo Bills
1993,1994-01-02,18,0,0,ATL,ARI,10,27,ATL,Atlanta Falcons,Phoenix Cardinals
1993,1994-01-02,18,0,0,LAR,CHI,20,6,LAR,Los Angeles Rams,Chicago Bears
1993,1994-01-03,18,0,0,SF,PHI,34,37,SF,San Francisco 49ers,Philadelphia Eagles
1993,1994-01-08,Wildcard,1,0,KC,PIT,27,24,KC,Kansas City Chiefs,Pittsburgh Steelers
1993,1994-01-08,Wildcard,1,0,DET,GB,24,28,DET,Detroit Lions,Green Bay Packers
1993,1994-01-09,Wildcard,1,0,OAK,DEN,42,24,OAK,Los Angeles Raiders,Denver Broncos
1993,1994-01-09,Wildcard,1,0,NYG,MIN,17,10,NYG,New York Giants,Minnesota Vikings
1993,1994-01-15,Division,1,0,BUF,OAK,29,23,BUF,Buffalo Bills,Los Angeles Raiders
1993,1994-01-15,Division,1,0,SF,NYG,44,3,SF,San Francisco 49ers,New York Giants
1993,1994-01-16,Division,1,0,TEN,KC,20,28,TEN,Houston Oilers,Kansas City Chiefs
1993,1994-01-16,Division,1,0,DAL,GB,27,17,DAL,Dallas Cowboys,Green Bay Packers
1993,1994-01-23,Conference,1,0,DAL,SF,38,21,DAL,Dallas Cowboys,San Francisco 49ers
1993,1994-01-23,Conference,1,0,BUF,KC,30,13,BUF,Buffalo Bills,Kansas City Chiefs
1993,1994-01-30,Superbowl,1,1,DAL,BUF,30,13,DAL,Dallas Cowboys,Buffalo Bills
1994,1994-09-04,1,0,0,DEN,LAC,34,37,DEN,Denver Broncos,San Diego Chargers
1994,1994-09-04,1,0,0,BUF,NYJ,3,23,BUF,Buffalo Bills,New York Jets
1994,1994-09-04,1,0,0,DET,ATL,31,28,DET,Detroit Lions,Atlanta Falcons
1994,1994-09-04,1,0,0,NO,KC,17,30,NO,New Orleans Saints,Kansas City Chiefs
1994,1994-09-04,1,0,0,LAR,ARI,14,12,LAR,Los Angeles Rams,Arizona Cardinals
1994,1994-09-04,1,0,0,MIA,NE,39,35,MIA,Miami Dolphins,New England Patriots
1994,1994-09-04,1,0,0,GB,MIN,16,10,GB,Green Bay Packers,Minnesota Vikings
1994,1994-09-04,1,0,0,CIN,CLE,20,28,CIN,Cincinnati Bengals,Cleveland Browns
1994,1994-09-04,1,0,0,CHI,TB,21,9,CHI,Chicago Bears,Tampa Bay Buccaneers
1994,1994-09-04,1,0,0,WSH,SEA,7,28,WSH,Washington Redskins,Seattle Seahawks
1994,1994-09-04,1,0,0,PIT,DAL,9,26,PIT,Pittsburgh Steelers,Dallas Cowboys
1994,1994-09-04,1,0,0,NYG,PHI,28,23,NYG,New York Giants,Philadelphia Eagles
1994,1994-09-04,1,0,0,IND,TEN,45,21,IND,Indianapolis Colts,Houston Oilers
1994,1994-09-05,1,0,0,SF,OAK,44,14,SF,San Francisco 49ers,Los Angeles Raiders
1994,1994-09-11,2,0,0,NO,WSH,24,38,NO,New Orleans Saints,Washington Redskins
1994,1994-09-11,2,0,0,ATL,LAR,31,13,ATL,Atlanta Falcons,Los Angeles Rams
1994,1994-09-11,2,0,0,TB,IND,24,10,TB,Tampa Bay Buccaneers,Indianapolis Colts
1994,1994-09-11,2,0,0,OAK,SEA,9,38,OAK,Los Angeles Raiders,Seattle Seahawks
1994,1994-09-11,2,0,0,NYJ,DEN,25,22,NYJ,New York Jets,Denver Broncos
1994,1994-09-11,2,0,0,NE,BUF,35,38,NE,New England Patriots,Buffalo Bills
1994,1994-09-11,2,0,0,MIN,DET,10,3,MIN,Minnesota Vikings,Detroit Lions
1994,1994-09-11,2,0,0,KC,SF,24,17,KC,Kansas City Chiefs,San Francisco 49ers
1994,1994-09-11,2,0,0,GB,MIA,14,24,GB,Green Bay Packers,Miami Dolphins
1994,1994-09-11,2,0,0,DAL,TEN,20,17,DAL,Dallas Cowboys,Houston Oilers
1994,1994-09-11,2,0,0,ARI,NYG,17,20,ARI,Arizona Cardinals,New York Giants
1994,1994-09-11,2,0,0,CLE,PIT,10,17,CLE,Cleveland Browns,Pittsburgh Steelers
1994,1994-09-11,2,0,0,LAC,CIN,27,10,LAC,San Diego Chargers,Cincinnati Bengals
1994,1994-09-12,2,0,0,PHI,CHI,30,22,PHI,Philadelphia Eagles,Chicago Bears
1994,1994-09-18,3,0,0,SEA,LAC,10,24,SEA,Seattle Seahawks,San Diego Chargers
1994,1994-09-18,3,0,0,CLE,ARI,32,0,CLE,Cleveland Browns,Arizona Cardinals
1994,1994-09-18,3,0,0,LAR,SF,19,34,LAR,Los Angeles Rams,San Francisco 49ers
1994,1994-09-18,3,0,0,ATL,KC,10,30,ATL,Atlanta Falcons,Kansas City Chiefs
1994,1994-09-18,3,0,0,CIN,NE,28,31,CIN,Cincinnati Bengals,New England Patriots
1994,1994-09-18,3,0,0,CHI,MIN,14,42,CHI,Chicago Bears,Minnesota Vikings
1994,1994-09-18,3,0,0,TB,NO,7,9,TB,Tampa Bay Buccaneers,New Orleans Saints
1994,1994-09-18,3,0,0,PIT,IND,31,21,PIT,Pittsburgh Steelers,Indianapolis Colts
1994,1994-09-18,3,0,0,PHI,GB,13,7,PHI,Philadelphia Eagles,Green Bay Packers
1994,1994-09-18,3,0,0,TEN,BUF,7,15,TEN,Houston Oilers,Buffalo Bills
1994,1994-09-18,3,0,0,NYG,WSH,31,23,NYG,New York Giants,Washington Redskins
1994,1994-09-18,3,0,0,MIA,NYJ,28,14,MIA,Miami Dolphins,New York Jets
1994,1994-09-18,3,0,0,DEN,OAK,16,48,DEN,Denver Broncos,Los Angeles Raiders
1994,1994-09-19,3,0,0,DAL,DET,17,20,DAL,Dallas Cowboys,Detroit Lions
1994,1994-09-25,4,0,0,WSH,ATL,20,27,WSH,Washington Redskins,Atlanta Falcons
1994,1994-09-25,4,0,0,OAK,LAC,24,26,OAK,Los Angeles Raiders,San Diego Chargers
1994,1994-09-25,4,0,0,SF,NO,24,13,SF,San Francisco 49ers,New Orleans Saints
1994,1994-09-25,4,0,0,SEA,PIT,30,13,SEA,Seattle Seahawks,Pittsburgh Steelers
1994,1994-09-25,4,0,0,TEN,CIN,20,13,TEN,Houston Oilers,Cincinnati Bengals
1994,1994-09-25,4,0,0,MIN,MIA,38,35,MIN,Minnesota Vikings,Miami Dolphins
1994,1994-09-25,4,0,0,GB,TB,30,3,GB,Green Bay Packers,Tampa Bay Buccaneers
1994,1994-09-25,4,0,0,DET,NE,17,23,DET,Detroit Lions,New England Patriots
1994,1994-09-25,4,0,0,IND,CLE,14,21,IND,Indianapolis Colts,Cleveland Browns
1994,1994-09-25,4,0,0,NYJ,CHI,7,19,NYJ,New York Jets,Chicago Bears
1994,1994-09-25,4,0,0,KC,LAR,0,16,KC,Kansas City Chiefs,Los Angeles Rams
1994,1994-09-26,4,0,0,BUF,DEN,27,20,BUF,Buffalo Bills,Denver Broncos
1994,1994-10-02,5,0,0,NE,GB,17,16,NE,New England Patriots,Green Bay Packers
1994,1994-10-02,5,0,0,ARI,MIN,17,7,ARI,Arizona Cardinals,Minnesota Vikings
1994,1994-10-02,5,0,0,IND,SEA,17,15,IND,Indianapolis Colts,Seattle Seahawks
1994,1994-10-02,5,0,0,CLE,NYJ,27,7,CLE,Cleveland Browns,New York Jets
1994,1994-10-02,5,0,0,NO,NYG,27,22,NO,New Orleans Saints,New York Giants
1994,1994-10-02,5,0,0,CIN,MIA,7,23,CIN,Cincinnati Bengals,Miami Dolphins
1994,1994-10-02,5,0,0,LAR,ATL,5,8,LAR,Los Angeles Rams,Atlanta Falcons
1994,1994-10-02,5,0,0,CHI,BUF,20,13,CHI,Chicago Bears,Buffalo Bills
1994,1994-10-02,5,0,0,SF,PHI,8,40,SF,San Francisco 49ers,Philadelphia Eagles
1994,1994-10-02,5,0,0,WSH,DAL,7,34,WSH,Washington Redskins,Dallas Cowboys
1994,1994-10-02,5,0,0,TB,DET,24,14,TB,Tampa Bay Buccaneers,Detroit Lions
1994,1994-10-03,5,0,0,PIT,TEN,30,14,PIT,Pittsburgh Steelers,Houston Oilers
1994,1994-10-09,6,0,0,BUF,MIA,21,11,BUF,Buffalo Bills,Miami Dolphins
1994,1994-10-09,6,0,0,GB,LAR,24,17,GB,Green Bay Packers,Los Angeles Rams
1994,1994-10-09,6,0,0,LAC,KC,20,6,LAC,San Diego Chargers,Kansas City Chiefs
1994,1994-10-09,6,0,0,SEA,DEN,9,16,SEA,Seattle Seahawks,Denver Broncos
1994,1994-10-09,6,0,0,PHI,WSH,21,17,PHI,Philadelphia Eagles,Washington Redskins
1994,1994-10-09,6,0,0,NYJ,IND,16,6,NYJ,New York Jets,Indianapolis Colts
1994,1994-10-09,6,0,0,NE,OAK,17,21,NE,New England Patriots,Los Angeles Raiders
1994,1994-10-09,6,0,0,DET,SF,21,27,DET,Detroit Lions,San Francisco 49ers
1994,1994-10-09,6,0,0,DAL,ARI,38,3,DAL,Dallas Cowboys,Arizona Cardinals
1994,1994-10-09,6,0,0,CHI,NO,17,7,CHI,Chicago Bears,New Orleans Saints
1994,1994-10-09,6,0,0,ATL,TB,34,13,ATL,Atlanta Falcons,Tampa Bay Buccaneers
1994,1994-10-10,6,0,0,NYG,MIN,10,27,NYG,New York Giants,Minnesota Vikings
1994,1994-10-13,7,0,0,TEN,CLE,8,11,TEN,Houston Oilers,Cleveland Browns
1994,1994-10-16,7,0,0,ATL,SF,3,42,ATL,Atlanta Falcons,San Francisco 49ers
1994,1994-10-16,7,0,0,NO,LAC,22,36,NO,New Orleans Saints,San Diego Chargers
1994,1994-10-16,7,0,0,PIT,CIN,14,10,PIT,Pittsburgh Steelers,Cincinnati Bengals
1994,1994-10-16,7,0,0,MIA,OAK,20,17,MIA,Miami Dolphins,Los Angeles Raiders
1994,1994-10-16,7,0,0,DAL,PHI,24,13,DAL,Dallas Cowboys,Philadelphia Eagles
1994,1994-10-16,7,0,0,BUF,IND,17,27,BUF,Buffalo Bills,Indianapolis Colts
1994,1994-10-16,7,0,0,LAR,NYG,17,10,LAR,Los Angeles Rams,New York Giants
1994,1994-10-16,7,0,0,WSH,ARI,16,19,WSH,Washington Redskins,Arizona Cardinals
1994,1994-10-16,7,0,0,NYJ,NE,24,17,NYJ,New York Jets,New England Patriots
1994,1994-10-17,7,0,0,DEN,KC,28,31,DEN,Denver Broncos,Kansas City Chiefs
1994,1994-10-20,8,0,0,MIN,GB,13,10,MIN,Minnesota Vikings,Green Bay Packers
1994,1994-10-23,8,0,0,OAK,ATL,30,17,OAK,Los Angeles Raiders,Atlanta Falcons
1994,1994-10-23,8,0,0,SF,TB,41,16,SF,San Francisco 49ers,Tampa Bay Buccaneers
1994,1994-10-23,8,0,0,ARI,DAL,21,28,ARI,Arizona Cardinals,Dallas Cowboys
1994,1994-10-23,8,0,0,NO,LAR,37,34,NO,New Orleans Saints,Los Angeles Rams
1994,1994-10-23,8,0,0,LAC,DEN,15,20,LAC,San Diego Chargers,Denver Broncos
1994,1994-10-23,8,0,0,DET,CHI,21,16,DET,Detroit Lions,Chicago Bears
1994,1994-10-23,8,0,0,IND,WSH,27,41,IND,Indianapolis Colts,Washington Redskins
1994,1994-10-23,8,0,0,CLE,CIN,37,13,CLE,Cleveland Browns,Cincinnati Bengals
1994,1994-10-23,8,0,0,KC,SEA,38,23,KC,Kansas City Chiefs,Seattle Seahawks
1994,1994-10-23,8,0,0,NYG,PIT,6,10,NYG,New York Giants,Pittsburgh Steelers
1994,1994-10-24,8,0,0,PHI,TEN,21,6,PHI,Philadelphia Eagles,Houston Oilers
1994,1994-10-30,9,0,0,WSH,PHI,29,31,WSH,Washington Redskins,Philadelphia Eagles
1994,1994-10-30,9,0,0,OAK,TEN,17,14,OAK,Los Angeles Raiders,Houston Oilers
1994,1994-10-30,9,0,0,NE,MIA,3,23,NE,New England Patriots,Miami Dolphins
1994,1994-10-30,9,0,0,DEN,CLE,26,14,DEN,Denver Broncos,Cleveland Browns
1994,1994-10-30,9,0,0,IND,NYJ,28,25,IND,Indianapolis Colts,New York Jets
1994,1994-10-30,9,0,0,ARI,PIT,20,17,ARI,Arizona Cardinals,Pittsburgh Steelers
1994,1994-10-30,9,0,0,NYG,DET,25,28,NYG,New York Giants,Detroit Lions
1994,1994-10-30,9,0,0,BUF,KC,44,10,BUF,Buffalo Bills,Kansas City Chiefs
1994,1994-10-30,9,0,0,LAC,SEA,35,15,LAC,San Diego Chargers,Seattle Seahawks
1994,1994-10-30,9,0,0,CIN,DAL,20,23,CIN,Cincinnati Bengals,Dallas Cowboys
1994,1994-10-30,9,0,0,TB,MIN,13,36,TB,Tampa Bay Buccaneers,Minnesota Vikings
1994,1994-10-31,9,0,0,CHI,GB,6,33,CHI,Chicago Bears,Green Bay Packers
1994,1994-11-06,10,0,0,PHI,ARI,17,7,PHI,Philadelphia Eagles,Arizona Cardinals
1994,1994-11-06,10,0,0,NYJ,BUF,22,17,NYJ,New York Jets,Buffalo Bills
1994,1994-11-06,10,0,0,MIN,NO,21,20,MIN,Minnesota Vikings,New Orleans Saints
1994,1994-11-06,10,0,0,MIA,IND,22,21,MIA,Miami Dolphins,Indianapolis Colts
1994,1994-11-06,10,0,0,KC,OAK,13,3,KC,Kansas City Chiefs,Los Angeles Raiders
1994,1994-11-06,10,0,0,GB,DET,38,30,GB,Green Bay Packers,Detroit Lions
1994,1994-11-06,10,0,0,ATL,LAC,10,9,ATL,Atlanta Falcons,San Diego Chargers
1994,1994-11-06,10,0,0,LAR,DEN,27,21,LAR,Los Angeles Rams,Denver Broncos
1994,1994-11-06,10,0,0,TB,CHI,6,20,TB,Tampa Bay Buccaneers,Chicago Bears
1994,1994-11-06,10,0,0,CLE,NE,13,6,CLE,Cleveland Browns,New England Patriots
1994,1994-11-06,10,0,0,WSH,SF,22,37,WSH,Washington Redskins,San Francisco 49ers
1994,1994-11-06,10,0,0,SEA,CIN,17,20,SEA,Seattle Seahawks,Cincinnati Bengals
1994,1994-11-06,10,0,0,TEN,PIT,9,12,TEN,Houston Oilers,Pittsburgh Steelers
1994,1994-11-07,10,0,0,DAL,NYG,38,10,DAL,Dallas Cowboys,New York Giants
1994,1994-11-13,11,0,0,NYG,ARI,9,10,NYG,New York Giants,Arizona Cardinals
1994,1994-11-13,11,0,0,PHI,CLE,7,26,PHI,Philadelphia Eagles,Cleveland Browns
1994,1994-11-13,11,0,0,SF,DAL,21,14,SF,San Francisco 49ers,Dallas Cowboys
1994,1994-11-13,11,0,0,DET,TB,14,9,DET,Detroit Lions,Tampa Bay Buccaneers
1994,1994-11-13,11,0,0,DEN,SEA,17,10,DEN,Denver Broncos,Seattle Seahawks
1994,1994-11-13,11,0,0,LAR,OAK,17,20,LAR,Los Angeles Rams,Los Angeles Raiders
1994,1994-11-13,11,0,0,NO,ATL,33,32,NO,New Orleans Saints,Atlanta Falcons
1994,1994-11-13,11,0,0,NE,MIN,26,20,NE,New England Patriots,Minnesota Vikings
1994,1994-11-13,11,0,0,CIN,TEN,34,31,CIN,Cincinnati Bengals,Houston Oilers
1994,1994-11-13,11,0,0,KC,LAC,13,14,KC,Kansas City Chiefs,San Diego Chargers
1994,1994-11-13,11,0,0,GB,NYJ,17,10,GB,Green Bay Packers,New York Jets
1994,1994-11-13,11,0,0,MIA,CHI,14,17,MIA,Miami Dolphins,Chicago Bears
1994,1994-11-14,11,0,0,PIT,BUF,23,10,PIT,Pittsburgh Steelers,Buffalo Bills
1994,1994-11-20,12,0,0,OAK,NO,24,19,OAK,Los Angeles Raiders,New Orleans Saints
1994,1994-11-20,12,0,0,SEA,TB,22,21,SEA,Seattle Seahawks,Tampa Bay Buccaneers
1994,1994-11-20,12,0,0,PIT,MIA,16,13,PIT,Pittsburgh Steelers,Miami Dolphins
1994,1994-11-20,12,0,0,MIN,NYJ,21,31,MIN,Minnesota Vikings,New York Jets
1994,1994-11-20,12,0,0,KC,CLE,20,13,KC,Kansas City Chiefs,Cleveland Browns
1994,1994-11-20,12,0,0,DEN,ATL,32,28,DEN,Denver Broncos,Atlanta Falcons
1994,1994-11-20,12,0,0,DAL,WSH,31,7,DAL,Dallas Cowboys,Washington Redskins
1994,1994-11-20,12,0,0,ARI,PHI,12,6,ARI,Arizona Cardinals,Philadelphia Eagles
1994,1994-11-20,12,0,0,CIN,IND,13,17,CIN,Cincinnati Bengals,Indianapolis Colts
1994,1994-11-20,12,0,0,CHI,DET,20,10,CHI,Chicago Bears,Detroit Lions
1994,1994-11-20,12,0,0,BUF,GB,29,20,BUF,Buffalo Bills,Green Bay Packers
1994,1994-11-20,12,0,0,SF,LAR,31,27,SF,San Francisco 49ers,Los Angeles Rams
1994,1994-11-20,12,0,0,NE,LAC,23,17,NE,New England Patriots,San Diego Chargers
1994,1994-11-21,12,0,0,TEN,NYG,10,13,TEN,Houston Oilers,New York Giants
1994,1994-11-24,13,0,0,DAL,GB,42,31,DAL,Dallas Cowboys,Green Bay Packers
1994,1994-11-24,13,0,0,DET,BUF,35,21,DET,Detroit Lions,Buffalo Bills
1994,1994-11-27,13,0,0,LAC,LAR,31,17,LAC,San Diego Chargers,Los Angeles Rams
1994,1994-11-27,13,0,0,ARI,CHI,16,19,ARI,Arizona Cardinals,Chicago Bears
1994,1994-11-27,13,0,0,CLE,TEN,34,10,CLE,Cleveland Browns,Houston Oilers
1994,1994-11-27,13,0,0,ATL,PHI,28,21,ATL,Atlanta Falcons,Philadelphia Eagles
1994,1994-11-27,13,0,0,DEN,CIN,15,13,DEN,Denver Broncos,Cincinnati Bengals
1994,1994-11-27,13,0,0,IND,NE,10,12,IND,Indianapolis Colts,New England Patriots
1994,1994-11-27,13,0,0,WSH,NYG,19,21,WSH,Washington Redskins,New York Giants
1994,1994-11-27,13,0,0,SEA,KC,10,9,SEA,Seattle Seahawks,Kansas City Chiefs
1994,1994-11-27,13,0,0,OAK,PIT,3,21,OAK,Los Angeles Raiders,Pittsburgh Steelers
1994,1994-11-27,13,0,0,NYJ,MIA,24,28,NYJ,New York Jets,Miami Dolphins
1994,1994-11-27,13,0,0,MIN,TB,17,20,MIN,Minnesota Vikings,Tampa Bay Buccaneers
1994,1994-11-28,13,0,0,NO,SF,14,35,NO,New Orleans Saints,San Francisco 49ers
1994,1994-12-01,14,0,0,MIN,CHI,33,27,MIN,Minnesota Vikings,Chicago Bears
1994,1994-12-04,14,0,0,TEN,ARI,12,30,TEN,Houston Oilers,Arizona Cardinals
1994,1994-12-04,14,0,0,CLE,NYG,13,16,CLE,Cleveland Browns,New York Giants
1994,1994-12-04,14,0,0,MIA,BUF,31,42,MIA,Miami Dolphins,Buffalo Bills
1994,1994-12-04,14,0,0,CIN,PIT,15,38,CIN,Cincinnati Bengals,Pittsburgh Steelers
1994,1994-12-04,14,0,0,NE,NYJ,24,13,NE,New England Patriots,New York Jets
1994,1994-12-04,14,0,0,KC,DEN,17,20,KC,Kansas City Chiefs,Denver Broncos
1994,1994-12-04,14,0,0,PHI,DAL,19,31,PHI,Philadelphia Eagles,Dallas Cowboys
1994,1994-12-04,14,0,0,SEA,IND,19,31,SEA,Seattle Seahawks,Indianapolis Colts
1994,1994-12-04,14,0,0,SF,ATL,50,14,SF,San Francisco 49ers,Atlanta Falcons
1994,1994-12-04,14,0,0,TB,WSH,26,21,TB,Tampa Bay Buccaneers,Washington Redskins
1994,1994-12-04,14,0,0,LAR,NO,15,31,LAR,Los Angeles Rams,New Orleans Saints
1994,1994-12-04,14,0,0,DET,GB,34,31,DET,Detroit Lions,Green Bay Packers
1994,1994-12-05,14,0,0,LAC,OAK,17,24,LAC,San Diego Chargers,Los Angeles Raiders
1994,1994-12-10,15,0,0,DAL,CLE,14,19,DAL,Dallas Cowboys,Cleveland Browns
1994,1994-12-10,15,0,0,NYJ,DET,7,18,NYJ,New York Jets,Detroit Lions
1994,1994-12-11,15,0,0,ATL,NO,20,29,ATL,Atlanta Falcons,New Orleans Saints
1994,1994-12-11,15,0,0,LAC,SF,15,38,LAC,San Diego Chargers,San Francisco 49ers
1994,1994-12-11,15,0,0,TB,LAR,24,14,TB,Tampa Bay Buccaneers,Los Angeles Rams
1994,1994-12-11,15,0,0,BUF,MIN,17,21,BUF,Buffalo Bills,Minnesota Vikings
1994,1994-12-11,15,0,0,ARI,WSH,17,15,ARI,Arizona Cardinals,Washington Redskins
1994,1994-12-11,15,0,0,GB,CHI,40,3,GB,Green Bay Packers,Chicago Bears
1994,1994-12-11,15,0,0,NE,IND,28,13,NE,New England Patriots,Indianapolis Colts
1994,1994-12-11,15,0,0,NYG,CIN,27,20,NYG,New York Giants,Cincinnati Bengals
1994,1994-12-11,15,0,0,TEN,SEA,14,16,TEN,Houston Oilers,Seattle Seahawks
1994,1994-12-11,15,0,0,PIT,PHI,14,3,PIT,Pittsburgh Steelers,Philadelphia Eagles
1994,1994-12-11,15,0,0,OAK,DEN,23,13,OAK,Los Angeles Raiders,Denver Broncos
1994,1994-12-12,15,0,0,MIA,KC,45,28,MIA,Miami Dolphins,Kansas City Chiefs
1994,1994-12-17,16,0,0,SF,DEN,42,19,SF,San Francisco 49ers,Denver Broncos
1994,1994-12-17,16,0,0,DET,MIN,41,19,DET,Detroit Lions,Minnesota Vikings
1994,1994-12-18,16,0,0,KC,TEN,31,9,KC,Kansas City Chiefs,Houston Oilers
1994,1994-12-18,16,0,0,GB,ATL,21,17,GB,Green Bay Packers,Atlanta Falcons
1994,1994-12-18,16,0,0,NYJ,LAC,6,21,NYJ,New York Jets,San Diego Chargers
1994,1994-12-18,16,0,0,SEA,OAK,16,17,SEA,Seattle Seahawks,Los Angeles Raiders
1994,1994-12-18,16,0,0,WSH,TB,14,17,WSH,Washington Redskins,Tampa Bay Buccaneers
1994,1994-12-18,16,0,0,IND,MIA,10,6,IND,Indianapolis Colts,Miami Dolphins
1994,1994-12-18,16,0,0,BUF,NE,17,41,BUF,Buffalo Bills,New England Patriots
1994,1994-12-18,16,0,0,CHI,LAR,27,13,CHI,Chicago Bears,Los Angeles Rams
1994,1994-12-18,16,0,0,PIT,CLE,17,7,PIT,Pittsburgh Steelers,Cleveland Browns
1994,1994-12-18,16,0,0,PHI,NYG,13,16,PHI,Philadelphia Eagles,New York Giants
1994,1994-12-18,16,0,0,ARI,CIN,28,7,ARI,Arizona Cardinals,Cincinnati Bengals
1994,1994-12-19,16,0,0,NO,DAL,16,24,NO,New Orleans Saints,Dallas Cowboys
1994,1994-12-24,17,0,0,CHI,NE,3,13,CHI,Chicago Bears,New England Patriots
1994,1994-12-24,17,0,0,IND,BUF,10,9,IND,Indianapolis Colts,Buffalo Bills
1994,1994-12-24,17,0,0,LAC,PIT,37,34,LAC,San Diego Chargers,Pittsburgh Steelers
1994,1994-12-24,17,0,0,ATL,ARI,10,6,ATL,Atlanta Falcons,Arizona Cardinals
1994,1994-12-24,17,0,0,CIN,PHI,33,30,CIN,Cincinnati Bengals,Philadelphia Eagles
1994,1994-12-24,17,0,0,CLE,SEA,35,9,CLE,Cleveland Browns,Seattle Seahawks
1994,1994-12-24,17,0,0,DEN,NO,28,30,DEN,Denver Broncos,New Orleans Saints
1994,1994-12-24,17,0,0,NYG,DAL,15,10,NYG,New York Giants,Dallas Cowboys
1994,1994-12-24,17,0,0,TEN,NYJ,24,10,TEN,Houston Oilers,New York Jets
1994,1994-12-24,17,0,0,OAK,KC,9,19,OAK,Los Angeles Raiders,Kansas City Chiefs
1994,1994-12-24,17,0,0,TB,GB,19,34,TB,Tampa Bay Buccaneers,Green Bay Packers
1994,1994-12-24,17,0,0,LAR,WSH,21,24,LAR,Los Angeles Rams,Washington Redskins
1994,1994-12-25,17,0,0,MIA,DET,27,20,MIA,Miami Dolphins,Detroit Lions
1994,1994-12-26,17,0,0,MIN,SF,21,14,MIN,Minnesota Vikings,San Francisco 49ers
1994,1994-12-31,Wildcard,1,0,GB,DET,16,12,GB,Green Bay Packers,Detroit Lions
1994,1994-12-31,Wildcard,1,0,MIA,KC,27,17,MIA,Miami Dolphins,Kansas City Chiefs
1994,1995-01-01,Wildcard,1,0,CLE,NE,20,13,CLE,Cleveland Browns,New England Patriots
1994,1995-01-01,Wildcard,1,0,MIN,CHI,18,35,MIN,Minnesota Vikings,Chicago Bears
1994,1995-01-07,Division,1,0,SF,CHI,44,15,SF,San Francisco 49ers,Chicago Bears
1994,1995-01-07,Division,1,0,PIT,CLE,29,9,PIT,Pittsburgh Steelers,Cleveland Browns
1994,1995-01-08,Division,1,0,DAL,GB,35,9,DAL,Dallas Cowboys,Green Bay Packers
1994,1995-01-08,Division,1,0,LAC,MIA,22,21,LAC,San Diego Chargers,Miami Dolphins
1994,1995-01-15,Conference,1,0,SF,DAL,38,28,SF,San Francisco 49ers,Dallas Cowboys
1994,1995-01-15,Conference,1,0,PIT,LAC,13,17,PIT,Pittsburgh Steelers,San Diego Chargers
1994,1995-01-29,Superbowl,1,1,SF,LAC,49,26,SF,San Francisco 49ers,San Diego Chargers
1995,1995-09-03,1,0,0,DEN,BUF,22,7,DEN,Denver Broncos,Buffalo Bills
1995,1995-09-03,1,0,0,IND,CIN,21,24,IND,Indianapolis Colts,Cincinnati Bengals
1995,1995-09-03,1,0,0,ATL,CAR,23,20,ATL,Atlanta Falcons,Carolina Panthers
1995,1995-09-03,1,0,0,PIT,DET,23,20,PIT,Pittsburgh Steelers,Detroit Lions
1995,1995-09-03,1,0,0,PHI,TB,6,21,PHI,Philadelphia Eagles,Tampa Bay Buccaneers
1995,1995-09-03,1,0,0,NE,CLE,17,14,NE,New England Patriots,Cleveland Browns
1995,1995-09-03,1,0,0,NO,SF,22,24,NO,New Orleans Saints,San Francisco 49ers
1995,1995-09-03,1,0,0,OAK,LAC,17,7,OAK,Oakland Raiders,San Diego Chargers
1995,1995-09-03,1,0,0,SEA,KC,10,34,SEA,Seattle Seahawks,Kansas City Chiefs
1995,1995-09-03,1,0,0,CHI,MIN,31,14,CHI,Chicago Bears,Minnesota Vikings
1995,1995-09-03,1,0,0,WSH,ARI,27,7,WSH,Washington Redskins,Arizona Cardinals
1995,1995-09-03,1,0,0,JAX,TEN,3,10,JAX,Jacksonville Jaguars,Houston Oilers
1995,1995-09-03,1,0,0,GB,LAR,14,17,GB,Green Bay Packers,St. Louis Rams
1995,1995-09-03,1,0,0,MIA,NYJ,52,14,MIA,Miami Dolphins,New York Jets
1995,1995-09-04,1,0,0,NYG,DAL,0,35,NYG,New York Giants,Dallas Cowboys
1995,1995-09-10,2,0,0,DAL,DEN,31,21,DAL,Dallas Cowboys,Denver Broncos
1995,1995-09-10,2,0,0,BUF,CAR,31,9,BUF,Buffalo Bills,Carolina Panthers
1995,1995-09-10,2,0,0,CIN,JAX,24,17,CIN,Cincinnati Bengals,Jacksonville Jaguars
1995,1995-09-10,2,0,0,CLE,TB,22,6,CLE,Cleveland Browns,Tampa Bay Buccaneers
1995,1995-09-10,2,0,0,ARI,PHI,19,31,ARI,Arizona Cardinals,Philadelphia Eagles
1995,1995-09-10,2,0,0,LAC,SEA,14,10,LAC,San Diego Chargers,Seattle Seahawks
1995,1995-09-10,2,0,0,LAR,NO,17,13,LAR,St. Louis Rams,New Orleans Saints
1995,1995-09-10,2,0,0,MIN,DET,20,10,MIN,Minnesota Vikings,Detroit Lions
1995,1995-09-10,2,0,0,NE,MIA,3,20,NE,New England Patriots,Miami Dolphins
1995,1995-09-10,2,0,0,NYJ,IND,24,27,NYJ,New York Jets,Indianapolis Colts
1995,1995-09-10,2,0,0,TEN,PIT,17,34,TEN,Houston Oilers,Pittsburgh Steelers
1995,1995-09-10,2,0,0,SF,ATL,41,10,SF,San Francisco 49ers,Atlanta Falcons
1995,1995-09-10,2,0,0,WSH,OAK,8,20,WSH,Washington Redskins,Oakland Raiders
1995,1995-09-10,2,0,0,KC,NYG,20,17,KC,Kansas City Chiefs,New York Giants
1995,1995-09-11,2,0,0,CHI,GB,24,27,CHI,Chicago Bears,Green Bay Packers
1995,1995-09-17,3,0,0,TB,CHI,6,25,TB,Tampa Bay Buccaneers,Chicago Bears
1995,1995-09-17,3,0,0,NYJ,JAX,27,10,NYJ,New York Jets,Jacksonville Jaguars
1995,1995-09-17,3,0,0,TEN,CLE,7,14,TEN,Houston Oilers,Cleveland Browns
1995,1995-09-17,3,0,0,SEA,CIN,24,21,SEA,Seattle Seahawks,Cincinnati Bengals
1995,1995-09-17,3,0,0,SF,NE,28,3,SF,San Francisco 49ers,New England Patriots
1995,1995-09-17,3,0,0,PHI,LAC,21,27,PHI,Philadelphia Eagles,San Diego Chargers
1995,1995-09-17,3,0,0,CAR,LAR,10,31,CAR,Carolina Panthers,St. Louis Rams
1995,1995-09-17,3,0,0,BUF,IND,20,14,BUF,Buffalo Bills,Indianapolis Colts
1995,1995-09-17,3,0,0,DEN,WSH,38,31,DEN,Denver Broncos,Washington Redskins
1995,1995-09-17,3,0,0,DET,ARI,17,20,DET,Detroit Lions,Arizona Cardinals
1995,1995-09-17,3,0,0,GB,NYG,14,6,GB,Green Bay Packers,New York Giants
1995,1995-09-17,3,0,0,KC,OAK,23,17,KC,Kansas City Chiefs,Oakland Raiders
1995,1995-09-17,3,0,0,MIN,DAL,17,23,MIN,Minnesota Vikings,Dallas Cowboys
1995,1995-09-17,3,0,0,NO,ATL,24,27,NO,New Orleans Saints,Atlanta Falcons
1995,1995-09-18,3,0,0,MIA,PIT,23,10,MIA,Miami Dolphins,Pittsburgh Steelers
1995,1995-09-24,4,0,0,PIT,MIN,24,44,PIT,Pittsburgh Steelers,Minnesota Vikings
1995,1995-09-24,4,0,0,NYG,NO,45,29,NYG,New York Giants,New Orleans Saints
1995,1995-09-24,4,0,0,JAX,GB,14,24,JAX,Jacksonville Jaguars,Green Bay Packers
1995,1995-09-24,4,0,0,TB,WSH,14,6,TB,Tampa Bay Buccaneers,Washington Redskins
1995,1995-09-24,4,0,0,ATL,NYJ,13,3,ATL,Atlanta Falcons,New York Jets
1995,1995-09-24,4,0,0,OAK,PHI,48,17,OAK,Oakland Raiders,Philadelphia Eagles
1995,1995-09-24,4,0,0,LAR,CHI,34,28,LAR,St. Louis Rams,Chicago Bears
1995,1995-09-24,4,0,0,CIN,TEN,28,38,CIN,Cincinnati Bengals,Houston Oilers
1995,1995-09-24,4,0,0,CLE,KC,35,17,CLE,Cleveland Browns,Kansas City Chiefs
1995,1995-09-24,4,0,0,DAL,ARI,34,20,DAL,Dallas Cowboys,Arizona Cardinals
1995,1995-09-24,4,0,0,LAC,DEN,17,6,LAC,San Diego Chargers,Denver Broncos
1995,1995-09-25,4,0,0,DET,SF,27,24,DET,Detroit Lions,San Francisco 49ers
1995,1995-10-01,5,0,0,SF,NYG,20,6,SF,San Francisco 49ers,New York Giants
1995,1995-10-01,5,0,0,PIT,LAC,31,16,PIT,Pittsburgh Steelers,San Diego Chargers
1995,1995-10-01,5,0,0,IND,LAR,21,18,IND,Indianapolis Colts,St. Louis Rams
1995,1995-10-01,5,0,0,ATL,NE,30,17,ATL,Atlanta Falcons,New England Patriots
1995,1995-10-01,5,0,0,CAR,TB,13,20,CAR,Carolina Panthers,Tampa Bay Buccaneers
1995,1995-10-01,5,0,0,WSH,DAL,27,23,WSH,Washington Redskins,Dallas Cowboys
1995,1995-10-01,5,0,0,CIN,MIA,23,26,CIN,Cincinnati Bengals,Miami Dolphins
1995,1995-10-01,5,0,0,ARI,KC,3,24,ARI,Arizona Cardinals,Kansas City Chiefs
1995,1995-10-01,5,0,0,NO,PHI,10,15,NO,New Orleans Saints,Philadelphia Eagles
1995,1995-10-01,5,0,0,NYJ,OAK,10,47,NYJ,New York Jets,Oakland Raiders
1995,1995-10-01,5,0,0,TEN,JAX,16,17,TEN,Houston Oilers,Jacksonville Jaguars
1995,1995-10-01,5,0,0,SEA,DEN,27,10,SEA,Seattle Seahawks,Denver Broncos
1995,1995-10-02,5,0,0,CLE,BUF,19,22,CLE,Cleveland Browns,Buffalo Bills
1995,1995-10-08,6,0,0,PHI,WSH,37,34,PHI,Philadelphia Eagles,Washington Redskins
1995,1995-10-08,6,0,0,CHI,CAR,31,27,CHI,Chicago Bears,Carolina Panthers
1995,1995-10-08,6,0,0,DAL,GB,34,24,DAL,Dallas Cowboys,Green Bay Packers
1995,1995-10-08,6,0,0,DET,CLE,38,20,DET,Detroit Lions,Cleveland Browns
1995,1995-10-08,6,0,0,JAX,PIT,20,16,JAX,Jacksonville Jaguars,Pittsburgh Steelers
1995,1995-10-08,6,0,0,MIA,IND,24,27,MIA,Miami Dolphins,Indianapolis Colts
1995,1995-10-08,6,0,0,MIN,TEN,23,17,MIN,Minnesota Vikings,Houston Oilers
1995,1995-10-08,6,0,0,NE,DEN,3,37,NE,New England Patriots,Denver Broncos
1995,1995-10-08,6,0,0,NYG,ARI,27,21,NYG,New York Giants,Arizona Cardinals
1995,1995-10-08,6,0,0,OAK,SEA,34,14,OAK,Oakland Raiders,Seattle Seahawks
1995,1995-10-08,6,0,0,TB,CIN,19,16,TB,Tampa Bay Buccaneers,Cincinnati Bengals
1995,1995-10-08,6,0,0,BUF,NYJ,29,10,BUF,Buffalo Bills,New York Jets
1995,1995-10-09,6,0,0,KC,LAC,29,23,KC,Kansas City Chiefs,San Diego Chargers
1995,1995-10-12,7,0,0,LAR,ATL,21,19,LAR,St. Louis Rams,Atlanta Falcons
1995,1995-10-15,7,0,0,GB,DET,30,21,GB,Green Bay Packers,Detroit Lions
1995,1995-10-15,7,0,0,ARI,WSH,24,20,ARI,Arizona Cardinals,Washington Redskins
1995,1995-10-15,7,0,0,IND,SF,18,17,IND,Indianapolis Colts,San Francisco 49ers
1995,1995-10-15,7,0,0,NYG,PHI,14,17,NYG,New York Giants,Philadelphia Eagles
1995,1995-10-15,7,0,0,TB,MIN,20,17,TB,Tampa Bay Buccaneers,Minnesota Vikings
1995,1995-10-15,7,0,0,LAC,DAL,9,23,LAC,San Diego Chargers,Dallas Cowboys
1995,1995-10-15,7,0,0,NO,MIA,33,30,NO,New Orleans Saints,Miami Dolphins
1995,1995-10-15,7,0,0,JAX,CHI,27,30,JAX,Jacksonville Jaguars,Chicago Bears
1995,1995-10-15,7,0,0,CAR,NYJ,26,15,CAR,Carolina Panthers,New York Jets
1995,1995-10-15,7,0,0,KC,NE,31,26,KC,Kansas City Chiefs,New England Patriots
1995,1995-10-15,7,0,0,BUF,SEA,27,21,BUF,Buffalo Bills,Seattle Seahawks
1995,1995-10-16,7,0,0,DEN,OAK,27,0,DEN,Denver Broncos,Oakland Raiders
1995,1995-10-19,8,0,0,PIT,CIN,9,27,PIT,Pittsburgh Steelers,Cincinnati Bengals
1995,1995-10-22,8,0,0,CHI,TEN,35,32,CHI,Chicago Bears,Houston Oilers
1995,1995-10-22,8,0,0,CAR,NO,20,3,CAR,Carolina Panthers,New Orleans Saints
1995,1995-10-22,8,0,0,CLE,JAX,15,23,CLE,Cleveland Browns,Jacksonville Jaguars
1995,1995-10-22,8,0,0,DEN,KC,7,21,DEN,Denver Broncos,Kansas City Chiefs
1995,1995-10-22,8,0,0,GB,MIN,38,21,GB,Green Bay Packers,Minnesota Vikings
1995,1995-10-22,8,0,0,NYJ,MIA,17,16,NYJ,New York Jets,Miami Dolphins
1995,1995-10-22,8,0,0,OAK,IND,30,17,OAK,Oakland Raiders,Indianapolis Colts
1995,1995-10-22,8,0,0,WSH,DET,36,30,WSH,Washington Redskins,Detroit Lions
1995,1995-10-22,8,0,0,SEA,LAC,25,35,SEA,Seattle Seahawks,San Diego Chargers
1995,1995-10-22,8,0,0,LAR,SF,10,44,LAR,St. Louis Rams,San Francisco 49ers
1995,1995-10-22,8,0,0,TB,ATL,21,24,TB,Tampa Bay Buccaneers,Atlanta Falcons
1995,1995-10-23,8,0,0,NE,BUF,27,14,NE,New England Patriots,Buffalo Bills
1995,1995-10-29,9,0,0,NE,CAR,17,20,NE,New England Patriots,Carolina Panthers
1995,1995-10-29,9,0,0,PHI,LAR,20,9,PHI,Philadelphia Eagles,St. Louis Rams
1995,1995-10-29,9,0,0,WSH,NYG,15,24,WSH,Washington Redskins,New York Giants
1995,1995-10-29,9,0,0,PIT,JAX,24,7,PIT,Pittsburgh Steelers,Jacksonville Jaguars
1995,1995-10-29,9,0,0,SF,NO,7,11,SF,San Francisco 49ers,New Orleans Saints
1995,1995-10-29,9,0,0,MIA,BUF,23,6,MIA,Miami Dolphins,Buffalo Bills
1995,1995-10-29,9,0,0,TEN,TB,19,7,TEN,Houston Oilers,Tampa Bay Buccaneers
1995,1995-10-29,9,0,0,DET,GB,24,16,DET,Detroit Lions,Green Bay Packers
1995,1995-10-29,9,0,0,ARI,SEA,20,14,ARI,Arizona Cardinals,Seattle Seahawks
1995,1995-10-29,9,0,0,IND,NYJ,17,10,IND,Indianapolis Colts,New York Jets
1995,1995-10-29,9,0,0,CIN,CLE,26,29,CIN,Cincinnati Bengals,Cleveland Browns
1995,1995-10-29,9,0,0,ATL,DAL,13,28,ATL,Atlanta Falcons,Dallas Cowboys
1995,1995-10-30,9,0,0,MIN,CHI,6,14,MIN,Minnesota Vikings,Chicago Bears
1995,1995-11-05,10,0,0,KC,WSH,24,3,KC,Kansas City Chiefs,Washington Redskins
1995,1995-11-05,10,0,0,NO,LAR,19,10,NO,New Orleans Saints,St. Louis Rams
1995,1995-11-05,10,0,0,ATL,DET,34,22,ATL,Atlanta Falcons,Detroit Lions
1995,1995-11-05,10,0,0,CHI,PIT,34,37,CHI,Chicago Bears,Pittsburgh Steelers
1995,1995-11-05,10,0,0,CIN,OAK,17,20,CIN,Cincinnati Bengals,Oakland Raiders
1995,1995-11-05,10,0,0,CLE,TEN,10,37,CLE,Cleveland Browns,Houston Oilers
1995,1995-11-05,10,0,0,LAC,MIA,14,24,LAC,San Diego Chargers,Miami Dolphins
1995,1995-11-05,10,0,0,IND,BUF,10,16,IND,Indianapolis Colts,Buffalo Bills
1995,1995-11-05,10,0,0,DEN,ARI,38,6,DEN,Denver Broncos,Arizona Cardinals
1995,1995-11-05,10,0,0,MIN,GB,27,24,MIN,Minnesota Vikings,Green Bay Packers
1995,1995-11-05,10,0,0,NYJ,NE,7,20,NYJ,New York Jets,New England Patriots
1995,1995-11-05,10,0,0,SEA,NYG,30,28,SEA,Seattle Seahawks,New York Giants
1995,1995-11-05,10,0,0,SF,CAR,7,13,SF,San Francisco 49ers,Carolina Panthers
1995,1995-11-06,10,0,0,DAL,PHI,34,12,DAL,Dallas Cowboys,Philadelphia Eagles
1995,1995-11-12,11,0,0,PHI,DEN,31,13,PHI,Philadelphia Eagles,Denver Broncos
1995,1995-11-12,11,0,0,TEN,CIN,25,32,TEN,Houston Oilers,Cincinnati Bengals
1995,1995-11-12,11,0,0,GB,CHI,35,28,GB,Green Bay Packers,Chicago Bears
1995,1995-11-12,11,0,0,NYG,OAK,13,17,NYG,New York Giants,Oakland Raiders
1995,1995-11-12,11,0,0,MIA,NE,17,34,MIA,Miami Dolphins,New England Patriots
1995,1995-11-12,11,0,0,ARI,MIN,24,30,ARI,Arizona Cardinals,Minnesota Vikings
1995,1995-11-12,11,0,0,BUF,ATL,23,17,BUF,Buffalo Bills,Atlanta Falcons
1995,1995-11-12,11,0,0,LAR,CAR,28,17,LAR,St. Louis Rams,Carolina Panthers
1995,1995-11-12,11,0,0,LAC,KC,7,22,LAC,San Diego Chargers,Kansas City Chiefs
1995,1995-11-12,11,0,0,JAX,SEA,30,47,JAX,Jacksonville Jaguars,Seattle Seahawks
1995,1995-11-12,11,0,0,NO,IND,17,14,NO,New Orleans Saints,Indianapolis Colts
1995,1995-11-12,11,0,0,DAL,SF,20,38,DAL,Dallas Cowboys,San Francisco 49ers
1995,1995-11-12,11,0,0,DET,TB,27,24,DET,Detroit Lions,Tampa Bay Buccaneers
1995,1995-11-13,11,0,0,PIT,CLE,20,3,PIT,Pittsburgh Steelers,Cleveland Browns
1995,1995-11-19,12,0,0,CAR,ARI,27,7,CAR,Carolina Panthers,Arizona Cardinals
1995,1995-11-19,12,0,0,CHI,DET,17,24,CHI,Chicago Bears,Detroit Lions
1995,1995-11-19,12,0,0,CIN,PIT,31,49,CIN,Cincinnati Bengals,Pittsburgh Steelers
1995,1995-11-19,12,0,0,CLE,GB,20,31,CLE,Cleveland Browns,Green Bay Packers
1995,1995-11-19,12,0,0,KC,TEN,20,13,KC,Kansas City Chiefs,Houston Oilers
1995,1995-11-19,12,0,0,MIN,NO,43,24,MIN,Minnesota Vikings,New Orleans Saints
1995,1995-11-19,12,0,0,NE,IND,10,24,NE,New England Patriots,Indianapolis Colts
1995,1995-11-19,12,0,0,ATL,LAR,31,6,ATL,Atlanta Falcons,St. Louis Rams
1995,1995-11-19,12,0,0,DEN,LAC,30,27,DEN,Denver Broncos,San Diego Chargers
1995,1995-11-19,12,0,0,NYJ,BUF,26,28,NYJ,New York Jets,Buffalo Bills
1995,1995-11-19,12,0,0,PHI,NYG,28,19,PHI,Philadelphia Eagles,New York Giants
1995,1995-11-19,12,0,0,OAK,DAL,21,34,OAK,Oakland Raiders,Dallas Cowboys
1995,1995-11-19,12,0,0,TB,JAX,17,16,TB,Tampa Bay Buccaneers,Jacksonville Jaguars
1995,1995-11-19,12,0,0,WSH,SEA,20,27,WSH,Washington Redskins,Seattle Seahawks
1995,1995-11-20,12,0,0,MIA,SF,20,44,MIA,Miami Dolphins,San Francisco 49ers
1995,1995-11-23,13,0,0,DET,MIN,44,38,DET,Detroit Lions,Minnesota Vikings
1995,1995-11-23,13,0,0,DAL,KC,24,12,DAL,Dallas Cowboys,Kansas City Chiefs
1995,1995-11-26,13,0,0,SEA,NYJ,10,16,SEA,Seattle Seahawks,New York Jets
1995,1995-11-26,13,0,0,CLE,PIT,17,20,CLE,Cleveland Browns,Pittsburgh Steelers
1995,1995-11-26,13,0,0,IND,MIA,36,28,IND,Indianapolis Colts,Miami Dolphins
1995,1995-11-26,13,0,0,ARI,ATL,40,37,ARI,Arizona Cardinals,Atlanta Falcons
1995,1995-11-26,13,0,0,BUF,NE,25,35,BUF,Buffalo Bills,New England Patriots
1995,1995-11-26,13,0,0,SF,LAR,41,13,SF,San Francisco 49ers,St. Louis Rams
1995,1995-11-26,13,0,0,WSH,PHI,7,14,WSH,Washington Redskins,Philadelphia Eagles
1995,1995-11-26,13,0,0,NYG,CHI,24,27,NYG,New York Giants,Chicago Bears
1995,1995-11-26,13,0,0,TEN,DEN,42,33,TEN,Houston Oilers,Denver Broncos
1995,1995-11-26,13,0,0,GB,TB,35,13,GB,Green Bay Packers,Tampa Bay Buccaneers
1995,1995-11-26,13,0,0,JAX,CIN,13,17,JAX,Jacksonville Jaguars,Cincinnati Bengals
1995,1995-11-26,13,0,0,NO,CAR,34,26,NO,New Orleans Saints,Carolina Panthers
1995,1995-11-27,13,0,0,LAC,OAK,12,6,LAC,San Diego Chargers,Oakland Raiders
1995,1995-11-30,14,0,0,ARI,NYG,6,10,ARI,Arizona Cardinals,New York Giants
1995,1995-12-03,14,0,0,SF,BUF,27,17,SF,San Francisco 49ers,Buffalo Bills
1995,1995-12-03,14,0,0,SEA,PHI,26,14,SEA,Seattle Seahawks,Philadelphia Eagles
1995,1995-12-03,14,0,0,NYJ,LAR,20,23,NYJ,New York Jets,St. Louis Rams
1995,1995-12-03,14,0,0,CAR,IND,13,10,CAR,Carolina Panthers,Indianapolis Colts
1995,1995-12-03,14,0,0,DAL,WSH,17,24,DAL,Dallas Cowboys,Washington Redskins
1995,1995-12-03,14,0,0,DEN,JAX,31,23,DEN,Denver Broncos,Jacksonville Jaguars
1995,1995-12-03,14,0,0,GB,CIN,24,10,GB,Green Bay Packers,Cincinnati Bengals
1995,1995-12-03,14,0,0,MIA,ATL,21,20,MIA,Miami Dolphins,Atlanta Falcons
1995,1995-12-03,14,0,0,MIN,TB,31,17,MIN,Minnesota Vikings,Tampa Bay Buccaneers
1995,1995-12-03,14,0,0,NE,NO,17,31,NE,New England Patriots,New Orleans Saints
1995,1995-12-03,14,0,0,PIT,TEN,21,7,PIT,Pittsburgh Steelers,Houston Oilers
1995,1995-12-03,14,0,0,LAC,CLE,31,13,LAC,San Diego Chargers,Cleveland Browns
1995,1995-12-03,14,0,0,OAK,KC,23,29,OAK,Oakland Raiders,Kansas City Chiefs
1995,1995-12-04,14,0,0,DET,CHI,27,7,DET,Detroit Lions,Chicago Bears
1995,1995-12-09,15,0,0,MIN,CLE,27,11,MIN,Minnesota Vikings,Cleveland Browns
1995,1995-12-09,15,0,0,LAC,ARI,28,25,LAC,San Diego Chargers,Arizona Cardinals
1995,1995-12-10,15,0,0,CIN,CHI,16,10,CIN,Cincinnati Bengals,Chicago Bears
1995,1995-12-10,15,0,0,NYG,WSH,20,13,NYG,New York Giants,Washington Redskins
1995,1995-12-10,15,0,0,DEN,SEA,27,31,DEN,Denver Broncos,Seattle Seahawks
1995,1995-12-10,15,0,0,TEN,DET,17,24,TEN,Houston Oilers,Detroit Lions
1995,1995-12-10,15,0,0,JAX,IND,31,41,JAX,Jacksonville Jaguars,Indianapolis Colts
1995,1995-12-10,15,0,0,OAK,PIT,10,29,OAK,Oakland Raiders,Pittsburgh Steelers
1995,1995-12-10,15,0,0,NE,NYJ,31,28,NE,New England Patriots,New York Jets
1995,1995-12-10,15,0,0,TB,GB,13,10,TB,Tampa Bay Buccaneers,Green Bay Packers
1995,1995-12-10,15,0,0,LAR,BUF,27,45,LAR,St. Louis Rams,Buffalo Bills
1995,1995-12-10,15,0,0,PHI,DAL,20,17,PHI,Philadelphia Eagles,Dallas Cowboys
1995,1995-12-10,15,0,0,CAR,SF,10,31,CAR,Carolina Panthers,San Francisco 49ers
1995,1995-12-10,15,0,0,ATL,NO,19,14,ATL,Atlanta Falcons,New Orleans Saints
1995,1995-12-11,15,0,0,MIA,KC,13,6,MIA,Miami Dolphins,Kansas City Chiefs
1995,1995-12-16,16,0,0,PIT,NE,41,27,PIT,Pittsburgh Steelers,New England Patriots
1995,1995-12-16,16,0,0,NO,GB,23,34,NO,New Orleans Saints,Green Bay Packers
1995,1995-12-17,16,0,0,DAL,NYG,21,20,DAL,Dallas Cowboys,New York Giants
1995,1995-12-17,16,0,0,LAR,WSH,23,35,LAR,St. Louis Rams,Washington Redskins
1995,1995-12-17,16,0,0,KC,DEN,20,17,KC,Kansas City Chiefs,Denver Broncos
1995,1995-12-17,16,0,0,TEN,NYJ,23,6,TEN,Houston Oilers,New York Jets
1995,1995-12-17,16,0,0,PHI,ARI,21,20,PHI,Philadelphia Eagles,Arizona Cardinals
1995,1995-12-17,16,0,0,SEA,OAK,44,10,SEA,Seattle Seahawks,Oakland Raiders
1995,1995-12-17,16,0,0,BUF,MIA,23,20,BUF,Buffalo Bills,Miami Dolphins
1995,1995-12-17,16,0,0,CAR,ATL,21,17,CAR,Carolina Panthers,Atlanta Falcons
1995,1995-12-17,16,0,0,CHI,TB,31,10,CHI,Chicago Bears,Tampa Bay Buccaneers
1995,1995-12-17,16,0,0,CLE,CIN,26,10,CLE,Cleveland Browns,Cincinnati Bengals
1995,1995-12-17,16,0,0,IND,LAC,24,27,IND,Indianapolis Colts,San Diego Chargers
1995,1995-12-17,16,0,0,DET,JAX,44,0,DET,Detroit Lions,Jacksonville Jaguars
1995,1995-12-18,16,0,0,SF,MIN,37,30,SF,San Francisco 49ers,Minnesota Vikings
1995,1995-12-23,17,0,0,IND,NE,10,7,IND,Indianapolis Colts,New England Patriots
1995,1995-12-23,17,0,0,NYG,LAC,17,27,NYG,New York Giants,San Diego Chargers
1995,1995-12-23,17,0,0,TB,DET,10,37,TB,Tampa Bay Buccaneers,Detroit Lions
1995,1995-12-24,17,0,0,CHI,PHI,20,14,CHI,Chicago Bears,Philadelphia Eagles
1995,1995-12-24,17,0,0,WSH,CAR,20,17,WSH,Washington Redskins,Carolina Panthers
1995,1995-12-24,17,0,0,OAK,DEN,28,31,OAK,Oakland Raiders,Denver Broncos
1995,1995-12-24,17,0,0,NYJ,NO,0,12,NYJ,New York Jets,New Orleans Saints
1995,1995-12-24,17,0,0,KC,SEA,26,3,KC,Kansas City Chiefs,Seattle Seahawks
1995,1995-12-24,17,0,0,JAX,CLE,24,21,JAX,Jacksonville Jaguars,Cleveland Browns
1995,1995-12-24,17,0,0,GB,PIT,24,19,GB,Green Bay Packers,Pittsburgh Steelers
1995,1995-12-24,17,0,0,BUF,TEN,17,28,BUF,Buffalo Bills,Houston Oilers
1995,1995-12-24,17,0,0,ATL,SF,28,27,ATL,Atlanta Falcons,San Francisco 49ers
1995,1995-12-24,17,0,0,LAR,MIA,22,41,LAR,St. Louis Rams,Miami Dolphins
1995,1995-12-24,17,0,0,CIN,MIN,27,24,CIN,Cincinnati Bengals,Minnesota Vikings
1995,1995-12-25,17,0,0,ARI,DAL,13,37,ARI,Arizona Cardinals,Dallas Cowboys
1995,1995-12-30,Wildcard,1,0,BUF,MIA,37,22,BUF,Buffalo Bills,Miami Dolphins
1995,1995-12-30,Wildcard,1,0,PHI,DET,58,37,PHI,Philadelphia Eagles,Detroit Lions
1995,1995-12-31,Wildcard,1,0,GB,ATL,37,20,GB,Green Bay Packers,Atlanta Falcons
1995,1995-12-31,Wildcard,1,0,LAC,IND,20,35,LAC,San Diego Chargers,Indianapolis Colts
1995,1996-01-06,Division,1,0,PIT,BUF,40,21,PIT,Pittsburgh Steelers,Buffalo Bills
1995,1996-01-06,Division,1,0,SF,GB,17,27,SF,San Francisco 49ers,Green Bay Packers
1995,1996-01-07,Division,1,0,KC,IND,7,10,KC,Kansas City Chiefs,Indianapolis Colts
1995,1996-01-07,Division,1,0,DAL,PHI,30,11,DAL,Dallas Cowboys,Philadelphia Eagles
1995,1996-01-14,Conference,1,0,DAL,GB,38,27,DAL,Dallas Cowboys,Green Bay Packers
1995,1996-01-14,Conference,1,0,PIT,IND,20,16,PIT,Pittsburgh Steelers,Indianapolis Colts
1995,1996-01-28,Superbowl,1,1,PIT,DAL,17,27,DAL,Dallas Cowboys,Pittsburgh Steelers
1996,1996-09-01,1,0,0,WSH,PHI,14,17,WSH,Washington Redskins,Philadelphia Eagles
1996,1996-09-01,1,0,0,DEN,NYJ,31,6,DEN,Denver Broncos,New York Jets
1996,1996-09-01,1,0,0,LAC,SEA,29,7,LAC,San Diego Chargers,Seattle Seahawks
1996,1996-09-01,1,0,0,CAR,ATL,29,6,CAR,Carolina Panthers,Atlanta Falcons
1996,1996-09-01,1,0,0,IND,ARI,20,13,IND,Indianapolis Colts,Arizona Cardinals
1996,1996-09-01,1,0,0,JAX,PIT,24,9,JAX,Jacksonville Jaguars,Pittsburgh Steelers
1996,1996-09-01,1,0,0,MIA,NE,24,10,MIA,Miami Dolphins,New England Patriots
1996,1996-09-01,1,0,0,MIN,DET,17,13,MIN,Minnesota Vikings,Detroit Lions
1996,1996-09-01,1,0,0,NYG,BUF,20,23,NYG,New York Giants,Buffalo Bills
1996,1996-09-01,1,0,0,TEN,KC,19,20,TEN,Houston Oilers,Kansas City Chiefs
1996,1996-09-01,1,0,0,BAL,OAK,19,14,BAL,Baltimore Ravens,Oakland Raiders
1996,1996-09-01,1,0,0,LAR,CIN,26,16,LAR,St. Louis Rams,Cincinnati Bengals
1996,1996-09-01,1,0,0,TB,GB,3,34,TB,Tampa Bay Buccaneers,Green Bay Packers
1996,1996-09-01,1,0,0,SF,NO,27,11,SF,San Francisco 49ers,New Orleans Saints
1996,1996-09-02,1,0,0,CHI,DAL,22,6,CHI,Chicago Bears,Dallas Cowboys
1996,1996-09-08,2,0,0,ATL,MIN,17,23,ATL,Atlanta Falcons,Minnesota Vikings
1996,1996-09-08,2,0,0,WSH,CHI,10,3,WSH,Washington Redskins,Chicago Bears
1996,1996-09-08,2,0,0,SEA,DEN,20,30,SEA,Seattle Seahawks,Denver Broncos
1996,1996-09-08,2,0,0,LAC,CIN,27,14,LAC,San Diego Chargers,Cincinnati Bengals
1996,1996-09-08,2,0,0,DAL,NYG,27,0,DAL,Dallas Cowboys,New York Giants
1996,1996-09-08,2,0,0,SF,LAR,34,0,SF,San Francisco 49ers,St. Louis Rams
1996,1996-09-08,2,0,0,BUF,NE,17,10,BUF,Buffalo Bills,New England Patriots
1996,1996-09-08,2,0,0,PIT,BAL,31,17,PIT,Pittsburgh Steelers,Baltimore Ravens
1996,1996-09-08,2,0,0,NYJ,IND,7,21,NYJ,New York Jets,Indianapolis Colts
1996,1996-09-08,2,0,0,NO,CAR,20,22,NO,New Orleans Saints,Carolina Panthers
1996,1996-09-08,2,0,0,KC,OAK,19,3,KC,Kansas City Chiefs,Oakland Raiders
1996,1996-09-08,2,0,0,JAX,TEN,27,34,JAX,Jacksonville Jaguars,Houston Oilers
1996,1996-09-08,2,0,0,DET,TB,21,6,DET,Detroit Lions,Tampa Bay Buccaneers
1996,1996-09-08,2,0,0,ARI,MIA,10,38,ARI,Arizona Cardinals,Miami Dolphins
1996,1996-09-09,2,0,0,GB,PHI,39,13,GB,Green Bay Packers,Philadelphia Eagles
1996,1996-09-15,3,0,0,SEA,KC,17,35,SEA,Seattle Seahawks,Kansas City Chiefs
1996,1996-09-15,3,0,0,GB,LAC,42,10,GB,Green Bay Packers,San Diego Chargers
1996,1996-09-15,3,0,0,OAK,JAX,17,3,OAK,Oakland Raiders,Jacksonville Jaguars
1996,1996-09-15,3,0,0,PHI,DET,24,17,PHI,Philadelphia Eagles,Detroit Lions
1996,1996-09-15,3,0,0,TEN,BAL,29,13,TEN,Houston Oilers,Baltimore Ravens
1996,1996-09-15,3,0,0,NYG,WSH,10,31,NYG,New York Giants,Washington Redskins
1996,1996-09-15,3,0,0,NE,ARI,31,0,NE,New England Patriots,Arizona Cardinals
1996,1996-09-15,3,0,0,MIA,NYJ,36,27,MIA,Miami Dolphins,New York Jets
1996,1996-09-15,3,0,0,DEN,TB,27,23,DEN,Denver Broncos,Tampa Bay Buccaneers
1996,1996-09-15,3,0,0,DAL,IND,24,25,DAL,Dallas Cowboys,Indianapolis Colts
1996,1996-09-15,3,0,0,CIN,NO,30,15,CIN,Cincinnati Bengals,New Orleans Saints
1996,1996-09-15,3,0,0,CHI,MIN,14,20,CHI,Chicago Bears,Minnesota Vikings
1996,1996-09-16,3,0,0,PIT,BUF,24,6,PIT,Pittsburgh Steelers,Buffalo Bills
1996,1996-09-22,4,0,0,CAR,SF,23,7,CAR,Carolina Panthers,San Francisco 49ers
1996,1996-09-22,4,0,0,ATL,PHI,18,33,ATL,Atlanta Falcons,Philadelphia Eagles
1996,1996-09-22,4,0,0,TB,SEA,13,17,TB,Tampa Bay Buccaneers,Seattle Seahawks
1996,1996-09-22,4,0,0,KC,DEN,17,14,KC,Kansas City Chiefs,Denver Broncos
1996,1996-09-22,4,0,0,DET,CHI,35,16,DET,Detroit Lions,Chicago Bears
1996,1996-09-22,4,0,0,LAR,WSH,10,17,LAR,St. Louis Rams,Washington Redskins
1996,1996-09-22,4,0,0,BUF,DAL,10,7,BUF,Buffalo Bills,Dallas Cowboys
1996,1996-09-22,4,0,0,OAK,LAC,34,40,OAK,Oakland Raiders,San Diego Chargers
1996,1996-09-22,4,0,0,NYJ,NYG,6,13,NYJ,New York Jets,New York Giants
1996,1996-09-22,4,0,0,NE,JAX,28,25,NE,New England Patriots,Jacksonville Jaguars
1996,1996-09-22,4,0,0,NO,ARI,14,28,NO,New Orleans Saints,Arizona Cardinals
1996,1996-09-22,4,0,0,MIN,GB,30,21,MIN,Minnesota Vikings,Green Bay Packers
1996,1996-09-23,4,0,0,IND,MIA,10,6,IND,Indianapolis Colts,Miami Dolphins
1996,1996-09-29,5,0,0,ARI,LAR,31,28,ARI,Arizona Cardinals,St. Louis Rams
1996,1996-09-29,5,0,0,JAX,CAR,24,14,JAX,Jacksonville Jaguars,Carolina Panthers
1996,1996-09-29,5,0,0,WSH,NYJ,31,16,WSH,Washington Redskins,New York Jets
1996,1996-09-29,5,0,0,TB,DET,0,27,TB,Tampa Bay Buccaneers,Detroit Lions
1996,1996-09-29,5,0,0,SF,ATL,39,17,SF,San Francisco 49ers,Atlanta Falcons
1996,1996-09-29,5,0,0,SEA,GB,10,31,SEA,Seattle Seahawks,Green Bay Packers
1996,1996-09-29,5,0,0,BAL,NO,17,10,BAL,Baltimore Ravens,New Orleans Saints
1996,1996-09-29,5,0,0,PIT,TEN,30,16,PIT,Pittsburgh Steelers,Houston Oilers
1996,1996-09-29,5,0,0,NYG,MIN,15,10,NYG,New York Giants,Minnesota Vikings
1996,1996-09-29,5,0,0,CIN,DEN,10,14,CIN,Cincinnati Bengals,Denver Broncos
1996,1996-09-29,5,0,0,CHI,OAK,19,17,CHI,Chicago Bears,Oakland Raiders
1996,1996-09-29,5,0,0,LAC,KC,22,19,LAC,San Diego Chargers,Kansas City Chiefs
1996,1996-09-30,5,0,0,PHI,DAL,19,23,PHI,Philadelphia Eagles,Dallas Cowboys
1996,1996-10-06,6,0,0,BAL,NE,38,46,BAL,Baltimore Ravens,New England Patriots
1996,1996-10-06,6,0,0,DEN,LAC,28,17,DEN,Denver Broncos,San Diego Chargers
1996,1996-10-06,6,0,0,LAR,SF,11,28,LAR,St. Louis Rams,San Francisco 49ers
1996,1996-10-06,6,0,0,CHI,GB,6,37,CHI,Chicago Bears,Green Bay Packers
1996,1996-10-06,6,0,0,CIN,TEN,27,30,CIN,Cincinnati Bengals,Houston Oilers
1996,1996-10-06,6,0,0,DET,ATL,28,24,DET,Detroit Lions,Atlanta Falcons
1996,1996-10-06,6,0,0,BUF,IND,16,13,BUF,Buffalo Bills,Indianapolis Colts
1996,1996-10-06,6,0,0,NYJ,OAK,13,34,NYJ,New York Jets,Oakland Raiders
1996,1996-10-06,6,0,0,NO,JAX,17,13,NO,New Orleans Saints,Jacksonville Jaguars
1996,1996-10-06,6,0,0,MIN,CAR,14,12,MIN,Minnesota Vikings,Carolina Panthers
1996,1996-10-06,6,0,0,MIA,SEA,15,22,MIA,Miami Dolphins,Seattle Seahawks
1996,1996-10-07,6,0,0,KC,PIT,7,17,KC,Kansas City Chiefs,Pittsburgh Steelers
1996,1996-10-13,7,0,0,JAX,NYJ,21,17,JAX,Jacksonville Jaguars,New York Jets
1996,1996-10-13,7,0,0,CAR,LAR,45,13,CAR,Carolina Panthers,St. Louis Rams
1996,1996-10-13,7,0,0,ATL,TEN,13,23,ATL,Atlanta Falcons,Houston Oilers
1996,1996-10-13,7,0,0,BUF,MIA,7,21,BUF,Buffalo Bills,Miami Dolphins
1996,1996-10-13,7,0,0,IND,BAL,26,21,IND,Indianapolis Colts,Baltimore Ravens
1996,1996-10-13,7,0,0,DAL,ARI,17,3,DAL,Dallas Cowboys,Arizona Cardinals
1996,1996-10-13,7,0,0,NO,CHI,27,24,NO,New Orleans Saints,Chicago Bears
1996,1996-10-13,7,0,0,NE,WSH,22,27,NE,New England Patriots,Washington Redskins
1996,1996-10-13,7,0,0,NYG,PHI,10,19,NYG,New York Giants,Philadelphia Eagles
1996,1996-10-13,7,0,0,PIT,CIN,20,10,PIT,Pittsburgh Steelers,Cincinnati Bengals
1996,1996-10-13,7,0,0,OAK,DET,37,21,OAK,Oakland Raiders,Detroit Lions
1996,1996-10-13,7,0,0,TB,MIN,24,13,TB,Tampa Bay Buccaneers,Minnesota Vikings
1996,1996-10-14,7,0,0,GB,SF,23,20,GB,Green Bay Packers,San Francisco 49ers
1996,1996-10-17,8,0,0,KC,SEA,34,16,KC,Kansas City Chiefs,Seattle Seahawks
1996,1996-10-20,8,0,0,TEN,PIT,23,13,TEN,Houston Oilers,Pittsburgh Steelers
1996,1996-10-20,8,0,0,WSH,NYG,31,21,WSH,Washington Redskins,New York Giants
1996,1996-10-20,8,0,0,ARI,TB,13,9,ARI,Arizona Cardinals,Tampa Bay Buccaneers
1996,1996-10-20,8,0,0,SF,CIN,28,21,SF,San Francisco 49ers,Cincinnati Bengals
1996,1996-10-20,8,0,0,PHI,MIA,35,28,PHI,Philadelphia Eagles,Miami Dolphins
1996,1996-10-20,8,0,0,DAL,ATL,32,28,DAL,Dallas Cowboys,Atlanta Falcons
1996,1996-10-20,8,0,0,DEN,BAL,45,34,DEN,Denver Broncos,Baltimore Ravens
1996,1996-10-20,8,0,0,CAR,NO,19,7,CAR,Carolina Panthers,New Orleans Saints
1996,1996-10-20,8,0,0,LAR,JAX,17,14,LAR,St. Louis Rams,Jacksonville Jaguars
1996,1996-10-20,8,0,0,IND,NE,9,27,IND,Indianapolis Colts,New England Patriots
1996,1996-10-20,8,0,0,NYJ,BUF,22,25,NYJ,New York Jets,Buffalo Bills
1996,1996-10-21,8,0,0,LAC,OAK,14,23,LAC,San Diego Chargers,Oakland Raiders
1996,1996-10-27,9,0,0,ARI,NYJ,21,31,ARI,Arizona Cardinals,New York Jets
1996,1996-10-27,9,0,0,ATL,PIT,17,20,ATL,Atlanta Falcons,Pittsburgh Steelers
1996,1996-10-27,9,0,0,BAL,LAR,37,31,BAL,Baltimore Ravens,St. Louis Rams
1996,1996-10-27,9,0,0,WSH,IND,31,16,WSH,Washington Redskins,Indianapolis Colts
1996,1996-10-27,9,0,0,PHI,CAR,20,9,PHI,Philadelphia Eagles,Carolina Panthers
1996,1996-10-27,9,0,0,TEN,SF,9,10,TEN,Houston Oilers,San Francisco 49ers
1996,1996-10-27,9,0,0,SEA,LAC,32,13,SEA,Seattle Seahawks,San Diego Chargers
1996,1996-10-27,9,0,0,NE,BUF,28,25,NE,New England Patriots,Buffalo Bills
1996,1996-10-27,9,0,0,MIA,DAL,10,29,MIA,Miami Dolphins,Dallas Cowboys
1996,1996-10-27,9,0,0,GB,TB,13,7,GB,Green Bay Packers,Tampa Bay Buccaneers
1996,1996-10-27,9,0,0,DET,NYG,7,35,DET,Detroit Lions,New York Giants
1996,1996-10-27,9,0,0,DEN,KC,34,7,DEN,Denver Broncos,Kansas City Chiefs
1996,1996-10-27,9,0,0,CIN,JAX,28,21,CIN,Cincinnati Bengals,Jacksonville Jaguars
1996,1996-10-28,9,0,0,MIN,CHI,13,15,MIN,Minnesota Vikings,Chicago Bears
1996,1996-11-03,10,0,0,MIN,KC,6,21,MIN,Minnesota Vikings,Kansas City Chiefs
1996,1996-11-03,10,0,0,PIT,LAR,42,6,PIT,Pittsburgh Steelers,St. Louis Rams
1996,1996-11-03,10,0,0,DAL,PHI,21,31,DAL,Dallas Cowboys,Philadelphia Eagles
1996,1996-11-03,10,0,0,IND,LAC,19,26,IND,Indianapolis Colts,San Diego Chargers
1996,1996-11-03,10,0,0,SEA,TEN,23,16,SEA,Seattle Seahawks,Houston Oilers
1996,1996-11-03,10,0,0,BAL,CIN,21,24,BAL,Baltimore Ravens,Cincinnati Bengals
1996,1996-11-03,10,0,0,NYG,ARI,16,8,NYG,New York Giants,Arizona Cardinals
1996,1996-11-03,10,0,0,NE,MIA,42,23,NE,New England Patriots,Miami Dolphins
1996,1996-11-03,10,0,0,NO,SF,17,24,NO,New Orleans Saints,San Francisco 49ers
1996,1996-11-03,10,0,0,GB,DET,28,18,GB,Green Bay Packers,Detroit Lions
1996,1996-11-03,10,0,0,CHI,TB,13,10,CHI,Chicago Bears,Tampa Bay Buccaneers
1996,1996-11-03,10,0,0,BUF,WSH,38,13,BUF,Buffalo Bills,Washington Redskins
1996,1996-11-03,10,0,0,ATL,CAR,20,17,ATL,Atlanta Falcons,Carolina Panthers
1996,1996-11-04,10,0,0,OAK,DEN,21,22,OAK,Oakland Raiders,Denver Broncos
1996,1996-11-10,11,0,0,WSH,ARI,34,37,WSH,Washington Redskins,Arizona Cardinals
1996,1996-11-10,11,0,0,TB,OAK,20,17,TB,Tampa Bay Buccaneers,Oakland Raiders
1996,1996-11-10,11,0,0,SF,DAL,17,20,SF,San Francisco 49ers,Dallas Cowboys
1996,1996-11-10,11,0,0,SEA,MIN,42,23,SEA,Seattle Seahawks,Minnesota Vikings
1996,1996-11-10,11,0,0,NYJ,NE,27,31,NYJ,New York Jets,New England Patriots
1996,1996-11-10,11,0,0,NO,TEN,14,31,NO,New Orleans Saints,Houston Oilers
1996,1996-11-10,11,0,0,MIA,IND,37,13,MIA,Miami Dolphins,Indianapolis Colts
1996,1996-11-10,11,0,0,KC,GB,27,20,KC,Kansas City Chiefs,Green Bay Packers
1996,1996-11-10,11,0,0,JAX,BAL,30,27,JAX,Jacksonville Jaguars,Baltimore Ravens
1996,1996-11-10,11,0,0,DEN,CHI,17,12,DEN,Denver Broncos,Chicago Bears
1996,1996-11-10,11,0,0,CIN,PIT,34,24,CIN,Cincinnati Bengals,Pittsburgh Steelers
1996,1996-11-10,11,0,0,CAR,NYG,27,17,CAR,Carolina Panthers,New York Giants
1996,1996-11-10,11,0,0,PHI,BUF,17,24,PHI,Philadelphia Eagles,Buffalo Bills
1996,1996-11-10,11,0,0,LAR,ATL,59,16,LAR,St. Louis Rams,Atlanta Falcons
1996,1996-11-11,11,0,0,LAC,DET,27,21,LAC,San Diego Chargers,Detroit Lions
1996,1996-11-17,12,0,0,OAK,MIN,13,16,OAK,Oakland Raiders,Minnesota Vikings
1996,1996-11-17,12,0,0,LAR,CAR,10,20,LAR,St. Louis Rams,Carolina Panthers
1996,1996-11-17,12,0,0,SF,BAL,38,20,SF,San Francisco 49ers,Baltimore Ravens
1996,1996-11-17,12,0,0,PIT,JAX,28,3,PIT,Pittsburgh Steelers,Jacksonville Jaguars
1996,1996-11-17,12,0,0,PHI,WSH,21,26,PHI,Philadelphia Eagles,Washington Redskins
1996,1996-11-17,12,0,0,TEN,MIA,20,23,TEN,Houston Oilers,Miami Dolphins
1996,1996-11-17,12,0,0,NE,DEN,8,34,NE,New England Patriots,Denver Broncos
1996,1996-11-17,12,0,0,KC,CHI,14,10,KC,Kansas City Chiefs,Chicago Bears
1996,1996-11-17,12,0,0,DET,SEA,17,16,DET,Detroit Lions,Seattle Seahawks
1996,1996-11-17,12,0,0,ARI,NYG,31,23,ARI,Arizona Cardinals,New York Giants
1996,1996-11-17,12,0,0,IND,NYJ,34,29,IND,Indianapolis Colts,New York Jets
1996,1996-11-17,12,0,0,BUF,CIN,31,17,BUF,Buffalo Bills,Cincinnati Bengals
1996,1996-11-17,12,0,0,ATL,NO,17,15,ATL,Atlanta Falcons,New Orleans Saints
1996,1996-11-17,12,0,0,LAC,TB,17,25,LAC,San Diego Chargers,Tampa Bay Buccaneers
1996,1996-11-18,12,0,0,DAL,GB,21,6,DAL,Dallas Cowboys,Green Bay Packers
1996,1996-11-24,13,0,0,SEA,OAK,21,27,SEA,Seattle Seahawks,Oakland Raiders
1996,1996-11-24,13,0,0,LAR,GB,9,24,LAR,St. Louis Rams,Green Bay Packers
1996,1996-11-24,13,0,0,WSH,SF,16,19,WSH,Washington Redskins,San Francisco 49ers
1996,1996-11-24,13,0,0,TB,NO,13,7,TB,Tampa Bay Buccaneers,New Orleans Saints
1996,1996-11-24,13,0,0,BAL,JAX,25,28,BAL,Baltimore Ravens,Jacksonville Jaguars
1996,1996-11-24,13,0,0,TEN,CAR,6,31,TEN,Houston Oilers,Carolina Panthers
1996,1996-11-24,13,0,0,NYG,DAL,20,6,NYG,New York Giants,Dallas Cowboys
1996,1996-11-24,13,0,0,NE,IND,27,13,NE,New England Patriots,Indianapolis Colts
1996,1996-11-24,13,0,0,MIN,DEN,17,21,MIN,Minnesota Vikings,Denver Broncos
1996,1996-11-24,13,0,0,ARI,PHI,36,30,ARI,Arizona Cardinals,Philadelphia Eagles
1996,1996-11-24,13,0,0,CIN,ATL,41,31,CIN,Cincinnati Bengals,Atlanta Falcons
1996,1996-11-24,13,0,0,CHI,DET,31,14,CHI,Chicago Bears,Detroit Lions
1996,1996-11-24,13,0,0,BUF,NYJ,35,10,BUF,Buffalo Bills,New York Jets
1996,1996-11-24,13,0,0,KC,LAC,14,28,KC,Kansas City Chiefs,San Diego Chargers
1996,1996-11-25,13,0,0,MIA,PIT,17,24,MIA,Miami Dolphins,Pittsburgh Steelers
1996,1996-11-28,14,0,0,DAL,WSH,21,10,DAL,Dallas Cowboys,Washington Redskins
1996,1996-11-28,14,0,0,DET,KC,24,28,DET,Detroit Lions,Kansas City Chiefs
1996,1996-12-01,14,0,0,PHI,NYG,24,0,PHI,Philadelphia Eagles,New York Giants
1996,1996-12-01,14,0,0,NYJ,TEN,10,35,NYJ,New York Jets,Houston Oilers
1996,1996-12-01,14,0,0,MIN,ARI,41,17,MIN,Minnesota Vikings,Arizona Cardinals
1996,1996-12-01,14,0,0,JAX,CIN,30,27,JAX,Jacksonville Jaguars,Cincinnati Bengals
1996,1996-12-01,14,0,0,GB,CHI,28,17,GB,Green Bay Packers,Chicago Bears
1996,1996-12-01,14,0,0,DEN,SEA,34,7,DEN,Denver Broncos,Seattle Seahawks
1996,1996-12-01,14,0,0,IND,BUF,13,10,IND,Indianapolis Colts,Buffalo Bills
1996,1996-12-01,14,0,0,CAR,TB,24,0,CAR,Carolina Panthers,Tampa Bay Buccaneers
1996,1996-12-01,14,0,0,BAL,PIT,31,17,BAL,Baltimore Ravens,Pittsburgh Steelers
1996,1996-12-01,14,0,0,LAC,NE,7,45,LAC,San Diego Chargers,New England Patriots
1996,1996-12-01,14,0,0,NO,LAR,10,26,NO,New Orleans Saints,St. Louis Rams
1996,1996-12-01,14,0,0,OAK,MIA,17,7,OAK,Oakland Raiders,Miami Dolphins
1996,1996-12-02,14,0,0,ATL,SF,10,34,ATL,Atlanta Falcons,San Francisco 49ers
1996,1996-12-05,15,0,0,IND,PHI,37,10,IND,Indianapolis Colts,Philadelphia Eagles
1996,1996-12-08,15,0,0,TEN,JAX,17,23,TEN,Houston Oilers,Jacksonville Jaguars
1996,1996-12-08,15,0,0,NE,NYJ,34,10,NE,New England Patriots,New York Jets
1996,1996-12-08,15,0,0,NO,ATL,15,31,NO,New Orleans Saints,Atlanta Falcons
1996,1996-12-08,15,0,0,MIA,NYG,7,17,MIA,Miami Dolphins,New York Giants
1996,1996-12-08,15,0,0,GB,DEN,41,6,GB,Green Bay Packers,Denver Broncos
1996,1996-12-08,15,0,0,DET,MIN,22,24,DET,Detroit Lions,Minnesota Vikings
1996,1996-12-08,15,0,0,CHI,LAR,35,9,CHI,Chicago Bears,St. Louis Rams
1996,1996-12-08,15,0,0,CIN,BAL,21,14,CIN,Cincinnati Bengals,Baltimore Ravens
1996,1996-12-08,15,0,0,SEA,BUF,26,18,SEA,Seattle Seahawks,Buffalo Bills
1996,1996-12-08,15,0,0,TB,WSH,24,10,TB,Tampa Bay Buccaneers,Washington Redskins
1996,1996-12-08,15,0,0,SF,CAR,24,30,SF,San Francisco 49ers,Carolina Panthers
1996,1996-12-08,15,0,0,PIT,LAC,16,3,PIT,Pittsburgh Steelers,San Diego Chargers
1996,1996-12-08,15,0,0,ARI,DAL,6,10,ARI,Arizona Cardinals,Dallas Cowboys
1996,1996-12-09,15,0,0,OAK,KC,26,7,OAK,Oakland Raiders,Kansas City Chiefs
1996,1996-12-14,16,0,0,NYJ,PHI,20,21,NYJ,New York Jets,Philadelphia Eagles
1996,1996-12-14,16,0,0,CHI,LAC,27,14,CHI,Chicago Bears,San Diego Chargers
1996,1996-12-15,16,0,0,DEN,OAK,24,19,DEN,Denver Broncos,Oakland Raiders
1996,1996-12-15,16,0,0,JAX,SEA,20,13,JAX,Jacksonville Jaguars,Seattle Seahawks
1996,1996-12-15,16,0,0,PIT,SF,15,25,PIT,Pittsburgh Steelers,San Francisco 49ers
1996,1996-12-15,16,0,0,TEN,CIN,13,21,TEN,Houston Oilers,Cincinnati Bengals
1996,1996-12-15,16,0,0,NYG,NO,3,17,NYG,New York Giants,New Orleans Saints
1996,1996-12-15,16,0,0,MIN,TB,21,10,MIN,Minnesota Vikings,Tampa Bay Buccaneers
1996,1996-12-15,16,0,0,KC,IND,19,24,KC,Kansas City Chiefs,Indianapolis Colts
1996,1996-12-15,16,0,0,DET,GB,3,31,DET,Detroit Lions,Green Bay Packers
1996,1996-12-15,16,0,0,DAL,NE,12,6,DAL,Dallas Cowboys,New England Patriots
1996,1996-12-15,16,0,0,ARI,WSH,27,26,ARI,Arizona Cardinals,Washington Redskins
1996,1996-12-15,16,0,0,CAR,BAL,27,16,CAR,Carolina Panthers,Baltimore Ravens
1996,1996-12-15,16,0,0,ATL,LAR,27,34,ATL,Atlanta Falcons,St. Louis Rams
1996,1996-12-16,16,0,0,MIA,BUF,16,14,MIA,Miami Dolphins,Buffalo Bills
1996,1996-12-21,17,0,0,NYG,NE,22,23,NYG,New York Giants,New England Patriots
1996,1996-12-21,17,0,0,LAR,NO,14,13,LAR,St. Louis Rams,New Orleans Saints
1996,1996-12-22,17,0,0,WSH,DAL,37,10,WSH,Washington Redskins,Dallas Cowboys
1996,1996-12-22,17,0,0,GB,MIN,38,10,GB,Green Bay Packers,Minnesota Vikings
1996,1996-12-22,17,0,0,TB,CHI,34,19,TB,Tampa Bay Buccaneers,Chicago Bears
1996,1996-12-22,17,0,0,OAK,SEA,21,28,OAK,Oakland Raiders,Seattle Seahawks
1996,1996-12-22,17,0,0,PHI,ARI,29,19,PHI,Philadelphia Eagles,Arizona Cardinals
1996,1996-12-22,17,0,0,NYJ,MIA,28,31,NYJ,New York Jets,Miami Dolphins
1996,1996-12-22,17,0,0,JAX,ATL,19,17,JAX,Jacksonville Jaguars,Atlanta Falcons
1996,1996-12-22,17,0,0,BUF,KC,20,9,BUF,Buffalo Bills,Kansas City Chiefs
1996,1996-12-22,17,0,0,CIN,IND,31,24,CIN,Cincinnati Bengals,Indianapolis Colts
1996,1996-12-22,17,0,0,LAC,DEN,16,10,LAC,San Diego Chargers,Denver Broncos
1996,1996-12-22,17,0,0,BAL,TEN,21,24,BAL,Baltimore Ravens,Houston Oilers
1996,1996-12-22,17,0,0,CAR,PIT,18,14,CAR,Carolina Panthers,Pittsburgh Steelers
1996,1996-12-23,17,0,0,SF,DET,24,14,SF,San Francisco 49ers,Detroit Lions
1996,1996-12-28,Wildcard,1,0,BUF,JAX,27,30,BUF,Buffalo Bills,Jacksonville Jaguars
1996,1996-12-28,Wildcard,1,0,DAL,MIN,40,15,DAL,Dallas Cowboys,Minnesota Vikings
1996,1996-12-29,Wildcard,1,0,SF,PHI,14,0,SF,San Francisco 49ers,Philadelphia Eagles
1996,1996-12-29,Wildcard,1,0,PIT,IND,42,14,PIT,Pittsburgh Steelers,Indianapolis Colts
1996,1997-01-04,Division,1,0,DEN,JAX,27,30,DEN,Denver Broncos,Jacksonville Jaguars
1996,1997-01-04,Division,1,0,GB,SF,35,14,GB,Green Bay Packers,San Francisco 49ers
1996,1997-01-05,Division,1,0,NE,PIT,28,3,NE,New England Patriots,Pittsburgh Steelers
1996,1997-01-05,Division,1,0,CAR,DAL,26,17,CAR,Carolina Panthers,Dallas Cowboys
1996,1997-01-12,Conference,1,0,GB,CAR,30,13,GB,Green Bay Packers,Carolina Panthers
1996,1997-01-12,Conference,1,0,NE,JAX,20,6,NE,New England Patriots,Jacksonville Jaguars
1996,1997-01-26,Superbowl,1,1,NE,GB,21,35,GB,Green Bay Packers,New England Patriots
1997,1997-08-31,1,0,0,DET,ATL,28,17,DET,Detroit Lions,Atlanta Falcons
1997,1997-08-31,1,0,0,LAR,NO,38,24,LAR,St. Louis Rams,New Orleans Saints
1997,1997-08-31,1,0,0,TB,SF,13,6,TB,Tampa Bay Buccaneers,San Francisco 49ers
1997,1997-08-31,1,0,0,PIT,DAL,7,37,PIT,Pittsburgh Steelers,Dallas Cowboys
1997,1997-08-31,1,0,0,TEN,OAK,24,21,TEN,Tennessee Oilers,Oakland Raiders
1997,1997-08-31,1,0,0,SEA,NYJ,3,41,SEA,Seattle Seahawks,New York Jets
1997,1997-08-31,1,0,0,NYG,PHI,31,17,NYG,New York Giants,Philadelphia Eagles
1997,1997-08-31,1,0,0,MIA,IND,16,10,MIA,Miami Dolphins,Indianapolis Colts
1997,1997-08-31,1,0,0,BAL,JAX,27,28,BAL,Baltimore Ravens,Jacksonville Jaguars
1997,1997-08-31,1,0,0,CIN,ARI,24,21,CIN,Cincinnati Bengals,Arizona Cardinals
1997,1997-08-31,1,0,0,CAR,WSH,10,24,CAR,Carolina Panthers,Washington Redskins
1997,1997-08-31,1,0,0,BUF,MIN,13,34,BUF,Buffalo Bills,Minnesota Vikings
1997,1997-08-31,1,0,0,DEN,KC,19,3,DEN,Denver Broncos,Kansas City Chiefs
1997,1997-08-31,1,0,0,NE,LAC,41,7,NE,New England Patriots,San Diego Chargers
1997,1997-09-01,1,0,0,GB,CHI,38,24,GB,Green Bay Packers,Chicago Bears
1997,1997-09-07,2,0,0,NYJ,BUF,22,28,NYJ,New York Jets,Buffalo Bills
1997,1997-09-07,2,0,0,JAX,NYG,40,13,JAX,Jacksonville Jaguars,New York Giants
1997,1997-09-07,2,0,0,DET,TB,17,24,DET,Detroit Lions,Tampa Bay Buccaneers
1997,1997-09-07,2,0,0,ARI,DAL,25,22,ARI,Arizona Cardinals,Dallas Cowboys
1997,1997-09-07,2,0,0,IND,NE,6,31,IND,Indianapolis Colts,New England Patriots
1997,1997-09-07,2,0,0,CHI,MIN,24,27,CHI,Chicago Bears,Minnesota Vikings
1997,1997-09-07,2,0,0,MIA,TEN,16,13,MIA,Miami Dolphins,Tennessee Oilers
1997,1997-09-07,2,0,0,BAL,CIN,23,10,BAL,Baltimore Ravens,Cincinnati Bengals
1997,1997-09-07,2,0,0,PHI,GB,10,9,PHI,Philadelphia Eagles,Green Bay Packers
1997,1997-09-07,2,0,0,SEA,DEN,14,35,SEA,Seattle Seahawks,Denver Broncos
1997,1997-09-07,2,0,0,PIT,WSH,14,13,PIT,Pittsburgh Steelers,Washington Redskins
1997,1997-09-07,2,0,0,ATL,CAR,6,9,ATL,Atlanta Falcons,Carolina Panthers
1997,1997-09-07,2,0,0,LAR,SF,12,15,LAR,St. Louis Rams,San Francisco 49ers
1997,1997-09-07,2,0,0,NO,LAC,6,20,NO,New Orleans Saints,San Diego Chargers
1997,1997-09-08,2,0,0,OAK,KC,27,28,OAK,Oakland Raiders,Kansas City Chiefs
1997,1997-09-14,3,0,0,NE,NYJ,27,24,NE,New England Patriots,New York Jets
1997,1997-09-14,3,0,0,CHI,DET,7,32,CHI,Chicago Bears,Detroit Lions
1997,1997-09-14,3,0,0,ATL,OAK,31,36,ATL,Atlanta Falcons,Oakland Raiders
1997,1997-09-14,3,0,0,IND,SEA,3,31,IND,Indianapolis Colts,Seattle Seahawks
1997,1997-09-14,3,0,0,GB,MIA,23,18,GB,Green Bay Packers,Miami Dolphins
1997,1997-09-14,3,0,0,KC,BUF,22,16,KC,Kansas City Chiefs,Buffalo Bills
1997,1997-09-14,3,0,0,LAC,CAR,7,26,LAC,San Diego Chargers,Carolina Panthers
1997,1997-09-14,3,0,0,DEN,LAR,35,14,DEN,Denver Broncos,St. Louis Rams
1997,1997-09-14,3,0,0,WSH,ARI,19,13,WSH,Washington Redskins,Arizona Cardinals
1997,1997-09-14,3,0,0,SF,NO,33,7,SF,San Francisco 49ers,New Orleans Saints
1997,1997-09-14,3,0,0,NYG,BAL,23,24,NYG,New York Giants,Baltimore Ravens
1997,1997-09-14,3,0,0,MIN,TB,14,28,MIN,Minnesota Vikings,Tampa Bay Buccaneers
1997,1997-09-15,3,0,0,DAL,PHI,21,20,DAL,Dallas Cowboys,Philadelphia Eagles
1997,1997-09-21,4,0,0,TB,MIA,31,21,TB,Tampa Bay Buccaneers,Miami Dolphins
1997,1997-09-21,4,0,0,SF,ATL,34,7,SF,San Francisco 49ers,Atlanta Falcons
1997,1997-09-21,4,0,0,TEN,BAL,10,36,TEN,Tennessee Oilers,Baltimore Ravens
1997,1997-09-21,4,0,0,GB,MIN,38,32,GB,Green Bay Packers,Minnesota Vikings
1997,1997-09-21,4,0,0,NO,DET,35,17,NO,New Orleans Saints,Detroit Lions
1997,1997-09-21,4,0,0,NYJ,OAK,23,22,NYJ,New York Jets,Oakland Raiders
1997,1997-09-21,4,0,0,LAR,NYG,13,3,LAR,St. Louis Rams,New York Giants
1997,1997-09-21,4,0,0,SEA,LAC,26,22,SEA,Seattle Seahawks,San Diego Chargers
1997,1997-09-21,4,0,0,NE,CHI,31,3,NE,New England Patriots,Chicago Bears
1997,1997-09-21,4,0,0,CAR,KC,14,35,CAR,Carolina Panthers,Kansas City Chiefs
1997,1997-09-21,4,0,0,BUF,IND,37,35,BUF,Buffalo Bills,Indianapolis Colts
1997,1997-09-21,4,0,0,DEN,CIN,38,20,DEN,Denver Broncos,Cincinnati Bengals
1997,1997-09-22,4,0,0,JAX,PIT,30,21,JAX,Jacksonville Jaguars,Pittsburgh Steelers
1997,1997-09-28,5,0,0,OAK,LAR,35,17,OAK,Oakland Raiders,St. Louis Rams
1997,1997-09-28,5,0,0,WSH,JAX,24,12,WSH,Washington Redskins,Jacksonville Jaguars
1997,1997-09-28,5,0,0,TB,ARI,19,18,TB,Tampa Bay Buccaneers,Arizona Cardinals
1997,1997-09-28,5,0,0,PIT,TEN,37,24,PIT,Pittsburgh Steelers,Tennessee Oilers
1997,1997-09-28,5,0,0,NYG,NO,14,9,NYG,New York Giants,New Orleans Saints
1997,1997-09-28,5,0,0,MIN,PHI,28,19,MIN,Minnesota Vikings,Philadelphia Eagles
1997,1997-09-28,5,0,0,KC,SEA,20,17,KC,Kansas City Chiefs,Seattle Seahawks
1997,1997-09-28,5,0,0,DET,GB,26,15,DET,Detroit Lions,Green Bay Packers
1997,1997-09-28,5,0,0,DAL,CHI,27,3,DAL,Dallas Cowboys,Chicago Bears
1997,1997-09-28,5,0,0,CIN,NYJ,14,31,CIN,Cincinnati Bengals,New York Jets
1997,1997-09-28,5,0,0,ATL,DEN,21,29,ATL,Atlanta Falcons,Denver Broncos
1997,1997-09-28,5,0,0,LAC,BAL,21,17,LAC,San Diego Chargers,Baltimore Ravens
1997,1997-09-29,5,0,0,CAR,SF,21,34,CAR,Carolina Panthers,San Francisco 49ers
1997,1997-10-05,6,0,0,CHI,NO,17,20,CHI,Chicago Bears,New Orleans Saints
1997,1997-10-05,6,0,0,IND,NYJ,12,16,IND,Indianapolis Colts,New York Jets
1997,1997-10-05,6,0,0,OAK,LAC,10,25,OAK,Oakland Raiders,San Diego Chargers
1997,1997-10-05,6,0,0,ARI,MIN,19,20,ARI,Arizona Cardinals,Minnesota Vikings
1997,1997-10-05,6,0,0,GB,TB,21,16,GB,Green Bay Packers,Tampa Bay Buccaneers
1997,1997-10-05,6,0,0,JAX,CIN,21,13,JAX,Jacksonville Jaguars,Cincinnati Bengals
1997,1997-10-05,6,0,0,MIA,KC,17,14,MIA,Miami Dolphins,Kansas City Chiefs
1997,1997-10-05,6,0,0,NYG,DAL,20,17,NYG,New York Giants,Dallas Cowboys
1997,1997-10-05,6,0,0,PHI,WSH,24,10,PHI,Philadelphia Eagles,Washington Redskins
1997,1997-10-05,6,0,0,BAL,PIT,34,42,BAL,Baltimore Ravens,Pittsburgh Steelers
1997,1997-10-05,6,0,0,SEA,TEN,16,13,SEA,Seattle Seahawks,Tennessee Oilers
1997,1997-10-05,6,0,0,BUF,DET,22,13,BUF,Buffalo Bills,Detroit Lions
1997,1997-10-06,6,0,0,DEN,NE,34,13,DEN,Denver Broncos,New England Patriots
1997,1997-10-12,7,0,0,SF,LAR,30,10,SF,San Francisco 49ers,St. Louis Rams
1997,1997-10-12,7,0,0,TB,DET,9,27,TB,Tampa Bay Buccaneers,Detroit Lions
1997,1997-10-12,7,0,0,PIT,IND,24,22,PIT,Pittsburgh Steelers,Indianapolis Colts
1997,1997-10-12,7,0,0,TEN,CIN,30,7,TEN,Tennessee Oilers,Cincinnati Bengals
1997,1997-10-12,7,0,0,NYJ,MIA,20,31,NYJ,New York Jets,Miami Dolphins
1997,1997-10-12,7,0,0,NE,BUF,33,6,NE,New England Patriots,Buffalo Bills
1997,1997-10-12,7,0,0,NO,ATL,17,23,NO,New Orleans Saints,Atlanta Falcons
1997,1997-10-12,7,0,0,MIN,CAR,21,14,MIN,Minnesota Vikings,Carolina Panthers
1997,1997-10-12,7,0,0,JAX,PHI,38,21,JAX,Jacksonville Jaguars,Philadelphia Eagles
1997,1997-10-12,7,0,0,CHI,GB,23,24,CHI,Chicago Bears,Green Bay Packers
1997,1997-10-12,7,0,0,ARI,NYG,13,27,ARI,Arizona Cardinals,New York Giants
1997,1997-10-13,7,0,0,WSH,DAL,21,16,WSH,Washington Redskins,Dallas Cowboys
1997,1997-10-16,8,0,0,KC,LAC,31,3,KC,Kansas City Chiefs,San Diego Chargers
1997,1997-10-19,8,0,0,DET,NYG,20,26,DET,Detroit Lions,New York Giants
1997,1997-10-19,8,0,0,BAL,MIA,13,24,BAL,Baltimore Ravens,Miami Dolphins
1997,1997-10-19,8,0,0,OAK,DEN,28,25,OAK,Oakland Raiders,Denver Broncos
1997,1997-10-19,8,0,0,NO,CAR,0,13,NO,New Orleans Saints,Carolina Panthers
1997,1997-10-19,8,0,0,PHI,ARI,13,10,PHI,Philadelphia Eagles,Arizona Cardinals
1997,1997-10-19,8,0,0,LAR,SEA,9,17,LAR,St. Louis Rams,Seattle Seahawks
1997,1997-10-19,8,0,0,TEN,WSH,28,14,TEN,Tennessee Oilers,Washington Redskins
1997,1997-10-19,8,0,0,ATL,SF,28,35,ATL,Atlanta Falcons,San Francisco 49ers
1997,1997-10-19,8,0,0,CIN,PIT,10,26,CIN,Cincinnati Bengals,Pittsburgh Steelers
1997,1997-10-19,8,0,0,DAL,JAX,26,22,DAL,Dallas Cowboys,Jacksonville Jaguars
1997,1997-10-19,8,0,0,NYJ,NE,24,19,NYJ,New York Jets,New England Patriots
1997,1997-10-20,8,0,0,IND,BUF,6,9,IND,Indianapolis Colts,Buffalo Bills
1997,1997-10-26,9,0,0,LAR,KC,20,28,LAR,St. Louis Rams,Kansas City Chiefs
1997,1997-10-26,9,0,0,LAC,IND,35,19,LAC,San Diego Chargers,Indianapolis Colts
1997,1997-10-26,9,0,0,BUF,DEN,20,23,BUF,Buffalo Bills,Denver Broncos
1997,1997-10-26,9,0,0,CAR,ATL,21,12,CAR,Carolina Panthers,Atlanta Falcons
1997,1997-10-26,9,0,0,ARI,TEN,14,41,ARI,Arizona Cardinals,Tennessee Oilers
1997,1997-10-26,9,0,0,NO,SF,0,23,NO,New Orleans Saints,San Francisco 49ers
1997,1997-10-26,9,0,0,PHI,DAL,13,12,PHI,Philadelphia Eagles,Dallas Cowboys
1997,1997-10-26,9,0,0,PIT,JAX,23,17,PIT,Pittsburgh Steelers,Jacksonville Jaguars
1997,1997-10-26,9,0,0,SEA,OAK,45,34,SEA,Seattle Seahawks,Oakland Raiders
1997,1997-10-26,9,0,0,NYG,CIN,29,27,NYG,New York Giants,Cincinnati Bengals
1997,1997-10-26,9,0,0,TB,MIN,6,10,TB,Tampa Bay Buccaneers,Minnesota Vikings
1997,1997-10-26,9,0,0,WSH,BAL,17,20,WSH,Washington Redskins,Baltimore Ravens
1997,1997-10-27,9,0,0,MIA,CHI,33,36,MIA,Miami Dolphins,Chicago Bears
1997,1997-10-27,9,0,0,NE,GB,10,28,NE,New England Patriots,Green Bay Packers
1997,1997-11-02,10,0,0,TEN,JAX,24,30,TEN,Tennessee Oilers,Jacksonville Jaguars
1997,1997-11-02,10,0,0,SF,DAL,17,10,SF,San Francisco 49ers,Dallas Cowboys
1997,1997-11-02,10,0,0,ATL,LAR,34,31,ATL,Atlanta Falcons,St. Louis Rams
1997,1997-11-02,10,0,0,BUF,MIA,9,6,BUF,Buffalo Bills,Miami Dolphins
1997,1997-11-02,10,0,0,CAR,OAK,38,14,CAR,Carolina Panthers,Oakland Raiders
1997,1997-11-02,10,0,0,CHI,WSH,8,31,CHI,Chicago Bears,Washington Redskins
1997,1997-11-02,10,0,0,IND,TB,28,31,IND,Indianapolis Colts,Tampa Bay Buccaneers
1997,1997-11-02,10,0,0,ARI,PHI,31,21,ARI,Arizona Cardinals,Philadelphia Eagles
1997,1997-11-02,10,0,0,DEN,SEA,30,27,DEN,Denver Broncos,Seattle Seahawks
1997,1997-11-02,10,0,0,CIN,LAC,38,31,CIN,Cincinnati Bengals,San Diego Chargers
1997,1997-11-02,10,0,0,NYJ,BAL,19,16,NYJ,New York Jets,Baltimore Ravens
1997,1997-11-02,10,0,0,MIN,NE,23,18,MIN,Minnesota Vikings,New England Patriots
1997,1997-11-02,10,0,0,GB,DET,20,10,GB,Green Bay Packers,Detroit Lions
1997,1997-11-03,10,0,0,KC,PIT,13,10,KC,Kansas City Chiefs,Pittsburgh Steelers
1997,1997-11-09,11,0,0,JAX,KC,24,10,JAX,Jacksonville Jaguars,Kansas City Chiefs
1997,1997-11-09,11,0,0,LAC,SEA,31,37,LAC,San Diego Chargers,Seattle Seahawks
1997,1997-11-09,11,0,0,WSH,DET,30,7,WSH,Washington Redskins,Detroit Lions
1997,1997-11-09,11,0,0,OAK,NO,10,13,OAK,Oakland Raiders,New Orleans Saints
1997,1997-11-09,11,0,0,GB,LAR,17,7,GB,Green Bay Packers,St. Louis Rams
1997,1997-11-09,11,0,0,PIT,BAL,37,0,PIT,Pittsburgh Steelers,Baltimore Ravens
1997,1997-11-09,11,0,0,TEN,NYG,10,6,TEN,Tennessee Oilers,New York Giants
1997,1997-11-09,11,0,0,MIN,CHI,29,22,MIN,Minnesota Vikings,Chicago Bears
1997,1997-11-09,11,0,0,MIA,NYJ,24,17,MIA,Miami Dolphins,New York Jets
1997,1997-11-09,11,0,0,DEN,CAR,34,0,DEN,Denver Broncos,Carolina Panthers
1997,1997-11-09,11,0,0,DAL,ARI,24,6,DAL,Dallas Cowboys,Arizona Cardinals
1997,1997-11-09,11,0,0,IND,CIN,13,28,IND,Indianapolis Colts,Cincinnati Bengals
1997,1997-11-09,11,0,0,BUF,NE,10,31,BUF,Buffalo Bills,New England Patriots
1997,1997-11-09,11,0,0,ATL,TB,10,31,ATL,Atlanta Falcons,Tampa Bay Buccaneers
1997,1997-11-10,11,0,0,PHI,SF,12,24,PHI,Philadelphia Eagles,San Francisco 49ers
1997,1997-11-16,12,0,0,TB,NE,27,7,TB,Tampa Bay Buccaneers,New England Patriots
1997,1997-11-16,12,0,0,DET,MIN,38,15,DET,Detroit Lions,Minnesota Vikings
1997,1997-11-16,12,0,0,CHI,NYJ,15,23,CHI,Chicago Bears,New York Jets
1997,1997-11-16,12,0,0,LAC,OAK,13,38,LAC,San Diego Chargers,Oakland Raiders
1997,1997-11-16,12,0,0,DAL,WSH,17,14,DAL,Dallas Cowboys,Washington Redskins
1997,1997-11-16,12,0,0,LAR,ATL,21,27,LAR,St. Louis Rams,Atlanta Falcons
1997,1997-11-16,12,0,0,KC,DEN,24,22,KC,Kansas City Chiefs,Denver Broncos
1997,1997-11-16,12,0,0,NO,SEA,20,17,NO,New Orleans Saints,Seattle Seahawks
1997,1997-11-16,12,0,0,NYG,ARI,19,10,NYG,New York Giants,Arizona Cardinals
1997,1997-11-16,12,0,0,PIT,CIN,20,3,PIT,Pittsburgh Steelers,Cincinnati Bengals
1997,1997-11-16,12,0,0,BAL,PHI,10,10,BAL,Baltimore Ravens,Philadelphia Eagles
1997,1997-11-16,12,0,0,SF,CAR,27,19,SF,San Francisco 49ers,Carolina Panthers
1997,1997-11-16,12,0,0,JAX,TEN,17,9,JAX,Jacksonville Jaguars,Tennessee Oilers
1997,1997-11-16,12,0,0,IND,GB,41,38,IND,Indianapolis Colts,Green Bay Packers
1997,1997-11-17,12,0,0,MIA,BUF,30,13,MIA,Miami Dolphins,Buffalo Bills
1997,1997-11-23,13,0,0,BAL,ARI,13,16,BAL,Baltimore Ravens,Arizona Cardinals
1997,1997-11-23,13,0,0,SF,LAC,17,10,SF,San Francisco 49ers,San Diego Chargers
1997,1997-11-23,13,0,0,ATL,NO,20,3,ATL,Atlanta Falcons,New Orleans Saints
1997,1997-11-23,13,0,0,TEN,BUF,31,14,TEN,Tennessee Oilers,Buffalo Bills
1997,1997-11-23,13,0,0,PHI,PIT,23,20,PHI,Philadelphia Eagles,Pittsburgh Steelers
1997,1997-11-23,13,0,0,WSH,NYG,7,7,WSH,Washington Redskins,New York Giants
1997,1997-11-23,13,0,0,LAR,CAR,10,16,LAR,St. Louis Rams,Carolina Panthers
1997,1997-11-23,13,0,0,GB,DAL,45,17,GB,Green Bay Packers,Dallas Cowboys
1997,1997-11-23,13,0,0,CHI,TB,13,7,CHI,Chicago Bears,Tampa Bay Buccaneers
1997,1997-11-23,13,0,0,CIN,JAX,31,26,CIN,Cincinnati Bengals,Jacksonville Jaguars
1997,1997-11-23,13,0,0,DET,IND,32,10,DET,Detroit Lions,Indianapolis Colts
1997,1997-11-23,13,0,0,SEA,KC,14,19,SEA,Seattle Seahawks,Kansas City Chiefs
1997,1997-11-23,13,0,0,NE,MIA,27,24,NE,New England Patriots,Miami Dolphins
1997,1997-11-23,13,0,0,NYJ,MIN,23,21,NYJ,New York Jets,Minnesota Vikings
1997,1997-11-24,13,0,0,DEN,OAK,31,3,DEN,Denver Broncos,Oakland Raiders
1997,1997-11-27,14,0,0,DET,CHI,55,20,DET,Detroit Lions,Chicago Bears
1997,1997-11-27,14,0,0,DAL,TEN,14,27,DAL,Dallas Cowboys,Tennessee Oilers
1997,1997-11-30,14,0,0,JAX,BAL,29,27,JAX,Jacksonville Jaguars,Baltimore Ravens
1997,1997-11-30,14,0,0,SEA,ATL,17,24,SEA,Seattle Seahawks,Atlanta Falcons
1997,1997-11-30,14,0,0,OAK,MIA,16,34,OAK,Oakland Raiders,Miami Dolphins
1997,1997-11-30,14,0,0,NYG,TB,8,20,NYG,New York Giants,Tampa Bay Buccaneers
1997,1997-11-30,14,0,0,NE,IND,20,17,NE,New England Patriots,Indianapolis Colts
1997,1997-11-30,14,0,0,KC,SF,44,9,KC,Kansas City Chiefs,San Francisco 49ers
1997,1997-11-30,14,0,0,ARI,PIT,20,26,ARI,Arizona Cardinals,Pittsburgh Steelers
1997,1997-11-30,14,0,0,CAR,NO,13,16,CAR,Carolina Panthers,New Orleans Saints
1997,1997-11-30,14,0,0,BUF,NYJ,20,10,BUF,Buffalo Bills,New York Jets
1997,1997-11-30,14,0,0,WSH,LAR,20,23,WSH,Washington Redskins,St. Louis Rams
1997,1997-11-30,14,0,0,LAC,DEN,28,38,LAC,San Diego Chargers,Denver Broncos
1997,1997-11-30,14,0,0,PHI,CIN,44,42,PHI,Philadelphia Eagles,Cincinnati Bengals
1997,1997-12-01,14,0,0,MIN,GB,11,27,MIN,Minnesota Vikings,Green Bay Packers
1997,1997-12-04,15,0,0,CIN,TEN,41,14,CIN,Cincinnati Bengals,Tennessee Oilers
1997,1997-12-07,15,0,0,SF,MIN,28,17,SF,San Francisco 49ers,Minnesota Vikings
1997,1997-12-07,15,0,0,BAL,SEA,31,24,BAL,Baltimore Ravens,Seattle Seahawks
1997,1997-12-07,15,0,0,PIT,DEN,35,24,PIT,Pittsburgh Steelers,Denver Broncos
1997,1997-12-07,15,0,0,PHI,NYG,21,31,PHI,Philadelphia Eagles,New York Giants
1997,1997-12-07,15,0,0,NYJ,IND,14,22,NYJ,New York Jets,Indianapolis Colts
1997,1997-12-07,15,0,0,MIA,DET,33,30,MIA,Miami Dolphins,Detroit Lions
1997,1997-12-07,15,0,0,KC,OAK,30,0,KC,Kansas City Chiefs,Oakland Raiders
1997,1997-12-07,15,0,0,JAX,NE,20,26,JAX,Jacksonville Jaguars,New England Patriots
1997,1997-12-07,15,0,0,ARI,WSH,28,38,ARI,Arizona Cardinals,Washington Redskins
1997,1997-12-07,15,0,0,CHI,BUF,20,3,CHI,Chicago Bears,Buffalo Bills
1997,1997-12-07,15,0,0,LAC,ATL,3,14,LAC,San Diego Chargers,Atlanta Falcons
1997,1997-12-07,15,0,0,TB,GB,6,17,TB,Tampa Bay Buccaneers,Green Bay Packers
1997,1997-12-07,15,0,0,NO,LAR,27,34,NO,New Orleans Saints,St. Louis Rams
1997,1997-12-08,15,0,0,DAL,CAR,13,23,DAL,Dallas Cowboys,Carolina Panthers
1997,1997-12-13,16,0,0,NYG,WSH,30,10,NYG,New York Giants,Washington Redskins
1997,1997-12-13,16,0,0,NE,PIT,21,24,NE,New England Patriots,Pittsburgh Steelers
1997,1997-12-14,16,0,0,NYJ,TB,31,0,NYJ,New York Jets,Tampa Bay Buccaneers
1997,1997-12-14,16,0,0,ATL,PHI,20,17,ATL,Atlanta Falcons,Philadelphia Eagles
1997,1997-12-14,16,0,0,BUF,JAX,14,20,BUF,Buffalo Bills,Jacksonville Jaguars
1997,1997-12-14,16,0,0,CAR,GB,10,31,CAR,Carolina Panthers,Green Bay Packers
1997,1997-12-14,16,0,0,LAC,KC,7,29,LAC,San Diego Chargers,Kansas City Chiefs
1997,1997-12-14,16,0,0,CIN,DAL,31,24,CIN,Cincinnati Bengals,Dallas Cowboys
1997,1997-12-14,16,0,0,IND,MIA,41,0,IND,Indianapolis Colts,Miami Dolphins
1997,1997-12-14,16,0,0,MIN,DET,13,14,MIN,Minnesota Vikings,Detroit Lions
1997,1997-12-14,16,0,0,NO,ARI,27,10,NO,New Orleans Saints,Arizona Cardinals
1997,1997-12-14,16,0,0,OAK,SEA,21,22,OAK,Oakland Raiders,Seattle Seahawks
1997,1997-12-14,16,0,0,BAL,TEN,21,19,BAL,Baltimore Ravens,Tennessee Oilers
1997,1997-12-14,16,0,0,LAR,CHI,10,13,LAR,St. Louis Rams,Chicago Bears
1997,1997-12-15,16,0,0,SF,DEN,34,17,SF,San Francisco 49ers,Denver Broncos
1997,1997-12-20,17,0,0,CAR,LAR,18,30,CAR,Carolina Panthers,St. Louis Rams
1997,1997-12-20,17,0,0,GB,BUF,31,21,GB,Green Bay Packers,Buffalo Bills
1997,1997-12-21,17,0,0,SEA,SF,38,9,SEA,Seattle Seahawks,San Francisco 49ers
1997,1997-12-21,17,0,0,OAK,JAX,9,20,OAK,Oakland Raiders,Jacksonville Jaguars
1997,1997-12-21,17,0,0,TEN,PIT,16,6,TEN,Tennessee Oilers,Pittsburgh Steelers
1997,1997-12-21,17,0,0,MIN,IND,39,28,MIN,Minnesota Vikings,Indianapolis Colts
1997,1997-12-21,17,0,0,KC,NO,25,13,KC,Kansas City Chiefs,New Orleans Saints
1997,1997-12-21,17,0,0,DAL,NYG,7,20,DAL,Dallas Cowboys,New York Giants
1997,1997-12-21,17,0,0,ARI,ATL,29,26,ARI,Arizona Cardinals,Atlanta Falcons
1997,1997-12-21,17,0,0,DET,NYJ,13,10,DET,Detroit Lions,New York Jets
1997,1997-12-21,17,0,0,TB,CHI,31,15,TB,Tampa Bay Buccaneers,Chicago Bears
1997,1997-12-21,17,0,0,WSH,PHI,35,32,WSH,Washington Redskins,Philadelphia Eagles
1997,1997-12-21,17,0,0,DEN,LAC,38,3,DEN,Denver Broncos,San Diego Chargers
1997,1997-12-21,17,0,0,CIN,BAL,16,14,CIN,Cincinnati Bengals,Baltimore Ravens
1997,1997-12-22,17,0,0,MIA,NE,12,14,MIA,Miami Dolphins,New England Patriots
1997,1997-12-27,Wildcard,1,0,DEN,JAX,42,17,DEN,Denver Broncos,Jacksonville Jaguars
1997,1997-12-27,Wildcard,1,0,NYG,MIN,22,23,NYG,New York Giants,Minnesota Vikings
1997,1997-12-28,Wildcard,1,0,NE,MIA,17,3,NE,New England Patriots,Miami Dolphins
1997,1997-12-28,Wildcard,1,0,TB,DET,20,10,TB,Tampa Bay Buccaneers,Detroit Lions
1997,1998-01-03,Division,1,0,PIT,NE,7,6,PIT,Pittsburgh Steelers,New England Patriots
1997,1998-01-03,Division,1,0,SF,MIN,38,22,SF,San Francisco 49ers,Minnesota Vikings
1997,1998-01-04,Division,1,0,GB,TB,21,7,GB,Green Bay Packers,Tampa Bay Buccaneers
1997,1998-01-04,Division,1,0,KC,DEN,10,14,KC,Kansas City Chiefs,Denver Broncos
1997,1998-01-11,Conference,1,0,SF,GB,10,23,SF,San Francisco 49ers,Green Bay Packers
1997,1998-01-11,Conference,1,0,PIT,DEN,21,24,PIT,Pittsburgh Steelers,Denver Broncos
1997,1998-01-25,Superbowl,1,1,GB,DEN,24,31,GB,Green Bay Packers,Denver Broncos
1998,1998-09-06,1,0,0,NYG,WSH,31,24,NYG,New York Giants,Washington Redskins
1998,1998-09-06,1,0,0,DAL,ARI,38,10,DAL,Dallas Cowboys,Arizona Cardinals
1998,1998-09-06,1,0,0,MIN,TB,31,7,MIN,Minnesota Vikings,Tampa Bay Buccaneers
1998,1998-09-06,1,0,0,LAR,NO,17,24,LAR,St. Louis Rams,New Orleans Saints
1998,1998-09-06,1,0,0,GB,DET,38,19,GB,Green Bay Packers,Detroit Lions
1998,1998-09-06,1,0,0,BAL,PIT,13,20,BAL,Baltimore Ravens,Pittsburgh Steelers
1998,1998-09-06,1,0,0,SF,NYJ,36,30,SF,San Francisco 49ers,New York Jets
1998,1998-09-06,1,0,0,LAC,BUF,16,14,LAC,San Diego Chargers,Buffalo Bills
1998,1998-09-06,1,0,0,CAR,ATL,14,19,CAR,Carolina Panthers,Atlanta Falcons
1998,1998-09-06,1,0,0,PHI,SEA,0,38,PHI,Philadelphia Eagles,Seattle Seahawks
1998,1998-09-06,1,0,0,KC,OAK,28,8,KC,Kansas City Chiefs,Oakland Raiders
1998,1998-09-06,1,0,0,IND,MIA,15,24,IND,Indianapolis Colts,Miami Dolphins
1998,1998-09-06,1,0,0,CIN,TEN,14,23,CIN,Cincinnati Bengals,Tennessee Oilers
1998,1998-09-06,1,0,0,CHI,JAX,23,24,CHI,Chicago Bears,Jacksonville Jaguars
1998,1998-09-07,1,0,0,DEN,NE,27,21,DEN,Denver Broncos,New England Patriots
1998,1998-09-13,2,0,0,NYJ,BAL,10,24,NYJ,New York Jets,Baltimore Ravens
1998,1998-09-13,2,0,0,OAK,NYG,20,17,OAK,Oakland Raiders,New York Giants
1998,1998-09-13,2,0,0,SEA,ARI,33,14,SEA,Seattle Seahawks,Arizona Cardinals
1998,1998-09-13,2,0,0,LAR,MIN,31,38,LAR,St. Louis Rams,Minnesota Vikings
1998,1998-09-13,2,0,0,TEN,LAC,7,13,TEN,Tennessee Oilers,San Diego Chargers
1998,1998-09-13,2,0,0,ATL,PHI,17,12,ATL,Atlanta Falcons,Philadelphia Eagles
1998,1998-09-13,2,0,0,DEN,DAL,42,23,DEN,Denver Broncos,Dallas Cowboys
1998,1998-09-13,2,0,0,DET,CIN,28,34,DET,Detroit Lions,Cincinnati Bengals
1998,1998-09-13,2,0,0,GB,TB,23,15,GB,Green Bay Packers,Tampa Bay Buccaneers
1998,1998-09-13,2,0,0,JAX,KC,21,16,JAX,Jacksonville Jaguars,Kansas City Chiefs
1998,1998-09-13,2,0,0,MIA,BUF,13,7,MIA,Miami Dolphins,Buffalo Bills
1998,1998-09-13,2,0,0,NO,CAR,19,14,NO,New Orleans Saints,Carolina Panthers
1998,1998-09-13,2,0,0,NE,IND,29,6,NE,New England Patriots,Indianapolis Colts
1998,1998-09-13,2,0,0,PIT,CHI,17,12,PIT,Pittsburgh Steelers,Chicago Bears
1998,1998-09-14,2,0,0,WSH,SF,10,45,WSH,Washington Redskins,San Francisco 49ers
1998,1998-09-20,3,0,0,MIA,PIT,21,0,MIA,Miami Dolphins,Pittsburgh Steelers
1998,1998-09-20,3,0,0,MIN,DET,29,6,MIN,Minnesota Vikings,Detroit Lions
1998,1998-09-20,3,0,0,NE,TEN,27,16,NE,New England Patriots,Tennessee Oilers
1998,1998-09-20,3,0,0,NYJ,IND,44,6,NYJ,New York Jets,Indianapolis Colts
1998,1998-09-20,3,0,0,OAK,DEN,17,34,OAK,Oakland Raiders,Denver Broncos
1998,1998-09-20,3,0,0,SEA,WSH,24,14,SEA,Seattle Seahawks,Washington Redskins
1998,1998-09-20,3,0,0,TB,CHI,27,15,TB,Tampa Bay Buccaneers,Chicago Bears
1998,1998-09-20,3,0,0,KC,LAC,23,7,KC,Kansas City Chiefs,San Diego Chargers
1998,1998-09-20,3,0,0,ARI,PHI,17,3,ARI,Arizona Cardinals,Philadelphia Eagles
1998,1998-09-20,3,0,0,BUF,LAR,33,34,BUF,Buffalo Bills,St. Louis Rams
1998,1998-09-20,3,0,0,CIN,GB,6,13,CIN,Cincinnati Bengals,Green Bay Packers
1998,1998-09-20,3,0,0,JAX,BAL,24,10,JAX,Jacksonville Jaguars,Baltimore Ravens
1998,1998-09-21,3,0,0,NYG,DAL,7,31,NYG,New York Giants,Dallas Cowboys
1998,1998-09-27,4,0,0,LAC,NYG,16,34,LAC,San Diego Chargers,New York Giants
1998,1998-09-27,4,0,0,CHI,MIN,28,31,CHI,Chicago Bears,Minnesota Vikings
1998,1998-09-27,4,0,0,CAR,GB,30,37,CAR,Carolina Panthers,Green Bay Packers
1998,1998-09-27,4,0,0,LAR,ARI,17,20,LAR,St. Louis Rams,Arizona Cardinals
1998,1998-09-27,4,0,0,IND,NO,13,19,IND,Indianapolis Colts,New Orleans Saints
1998,1998-09-27,4,0,0,DAL,OAK,12,13,DAL,Dallas Cowboys,Oakland Raiders
1998,1998-09-27,4,0,0,TEN,JAX,22,27,TEN,Tennessee Oilers,Jacksonville Jaguars
1998,1998-09-27,4,0,0,PHI,KC,21,24,PHI,Philadelphia Eagles,Kansas City Chiefs
1998,1998-09-27,4,0,0,PIT,SEA,13,10,PIT,Pittsburgh Steelers,Seattle Seahawks
1998,1998-09-27,4,0,0,BAL,CIN,31,24,BAL,Baltimore Ravens,Cincinnati Bengals
1998,1998-09-27,4,0,0,SF,ATL,31,20,SF,San Francisco 49ers,Atlanta Falcons
1998,1998-09-27,4,0,0,WSH,DEN,16,38,WSH,Washington Redskins,Denver Broncos
1998,1998-09-28,4,0,0,DET,TB,27,6,DET,Detroit Lions,Tampa Bay Buccaneers
1998,1998-10-04,5,0,0,ATL,CAR,51,23,ATL,Atlanta Falcons,Carolina Panthers
1998,1998-10-04,5,0,0,ARI,OAK,20,23,ARI,Arizona Cardinals,Oakland Raiders
1998,1998-10-04,5,0,0,DEN,PHI,41,16,DEN,Denver Broncos,Philadelphia Eagles
1998,1998-10-04,5,0,0,KC,SEA,17,6,KC,Kansas City Chiefs,Seattle Seahawks
1998,1998-10-04,5,0,0,BUF,SF,26,21,BUF,Buffalo Bills,San Francisco 49ers
1998,1998-10-04,5,0,0,NO,NE,27,30,NO,New Orleans Saints,New England Patriots
1998,1998-10-04,5,0,0,NYJ,MIA,20,9,NYJ,New York Jets,Miami Dolphins
1998,1998-10-04,5,0,0,TB,NYG,20,3,TB,Tampa Bay Buccaneers,New York Giants
1998,1998-10-04,5,0,0,WSH,DAL,10,31,WSH,Washington Redskins,Dallas Cowboys
1998,1998-10-04,5,0,0,CHI,DET,31,27,CHI,Chicago Bears,Detroit Lions
1998,1998-10-04,5,0,0,IND,LAC,17,12,IND,Indianapolis Colts,San Diego Chargers
1998,1998-10-05,5,0,0,GB,MIN,24,37,GB,Green Bay Packers,Minnesota Vikings
1998,1998-10-11,6,0,0,CIN,PIT,25,20,CIN,Cincinnati Bengals,Pittsburgh Steelers
1998,1998-10-11,6,0,0,SEA,DEN,16,21,SEA,Seattle Seahawks,Denver Broncos
1998,1998-10-11,6,0,0,BAL,TEN,8,12,BAL,Baltimore Ravens,Tennessee Oilers
1998,1998-10-11,6,0,0,PHI,WSH,17,12,PHI,Philadelphia Eagles,Washington Redskins
1998,1998-10-11,6,0,0,NYG,ATL,20,34,NYG,New York Giants,Atlanta Falcons
1998,1998-10-11,6,0,0,NE,KC,40,10,NE,New England Patriots,Kansas City Chiefs
1998,1998-10-11,6,0,0,NO,SF,0,31,NO,New Orleans Saints,San Francisco 49ers
1998,1998-10-11,6,0,0,ARI,CHI,20,7,ARI,Arizona Cardinals,Chicago Bears
1998,1998-10-11,6,0,0,IND,BUF,24,31,IND,Indianapolis Colts,Buffalo Bills
1998,1998-10-11,6,0,0,DAL,CAR,27,20,DAL,Dallas Cowboys,Carolina Panthers
1998,1998-10-11,6,0,0,LAR,NYJ,30,10,LAR,St. Louis Rams,New York Jets
1998,1998-10-11,6,0,0,OAK,LAC,7,6,OAK,Oakland Raiders,San Diego Chargers
1998,1998-10-12,6,0,0,JAX,MIA,28,21,JAX,Jacksonville Jaguars,Miami Dolphins
1998,1998-10-15,7,0,0,DET,GB,27,20,DET,Detroit Lions,Green Bay Packers
1998,1998-10-18,7,0,0,CHI,DAL,13,12,CHI,Chicago Bears,Dallas Cowboys
1998,1998-10-18,7,0,0,MIN,WSH,41,7,MIN,Minnesota Vikings,Washington Redskins
1998,1998-10-18,7,0,0,MIA,LAR,14,0,MIA,Miami Dolphins,St. Louis Rams
1998,1998-10-18,7,0,0,PIT,BAL,16,6,PIT,Pittsburgh Steelers,Baltimore Ravens
1998,1998-10-18,7,0,0,NYG,ARI,34,7,NYG,New York Giants,Arizona Cardinals
1998,1998-10-18,7,0,0,LAC,PHI,13,10,LAC,San Diego Chargers,Philadelphia Eagles
1998,1998-10-18,7,0,0,SF,IND,34,31,SF,San Francisco 49ers,Indianapolis Colts
1998,1998-10-18,7,0,0,TB,CAR,16,13,TB,Tampa Bay Buccaneers,Carolina Panthers
1998,1998-10-18,7,0,0,TEN,CIN,44,14,TEN,Tennessee Oilers,Cincinnati Bengals
1998,1998-10-18,7,0,0,BUF,JAX,17,16,BUF,Buffalo Bills,Jacksonville Jaguars
1998,1998-10-18,7,0,0,ATL,NO,31,23,ATL,Atlanta Falcons,New Orleans Saints
1998,1998-10-19,7,0,0,NE,NYJ,14,24,NE,New England Patriots,New York Jets
1998,1998-10-25,8,0,0,LAR,SF,10,28,LAR,St. Louis Rams,San Francisco 49ers
1998,1998-10-25,8,0,0,GB,BAL,28,10,GB,Green Bay Packers,Baltimore Ravens
1998,1998-10-25,8,0,0,OAK,CIN,27,10,OAK,Oakland Raiders,Cincinnati Bengals
1998,1998-10-25,8,0,0,TEN,CHI,20,23,TEN,Tennessee Oilers,Chicago Bears
1998,1998-10-25,8,0,0,NYJ,ATL,28,3,NYJ,New York Jets,Atlanta Falcons
1998,1998-10-25,8,0,0,CAR,BUF,14,30,CAR,Carolina Panthers,Buffalo Bills
1998,1998-10-25,8,0,0,NO,TB,9,3,NO,New Orleans Saints,Tampa Bay Buccaneers
1998,1998-10-25,8,0,0,MIA,NE,12,9,MIA,Miami Dolphins,New England Patriots
1998,1998-10-25,8,0,0,DEN,JAX,37,24,DEN,Denver Broncos,Jacksonville Jaguars
1998,1998-10-25,8,0,0,DET,MIN,13,34,DET,Detroit Lions,Minnesota Vikings
1998,1998-10-25,8,0,0,LAC,SEA,20,27,LAC,San Diego Chargers,Seattle Seahawks
1998,1998-10-26,8,0,0,KC,PIT,13,20,KC,Kansas City Chiefs,Pittsburgh Steelers
1998,1998-11-01,9,0,0,WSH,NYG,21,14,WSH,Washington Redskins,New York Giants
1998,1998-11-01,9,0,0,CAR,NO,31,17,CAR,Carolina Panthers,New Orleans Saints
1998,1998-11-01,9,0,0,BAL,JAX,19,45,BAL,Baltimore Ravens,Jacksonville Jaguars
1998,1998-11-01,9,0,0,CIN,DEN,26,33,CIN,Cincinnati Bengals,Denver Broncos
1998,1998-11-01,9,0,0,PIT,TEN,31,41,PIT,Pittsburgh Steelers,Tennessee Oilers
1998,1998-11-01,9,0,0,IND,NE,16,21,IND,Indianapolis Colts,New England Patriots
1998,1998-11-01,9,0,0,TB,MIN,27,24,TB,Tampa Bay Buccaneers,Minnesota Vikings
1998,1998-11-01,9,0,0,DET,ARI,15,17,DET,Detroit Lions,Arizona Cardinals
1998,1998-11-01,9,0,0,GB,SF,36,22,GB,Green Bay Packers,San Francisco 49ers
1998,1998-11-01,9,0,0,KC,NYJ,17,20,KC,Kansas City Chiefs,New York Jets
1998,1998-11-01,9,0,0,BUF,MIA,30,24,BUF,Buffalo Bills,Miami Dolphins
1998,1998-11-01,9,0,0,ATL,LAR,37,15,ATL,Atlanta Falcons,St. Louis Rams
1998,1998-11-01,9,0,0,SEA,OAK,18,31,SEA,Seattle Seahawks,Oakland Raiders
1998,1998-11-02,9,0,0,PHI,DAL,0,34,PHI,Philadelphia Eagles,Dallas Cowboys
1998,1998-11-08,10,0,0,NE,ATL,10,41,NE,New England Patriots,Atlanta Falcons
1998,1998-11-08,10,0,0,JAX,CIN,24,11,JAX,Jacksonville Jaguars,Cincinnati Bengals
1998,1998-11-08,10,0,0,CHI,LAR,12,20,CHI,Chicago Bears,St. Louis Rams
1998,1998-11-08,10,0,0,BAL,OAK,13,10,BAL,Baltimore Ravens,Oakland Raiders
1998,1998-11-08,10,0,0,SF,CAR,25,23,SF,San Francisco 49ers,Carolina Panthers
1998,1998-11-08,10,0,0,TB,TEN,22,31,TB,Tampa Bay Buccaneers,Tennessee Oilers
1998,1998-11-08,10,0,0,PHI,DET,10,9,PHI,Philadelphia Eagles,Detroit Lions
1998,1998-11-08,10,0,0,NYJ,BUF,34,12,NYJ,New York Jets,Buffalo Bills
1998,1998-11-08,10,0,0,MIN,NO,31,24,MIN,Minnesota Vikings,New Orleans Saints
1998,1998-11-08,10,0,0,MIA,IND,27,14,MIA,Miami Dolphins,Indianapolis Colts
1998,1998-11-08,10,0,0,DAL,NYG,16,6,DAL,Dallas Cowboys,New York Giants
1998,1998-11-08,10,0,0,ARI,WSH,29,27,ARI,Arizona Cardinals,Washington Redskins
1998,1998-11-08,10,0,0,DEN,LAC,27,10,DEN,Denver Broncos,San Diego Chargers
1998,1998-11-08,10,0,0,SEA,KC,24,12,SEA,Seattle Seahawks,Kansas City Chiefs
1998,1998-11-09,10,0,0,PIT,GB,27,20,PIT,Pittsburgh Steelers,Green Bay Packers
1998,1998-11-15,11,0,0,JAX,TB,29,24,JAX,Jacksonville Jaguars,Tampa Bay Buccaneers
1998,1998-11-15,11,0,0,TEN,PIT,23,14,TEN,Tennessee Oilers,Pittsburgh Steelers
1998,1998-11-15,11,0,0,MIN,CIN,24,3,MIN,Minnesota Vikings,Cincinnati Bengals
1998,1998-11-15,11,0,0,NO,LAR,24,3,NO,New Orleans Saints,St. Louis Rams
1998,1998-11-15,11,0,0,ATL,SF,31,19,ATL,Atlanta Falcons,San Francisco 49ers
1998,1998-11-15,11,0,0,LAC,BAL,14,13,LAC,San Diego Chargers,Baltimore Ravens
1998,1998-11-15,11,0,0,NYG,GB,3,37,NYG,New York Giants,Green Bay Packers
1998,1998-11-15,11,0,0,BUF,NE,13,10,BUF,Buffalo Bills,New England Patriots
1998,1998-11-15,11,0,0,CAR,MIA,9,13,CAR,Carolina Panthers,Miami Dolphins
1998,1998-11-15,11,0,0,IND,NYJ,24,23,IND,Indianapolis Colts,New York Jets
1998,1998-11-15,11,0,0,ARI,DAL,28,35,ARI,Arizona Cardinals,Dallas Cowboys
1998,1998-11-15,11,0,0,DET,CHI,26,3,DET,Detroit Lions,Chicago Bears
1998,1998-11-15,11,0,0,WSH,PHI,28,3,WSH,Washington Redskins,Philadelphia Eagles
1998,1998-11-15,11,0,0,OAK,SEA,20,17,OAK,Oakland Raiders,Seattle Seahawks
1998,1998-11-16,11,0,0,KC,DEN,7,30,KC,Kansas City Chiefs,Denver Broncos
1998,1998-11-22,12,0,0,LAC,KC,38,37,LAC,San Diego Chargers,Kansas City Chiefs
1998,1998-11-22,12,0,0,WSH,ARI,42,45,WSH,Washington Redskins,Arizona Cardinals
1998,1998-11-22,12,0,0,TB,DET,25,28,TB,Tampa Bay Buccaneers,Detroit Lions
1998,1998-11-22,12,0,0,SF,NO,31,20,SF,San Francisco 49ers,New Orleans Saints
1998,1998-11-22,12,0,0,PIT,JAX,30,15,PIT,Pittsburgh Steelers,Jacksonville Jaguars
1998,1998-11-22,12,0,0,TEN,NYJ,3,24,TEN,Tennessee Oilers,New York Jets
1998,1998-11-22,12,0,0,NYG,PHI,20,0,NYG,New York Giants,Philadelphia Eagles
1998,1998-11-22,12,0,0,MIN,GB,28,14,MIN,Minnesota Vikings,Green Bay Packers
1998,1998-11-22,12,0,0,DEN,OAK,40,14,DEN,Denver Broncos,Oakland Raiders
1998,1998-11-22,12,0,0,DAL,SEA,30,22,DAL,Dallas Cowboys,Seattle Seahawks
1998,1998-11-22,12,0,0,CIN,BAL,13,20,CIN,Cincinnati Bengals,Baltimore Ravens
1998,1998-11-22,12,0,0,BUF,IND,34,11,BUF,Buffalo Bills,Indianapolis Colts
1998,1998-11-22,12,0,0,ATL,CHI,20,13,ATL,Atlanta Falcons,Chicago Bears
1998,1998-11-22,12,0,0,LAR,CAR,20,24,LAR,St. Louis Rams,Carolina Panthers
1998,1998-11-23,12,0,0,NE,MIA,26,23,NE,New England Patriots,Miami Dolphins
1998,1998-11-26,13,0,0,DAL,MIN,36,46,DAL,Dallas Cowboys,Minnesota Vikings
1998,1998-11-26,13,0,0,DET,PIT,19,16,DET,Detroit Lions,Pittsburgh Steelers
1998,1998-11-29,13,0,0,CHI,TB,17,31,CHI,Chicago Bears,Tampa Bay Buccaneers
1998,1998-11-29,13,0,0,CIN,JAX,17,34,CIN,Cincinnati Bengals,Jacksonville Jaguars
1998,1998-11-29,13,0,0,KC,ARI,34,24,KC,Kansas City Chiefs,Arizona Cardinals
1998,1998-11-29,13,0,0,SEA,TEN,20,18,SEA,Seattle Seahawks,Tennessee Oilers
1998,1998-11-29,13,0,0,BAL,IND,38,31,BAL,Baltimore Ravens,Indianapolis Colts
1998,1998-11-29,13,0,0,OAK,WSH,19,29,OAK,Oakland Raiders,Washington Redskins
1998,1998-11-29,13,0,0,NYJ,CAR,48,21,NYJ,New York Jets,Carolina Panthers
1998,1998-11-29,13,0,0,MIA,NO,30,10,MIA,Miami Dolphins,New Orleans Saints
1998,1998-11-29,13,0,0,GB,PHI,24,16,GB,Green Bay Packers,Philadelphia Eagles
1998,1998-11-29,13,0,0,LAC,DEN,16,31,LAC,San Diego Chargers,Denver Broncos
1998,1998-11-29,13,0,0,NE,BUF,25,21,NE,New England Patriots,Buffalo Bills
1998,1998-11-29,13,0,0,LAR,ATL,10,21,LAR,St. Louis Rams,Atlanta Falcons
1998,1998-11-30,13,0,0,SF,NYG,31,7,SF,San Francisco 49ers,New York Giants
1998,1998-12-03,14,0,0,PHI,LAR,17,14,PHI,Philadelphia Eagles,St. Louis Rams
1998,1998-12-06,14,0,0,PIT,NE,9,23,PIT,Pittsburgh Steelers,New England Patriots
1998,1998-12-06,14,0,0,OAK,MIA,17,27,OAK,Oakland Raiders,Miami Dolphins
1998,1998-12-06,14,0,0,WSH,LAC,24,20,WSH,Washington Redskins,San Diego Chargers
1998,1998-12-06,14,0,0,ATL,IND,28,21,ATL,Atlanta Falcons,Indianapolis Colts
1998,1998-12-06,14,0,0,CAR,SF,28,31,CAR,Carolina Panthers,San Francisco 49ers
1998,1998-12-06,14,0,0,CIN,BUF,20,33,CIN,Cincinnati Bengals,Buffalo Bills
1998,1998-12-06,14,0,0,ARI,NYG,19,23,ARI,Arizona Cardinals,New York Giants
1998,1998-12-06,14,0,0,DEN,KC,35,31,DEN,Denver Broncos,Kansas City Chiefs
1998,1998-12-06,14,0,0,JAX,DET,37,22,JAX,Jacksonville Jaguars,Detroit Lions
1998,1998-12-06,14,0,0,MIN,CHI,48,22,MIN,Minnesota Vikings,Chicago Bears
1998,1998-12-06,14,0,0,NO,DAL,22,3,NO,New Orleans Saints,Dallas Cowboys
1998,1998-12-06,14,0,0,NYJ,SEA,32,31,NYJ,New York Jets,Seattle Seahawks
1998,1998-12-06,14,0,0,TEN,BAL,16,14,TEN,Tennessee Oilers,Baltimore Ravens
1998,1998-12-07,14,0,0,TB,GB,24,22,TB,Tampa Bay Buccaneers,Green Bay Packers
1998,1998-12-13,15,0,0,NYG,DEN,20,16,NYG,New York Giants,Denver Broncos
1998,1998-12-13,15,0,0,SEA,LAC,38,17,SEA,Seattle Seahawks,San Diego Chargers
1998,1998-12-13,15,0,0,GB,CHI,26,20,GB,Green Bay Packers,Chicago Bears
1998,1998-12-13,15,0,0,IND,CIN,39,26,IND,Indianapolis Colts,Cincinnati Bengals
1998,1998-12-13,15,0,0,KC,DAL,20,17,KC,Kansas City Chiefs,Dallas Cowboys
1998,1998-12-13,15,0,0,MIA,NYJ,16,21,MIA,Miami Dolphins,New York Jets
1998,1998-12-13,15,0,0,NO,ATL,17,27,NO,New Orleans Saints,Atlanta Falcons
1998,1998-12-13,15,0,0,PHI,ARI,17,20,PHI,Philadelphia Eagles,Arizona Cardinals
1998,1998-12-13,15,0,0,BAL,MIN,28,38,BAL,Baltimore Ravens,Minnesota Vikings
1998,1998-12-13,15,0,0,TB,PIT,16,3,TB,Tampa Bay Buccaneers,Pittsburgh Steelers
1998,1998-12-13,15,0,0,JAX,TEN,13,16,JAX,Jacksonville Jaguars,Tennessee Oilers
1998,1998-12-13,15,0,0,LAR,NE,32,18,LAR,St. Louis Rams,New England Patriots
1998,1998-12-13,15,0,0,BUF,OAK,44,21,BUF,Buffalo Bills,Oakland Raiders
1998,1998-12-13,15,0,0,CAR,WSH,25,28,CAR,Carolina Panthers,Washington Redskins
1998,1998-12-14,15,0,0,SF,DET,35,13,SF,San Francisco 49ers,Detroit Lions
1998,1998-12-19,16,0,0,WSH,TB,20,16,WSH,Washington Redskins,Tampa Bay Buccaneers
1998,1998-12-19,16,0,0,BUF,NYJ,10,17,BUF,Buffalo Bills,New York Jets
1998,1998-12-20,16,0,0,NYG,KC,28,7,NYG,New York Giants,Kansas City Chiefs
1998,1998-12-20,16,0,0,PIT,CIN,24,25,PIT,Pittsburgh Steelers,Cincinnati Bengals
1998,1998-12-20,16,0,0,LAC,OAK,10,17,LAC,San Diego Chargers,Oakland Raiders
1998,1998-12-20,16,0,0,CAR,LAR,20,13,CAR,Carolina Panthers,St. Louis Rams
1998,1998-12-20,16,0,0,CHI,BAL,24,3,CHI,Chicago Bears,Baltimore Ravens
1998,1998-12-20,16,0,0,DET,ATL,17,24,DET,Detroit Lions,Atlanta Falcons
1998,1998-12-20,16,0,0,DAL,PHI,13,9,DAL,Dallas Cowboys,Philadelphia Eagles
1998,1998-12-20,16,0,0,ARI,NO,19,17,ARI,Arizona Cardinals,New Orleans Saints
1998,1998-12-20,16,0,0,GB,TEN,30,22,GB,Green Bay Packers,Tennessee Oilers
1998,1998-12-20,16,0,0,MIN,JAX,50,10,MIN,Minnesota Vikings,Jacksonville Jaguars
1998,1998-12-20,16,0,0,SEA,IND,27,23,SEA,Seattle Seahawks,Indianapolis Colts
1998,1998-12-20,16,0,0,NE,SF,24,21,NE,New England Patriots,San Francisco 49ers
1998,1998-12-21,16,0,0,MIA,DEN,31,21,MIA,Miami Dolphins,Denver Broncos
1998,1998-12-26,17,0,0,TEN,MIN,16,26,TEN,Tennessee Oilers,Minnesota Vikings
1998,1998-12-26,17,0,0,OAK,KC,24,31,OAK,Oakland Raiders,Kansas City Chiefs
1998,1998-12-27,17,0,0,NYJ,NE,31,10,NYJ,New York Jets,New England Patriots
1998,1998-12-27,17,0,0,NO,BUF,33,45,NO,New Orleans Saints,Buffalo Bills
1998,1998-12-27,17,0,0,DEN,SEA,28,21,DEN,Denver Broncos,Seattle Seahawks
1998,1998-12-27,17,0,0,IND,CAR,19,27,IND,Indianapolis Colts,Carolina Panthers
1998,1998-12-27,17,0,0,CIN,TB,0,35,CIN,Cincinnati Bengals,Tampa Bay Buccaneers
1998,1998-12-27,17,0,0,CHI,GB,13,16,CHI,Chicago Bears,Green Bay Packers
1998,1998-12-27,17,0,0,ATL,MIA,38,16,ATL,Atlanta Falcons,Miami Dolphins
1998,1998-12-27,17,0,0,ARI,LAC,16,13,ARI,Arizona Cardinals,San Diego Chargers
1998,1998-12-27,17,0,0,BAL,DET,19,10,BAL,Baltimore Ravens,Detroit Lions
1998,1998-12-27,17,0,0,PHI,NYG,10,20,PHI,Philadelphia Eagles,New York Giants
1998,1998-12-27,17,0,0,SF,LAR,38,19,SF,San Francisco 49ers,St. Louis Rams
1998,1998-12-27,17,0,0,DAL,WSH,23,7,DAL,Dallas Cowboys,Washington Redskins
1998,1998-12-28,17,0,0,JAX,PIT,21,3,JAX,Jacksonville Jaguars,Pittsburgh Steelers
1998,1999-01-02,Wildcard,1,0,DAL,ARI,7,20,DAL,Dallas Cowboys,Arizona Cardinals
1998,1999-01-02,Wildcard,1,0,MIA,BUF,24,17,MIA,Miami Dolphins,Buffalo Bills
1998,1999-01-03,Wildcard,1,0,SF,GB,30,27,SF,San Francisco 49ers,Green Bay Packers
1998,1999-01-03,Wildcard,1,0,JAX,NE,25,10,JAX,Jacksonville Jaguars,New England Patriots
1998,1999-01-09,Division,1,0,DEN,MIA,38,3,DEN,Denver Broncos,Miami Dolphins
1998,1999-01-09,Division,1,0,ATL,SF,20,18,ATL,Atlanta Falcons,San Francisco 49ers
1998,1999-01-10,Division,1,0,MIN,ARI,41,21,MIN,Minnesota Vikings,Arizona Cardinals
1998,1999-01-10,Division,1,0,NYJ,JAX,34,24,NYJ,New York Jets,Jacksonville Jaguars
1998,1999-01-17,Conference,1,0,DEN,NYJ,23,10,DEN,Denver Broncos,New York Jets
1998,1999-01-17,Conference,1,0,MIN,ATL,27,30,MIN,Minnesota Vikings,Atlanta Falcons
1998,1999-01-31,Superbowl,1,1,DEN,ATL,34,19,DEN,Denver Broncos,Atlanta Falcons
